
--- 2026-06-17 14:23:40,771 ---
L\u1ed7i \u1edf \u0111\u01b0\u1eddng d\u1eabn: /
Traceback (most recent call last):
  File "C:\Users\Administrator\AppData\Local\Programs\Python\Python313\Lib\site-packages\flask\app.py", line 917, in full_dispatch_request
    rv = self.dispatch_request()
  File "C:\Users\Administrator\AppData\Local\Programs\Python\Python313\Lib\site-packages\flask\app.py", line 891, in dispatch_request
    self.raise_routing_exception(req)
    ~~~~~~~~~~~~~~~~~~~~~~~~~~~~^^^^^
  File "C:\Users\Administrator\AppData\Local\Programs\Python\Python313\Lib\site-packages\flask\app.py", line 500, in raise_routing_exception
    raise request.routing_exception  # type: ignore[misc]
    ^^^^^^^^^^^^^^^^^^^^^^^^^^^^^^^
  File "C:\Users\Administrator\AppData\Local\Programs\Python\Python313\Lib\site-packages\flask\ctx.py", line 362, in match_request
    result = self.url_adapter.match(return_rule=True)  # type: ignore
  File "C:\Users\Administrator\AppData\Local\Programs\Python\Python313\Lib\site-packages\werkzeug\routing\map.py", line 629, in match
    raise NotFound() from None
werkzeug.exceptions.NotFound: 404 Not Found: The requested URL was not found on the server. If you entered the URL manually please check your spelling and try again.

During handling of the above exception, another exception occurred:

Traceback (most recent call last):
  File "C:\Users\Administrator\AppData\Local\Programs\Python\Python313\Lib\site-packages\flask\app.py", line 1511, in wsgi_app
    response = self.full_dispatch_request()
  File "C:\Users\Administrator\AppData\Local\Programs\Python\Python313\Lib\site-packages\flask\app.py", line 919, in full_dispatch_request
    rv = self.handle_user_exception(e)
  File "C:\Users\Administrator\AppData\Local\Programs\Python\Python313\Lib\site-packages\flask\app.py", line 802, in handle_user_exception
    return self.handle_http_exception(e)
           ~~~~~~~~~~~~~~~~~~~~~~~~~~^^^
  File "C:\Users\Administrator\AppData\Local\Programs\Python\Python313\Lib\site-packages\flask\app.py", line 777, in handle_http_exception
    return self.ensure_sync(handler)(e)  # type: ignore[no-any-return]
           ~~~~~~~~~~~~~~~~~~~~~~~~~^^^
  File "D:\web_sell\app\routes.py", line 243, in not_found_error
    return redirect(url_for('home'))
                    ~~~~~~~^^^^^^^^
  File "C:\Users\Administrator\AppData\Local\Programs\Python\Python313\Lib\site-packages\flask\helpers.py", line 239, in url_for
    return current_app.url_for(
           ~~~~~~~~~~~~~~~~~~~^
        endpoint,
        ^^^^^^^^^
    ...<4 lines>...
        **values,
        ^^^^^^^^^
    )
    ^
  File "C:\Users\Administrator\AppData\Local\Programs\Python\Python313\Lib\site-packages\flask\app.py", line 1121, in url_for
    return self.handle_url_build_error(error, endpoint, values)
           ~~~~~~~~~~~~~~~~~~~~~~~~~~~^^^^^^^^^^^^^^^^^^^^^^^^^
  File "C:\Users\Administrator\AppData\Local\Programs\Python\Python313\Lib\site-packages\flask\app.py", line 1110, in url_for
    rv = url_adapter.build(  # type: ignore[union-attr]
        endpoint,
    ...<3 lines>...
        force_external=_external,
    )
  File "C:\Users\Administrator\AppData\Local\Programs\Python\Python313\Lib\site-packages\werkzeug\routing\map.py", line 901, in build
    raise BuildError(endpoint, values, method, self)
werkzeug.routing.exceptions.BuildError: Could not build url for endpoint 'home'. Did you mean 'checkout' instead?


--- 2026-06-17 14:23:40,772 ---
127.0.0.1 - - [17/Jun/2026 14:23:40] "[35m[1mGET /?page=1 HTTP/1.1[0m" 500 -

--- 2026-06-17 14:23:40,814 ---
Error on request:
Traceback (most recent call last):
  File "C:\Users\Administrator\AppData\Local\Programs\Python\Python313\Lib\site-packages\flask\app.py", line 917, in full_dispatch_request
    rv = self.dispatch_request()
  File "C:\Users\Administrator\AppData\Local\Programs\Python\Python313\Lib\site-packages\flask\app.py", line 891, in dispatch_request
    self.raise_routing_exception(req)
    ~~~~~~~~~~~~~~~~~~~~~~~~~~~~^^^^^
  File "C:\Users\Administrator\AppData\Local\Programs\Python\Python313\Lib\site-packages\flask\app.py", line 500, in raise_routing_exception
    raise request.routing_exception  # type: ignore[misc]
    ^^^^^^^^^^^^^^^^^^^^^^^^^^^^^^^
  File "C:\Users\Administrator\AppData\Local\Programs\Python\Python313\Lib\site-packages\flask\ctx.py", line 362, in match_request
    result = self.url_adapter.match(return_rule=True)  # type: ignore
  File "C:\Users\Administrator\AppData\Local\Programs\Python\Python313\Lib\site-packages\werkzeug\routing\map.py", line 629, in match
    raise NotFound() from None
werkzeug.exceptions.NotFound: 404 Not Found: The requested URL was not found on the server. If you entered the URL manually please check your spelling and try again.

During handling of the above exception, another exception occurred:

Traceback (most recent call last):
  File "C:\Users\Administrator\AppData\Local\Programs\Python\Python313\Lib\site-packages\flask\app.py", line 1511, in wsgi_app
    response = self.full_dispatch_request()
  File "C:\Users\Administrator\AppData\Local\Programs\Python\Python313\Lib\site-packages\flask\app.py", line 919, in full_dispatch_request
    rv = self.handle_user_exception(e)
  File "C:\Users\Administrator\AppData\Local\Programs\Python\Python313\Lib\site-packages\flask\app.py", line 802, in handle_user_exception
    return self.handle_http_exception(e)
           ~~~~~~~~~~~~~~~~~~~~~~~~~~^^^
  File "C:\Users\Administrator\AppData\Local\Programs\Python\Python313\Lib\site-packages\flask\app.py", line 777, in handle_http_exception
    return self.ensure_sync(handler)(e)  # type: ignore[no-any-return]
           ~~~~~~~~~~~~~~~~~~~~~~~~~^^^
  File "D:\web_sell\app\routes.py", line 243, in not_found_error
    return redirect(url_for('home'))
                    ~~~~~~~^^^^^^^^
  File "C:\Users\Administrator\AppData\Local\Programs\Python\Python313\Lib\site-packages\flask\helpers.py", line 239, in url_for
    return current_app.url_for(
    
  File "C:\Users\Administrator\AppData\Local\Programs\Python\Python313\Lib\site-packages\flask\app.py", line 1121, in url_for
    return self.handle_url_build_error(error, endpoint, values)
           ~~~~~~~~~~~~~~~~~~~~~~~~~~~^^^^^^^^^^^^^^^^^^^^^^^^^
  File "C:\Users\Administrator\AppData\Local\Programs\Python\Python313\Lib\site-packages\flask\app.py", line 1110, in url_for
    rv = url_adapter.build(  # type: ignore[union-attr]
    
  File "C:\Users\Administrator\AppData\Local\Programs\Python\Python313\Lib\site-packages\werkzeug\routing\map.py", line 901, in build
    raise BuildError(endpoint, values, method, self)
werkzeug.routing.exceptions.BuildError: Could not build url for endpoint 'home'. Did you mean 'checkout' instead?

During handling of the above exception, another exception occurred:

Traceback (most recent call last):
  File "C:\Users\Administrator\AppData\Local\Programs\Python\Python313\Lib\site-packages\werkzeug\serving.py", line 371, in run_wsgi
    execute(self.server.app)
    ~~~~~~~^^^^^^^^^^^^^^^^^
  File "C:\Users\Administrator\AppData\Local\Programs\Python\Python313\Lib\site-packages\werkzeug\serving.py", line 332, in execute
    application_iter = app(environ, start_response)
  File "C:\Users\Administrator\AppData\Local\Programs\Python\Python313\Lib\site-packages\flask\app.py", line 1536, in __call__
    return self.wsgi_app(environ, start_response)
           ~~~~~~~~~~~~~^^^^^^^^^^^^^^^^^^^^^^^^^
  File "C:\Users\Administrator\AppData\Local\Programs\Python\Python313\Lib\site-packages\flask\app.py", line 1514, in wsgi_app
    response = self.handle_exception(e)
  File "C:\Users\Administrator\AppData\Local\Programs\Python\Python313\Lib\site-packages\flask\app.py", line 860, in handle_exception
    server_error = self.ensure_sync(handler)(server_error)
  File "D:\web_sell\app\routes.py", line 269, in internal_error
    return redirect(url_for('home'))
                    ~~~~~~~^^^^^^^^
  File "C:\Users\Administrator\AppData\Local\Programs\Python\Python313\Lib\site-packages\flask\helpers.py", line 239, in url_for
    return current_app.url_for(
    
  File "C:\Users\Administrator\AppData\Local\Programs\Python\Python313\Lib\site-packages\flask\app.py", line 1121, in url_for
    return self.handle_url_build_error(error, endpoint, values)
           ~~~~~~~~~~~~~~~~~~~~~~~~~~~^^^^^^^^^^^^^^^^^^^^^^^^^
  File "C:\Users\Administrator\AppData\Local\Programs\Python\Python313\Lib\site-packages\flask\app.py", line 1110, in url_for
    rv = url_adapter.build(  # type: ignore[union-attr]
    
  File "C:\Users\Administrator\AppData\Local\Programs\Python\Python313\Lib\site-packages\werkzeug\routing\map.py", line 901, in build
    raise BuildError(endpoint, values, method, self)
werkzeug.routing.exceptions.BuildError: Could not build url for endpoint 'home'. Did you mean 'checkout' instead?

--- 2026-06-17 14:23:48,814 ---
Exception on / [GET]
Traceback (most recent call last):
  File "C:\Users\Administrator\AppData\Local\Programs\Python\Python313\Lib\site-packages\flask\app.py", line 917, in full_dispatch_request
    rv = self.dispatch_request()
  File "C:\Users\Administrator\AppData\Local\Programs\Python\Python313\Lib\site-packages\flask\app.py", line 891, in dispatch_request
    self.raise_routing_exception(req)
    ~~~~~~~~~~~~~~~~~~~~~~~~~~~~^^^^^
  File "C:\Users\Administrator\AppData\Local\Programs\Python\Python313\Lib\site-packages\flask\app.py", line 500, in raise_routing_exception
    raise request.routing_exception  # type: ignore[misc]
    ^^^^^^^^^^^^^^^^^^^^^^^^^^^^^^^
  File "C:\Users\Administrator\AppData\Local\Programs\Python\Python313\Lib\site-packages\flask\ctx.py", line 362, in match_request
    result = self.url_adapter.match(return_rule=True)  # type: ignore
  File "C:\Users\Administrator\AppData\Local\Programs\Python\Python313\Lib\site-packages\werkzeug\routing\map.py", line 629, in match
    raise NotFound() from None
werkzeug.exceptions.NotFound: 404 Not Found: The requested URL was not found on the server. If you entered the URL manually please check your spelling and try again.

During handling of the above exception, another exception occurred:

Traceback (most recent call last):
  File "C:\Users\Administrator\AppData\Local\Programs\Python\Python313\Lib\site-packages\flask\app.py", line 1511, in wsgi_app
    response = self.full_dispatch_request()
  File "C:\Users\Administrator\AppData\Local\Programs\Python\Python313\Lib\site-packages\flask\app.py", line 919, in full_dispatch_request
    rv = self.handle_user_exception(e)
  File "C:\Users\Administrator\AppData\Local\Programs\Python\Python313\Lib\site-packages\flask\app.py", line 802, in handle_user_exception
    return self.handle_http_exception(e)
           ~~~~~~~~~~~~~~~~~~~~~~~~~~^^^
  File "C:\Users\Administrator\AppData\Local\Programs\Python\Python313\Lib\site-packages\flask\app.py", line 777, in handle_http_exception
    return self.ensure_sync(handler)(e)  # type: ignore[no-any-return]
           ~~~~~~~~~~~~~~~~~~~~~~~~~^^^
  File "D:\web_sell\app\routes.py", line 243, in not_found_error
    return redirect(url_for('home'))
                    ~~~~~~~^^^^^^^^
  File "C:\Users\Administrator\AppData\Local\Programs\Python\Python313\Lib\site-packages\flask\helpers.py", line 239, in url_for
    return current_app.url_for(
           ~~~~~~~~~~~~~~~~~~~^
        endpoint,
        ^^^^^^^^^
    ...<4 lines>...
        **values,
        ^^^^^^^^^
    )
    ^
  File "C:\Users\Administrator\AppData\Local\Programs\Python\Python313\Lib\site-packages\flask\app.py", line 1121, in url_for
    return self.handle_url_build_error(error, endpoint, values)
           ~~~~~~~~~~~~~~~~~~~~~~~~~~~^^^^^^^^^^^^^^^^^^^^^^^^^
  File "C:\Users\Administrator\AppData\Local\Programs\Python\Python313\Lib\site-packages\flask\app.py", line 1110, in url_for
    rv = url_adapter.build(  # type: ignore[union-attr]
        endpoint,
    ...<3 lines>...
        force_external=_external,
    )
  File "C:\Users\Administrator\AppData\Local\Programs\Python\Python313\Lib\site-packages\werkzeug\routing\map.py", line 901, in build
    raise BuildError(endpoint, values, method, self)
werkzeug.routing.exceptions.BuildError: Could not build url for endpoint 'home'. Did you mean 'checkout' instead?

--- 2026-06-17 14:23:48,822 ---
L\u1ed7i \u1edf \u0111\u01b0\u1eddng d\u1eabn: /
Traceback (most recent call last):
  File "C:\Users\Administrator\AppData\Local\Programs\Python\Python313\Lib\site-packages\flask\app.py", line 917, in full_dispatch_request
    rv = self.dispatch_request()
  File "C:\Users\Administrator\AppData\Local\Programs\Python\Python313\Lib\site-packages\flask\app.py", line 891, in dispatch_request
    self.raise_routing_exception(req)
    ~~~~~~~~~~~~~~~~~~~~~~~~~~~~^^^^^
  File "C:\Users\Administrator\AppData\Local\Programs\Python\Python313\Lib\site-packages\flask\app.py", line 500, in raise_routing_exception
    raise request.routing_exception  # type: ignore[misc]
    ^^^^^^^^^^^^^^^^^^^^^^^^^^^^^^^
  File "C:\Users\Administrator\AppData\Local\Programs\Python\Python313\Lib\site-packages\flask\ctx.py", line 362, in match_request
    result = self.url_adapter.match(return_rule=True)  # type: ignore
  File "C:\Users\Administrator\AppData\Local\Programs\Python\Python313\Lib\site-packages\werkzeug\routing\map.py", line 629, in match
    raise NotFound() from None
werkzeug.exceptions.NotFound: 404 Not Found: The requested URL was not found on the server. If you entered the URL manually please check your spelling and try again.

During handling of the above exception, another exception occurred:

Traceback (most recent call last):
  File "C:\Users\Administrator\AppData\Local\Programs\Python\Python313\Lib\site-packages\flask\app.py", line 1511, in wsgi_app
    response = self.full_dispatch_request()
  File "C:\Users\Administrator\AppData\Local\Programs\Python\Python313\Lib\site-packages\flask\app.py", line 919, in full_dispatch_request
    rv = self.handle_user_exception(e)
  File "C:\Users\Administrator\AppData\Local\Programs\Python\Python313\Lib\site-packages\flask\app.py", line 802, in handle_user_exception
    return self.handle_http_exception(e)
           ~~~~~~~~~~~~~~~~~~~~~~~~~~^^^
  File "C:\Users\Administrator\AppData\Local\Programs\Python\Python313\Lib\site-packages\flask\app.py", line 777, in handle_http_exception
    return self.ensure_sync(handler)(e)  # type: ignore[no-any-return]
           ~~~~~~~~~~~~~~~~~~~~~~~~~^^^
  File "D:\web_sell\app\routes.py", line 243, in not_found_error
    return redirect(url_for('home'))
                    ~~~~~~~^^^^^^^^
  File "C:\Users\Administrator\AppData\Local\Programs\Python\Python313\Lib\site-packages\flask\helpers.py", line 239, in url_for
    return current_app.url_for(
           ~~~~~~~~~~~~~~~~~~~^
        endpoint,
        ^^^^^^^^^
    ...<4 lines>...
        **values,
        ^^^^^^^^^
    )
    ^
  File "C:\Users\Administrator\AppData\Local\Programs\Python\Python313\Lib\site-packages\flask\app.py", line 1121, in url_for
    return self.handle_url_build_error(error, endpoint, values)
           ~~~~~~~~~~~~~~~~~~~~~~~~~~~^^^^^^^^^^^^^^^^^^^^^^^^^
  File "C:\Users\Administrator\AppData\Local\Programs\Python\Python313\Lib\site-packages\flask\app.py", line 1110, in url_for
    rv = url_adapter.build(  # type: ignore[union-attr]
        endpoint,
    ...<3 lines>...
        force_external=_external,
    )
  File "C:\Users\Administrator\AppData\Local\Programs\Python\Python313\Lib\site-packages\werkzeug\routing\map.py", line 901, in build
    raise BuildError(endpoint, values, method, self)
werkzeug.routing.exceptions.BuildError: Could not build url for endpoint 'home'. Did you mean 'checkout' instead?


--- 2026-06-17 14:23:48,822 ---
127.0.0.1 - - [17/Jun/2026 14:23:48] "[35m[1mGET /?page=1 HTTP/1.1[0m" 500 -

--- 2026-06-17 14:23:48,834 ---
Error on request:
Traceback (most recent call last):
  File "C:\Users\Administrator\AppData\Local\Programs\Python\Python313\Lib\site-packages\flask\app.py", line 917, in full_dispatch_request
    rv = self.dispatch_request()
  File "C:\Users\Administrator\AppData\Local\Programs\Python\Python313\Lib\site-packages\flask\app.py", line 891, in dispatch_request
    self.raise_routing_exception(req)
    ~~~~~~~~~~~~~~~~~~~~~~~~~~~~^^^^^
  File "C:\Users\Administrator\AppData\Local\Programs\Python\Python313\Lib\site-packages\flask\app.py", line 500, in raise_routing_exception
    raise request.routing_exception  # type: ignore[misc]
    ^^^^^^^^^^^^^^^^^^^^^^^^^^^^^^^
  File "C:\Users\Administrator\AppData\Local\Programs\Python\Python313\Lib\site-packages\flask\ctx.py", line 362, in match_request
    result = self.url_adapter.match(return_rule=True)  # type: ignore
  File "C:\Users\Administrator\AppData\Local\Programs\Python\Python313\Lib\site-packages\werkzeug\routing\map.py", line 629, in match
    raise NotFound() from None
werkzeug.exceptions.NotFound: 404 Not Found: The requested URL was not found on the server. If you entered the URL manually please check your spelling and try again.

During handling of the above exception, another exception occurred:

Traceback (most recent call last):
  File "C:\Users\Administrator\AppData\Local\Programs\Python\Python313\Lib\site-packages\flask\app.py", line 1511, in wsgi_app
    response = self.full_dispatch_request()
  File "C:\Users\Administrator\AppData\Local\Programs\Python\Python313\Lib\site-packages\flask\app.py", line 919, in full_dispatch_request
    rv = self.handle_user_exception(e)
  File "C:\Users\Administrator\AppData\Local\Programs\Python\Python313\Lib\site-packages\flask\app.py", line 802, in handle_user_exception
    return self.handle_http_exception(e)
           ~~~~~~~~~~~~~~~~~~~~~~~~~~^^^
  File "C:\Users\Administrator\AppData\Local\Programs\Python\Python313\Lib\site-packages\flask\app.py", line 777, in handle_http_exception
    return self.ensure_sync(handler)(e)  # type: ignore[no-any-return]
           ~~~~~~~~~~~~~~~~~~~~~~~~~^^^
  File "D:\web_sell\app\routes.py", line 243, in not_found_error
    return redirect(url_for('home'))
                    ~~~~~~~^^^^^^^^
  File "C:\Users\Administrator\AppData\Local\Programs\Python\Python313\Lib\site-packages\flask\helpers.py", line 239, in url_for
    return current_app.url_for(
    
  File "C:\Users\Administrator\AppData\Local\Programs\Python\Python313\Lib\site-packages\flask\app.py", line 1121, in url_for
    return self.handle_url_build_error(error, endpoint, values)
           ~~~~~~~~~~~~~~~~~~~~~~~~~~~^^^^^^^^^^^^^^^^^^^^^^^^^
  File "C:\Users\Administrator\AppData\Local\Programs\Python\Python313\Lib\site-packages\flask\app.py", line 1110, in url_for
    rv = url_adapter.build(  # type: ignore[union-attr]
    
  File "C:\Users\Administrator\AppData\Local\Programs\Python\Python313\Lib\site-packages\werkzeug\routing\map.py", line 901, in build
    raise BuildError(endpoint, values, method, self)
werkzeug.routing.exceptions.BuildError: Could not build url for endpoint 'home'. Did you mean 'checkout' instead?

During handling of the above exception, another exception occurred:

Traceback (most recent call last):
  File "C:\Users\Administrator\AppData\Local\Programs\Python\Python313\Lib\site-packages\werkzeug\serving.py", line 371, in run_wsgi
    execute(self.server.app)
    ~~~~~~~^^^^^^^^^^^^^^^^^
  File "C:\Users\Administrator\AppData\Local\Programs\Python\Python313\Lib\site-packages\werkzeug\serving.py", line 332, in execute
    application_iter = app(environ, start_response)
  File "C:\Users\Administrator\AppData\Local\Programs\Python\Python313\Lib\site-packages\flask\app.py", line 1536, in __call__
    return self.wsgi_app(environ, start_response)
           ~~~~~~~~~~~~~^^^^^^^^^^^^^^^^^^^^^^^^^
  File "C:\Users\Administrator\AppData\Local\Programs\Python\Python313\Lib\site-packages\flask\app.py", line 1514, in wsgi_app
    response = self.handle_exception(e)
  File "C:\Users\Administrator\AppData\Local\Programs\Python\Python313\Lib\site-packages\flask\app.py", line 860, in handle_exception
    server_error = self.ensure_sync(handler)(server_error)
  File "D:\web_sell\app\routes.py", line 269, in internal_error
    return redirect(url_for('home'))
                    ~~~~~~~^^^^^^^^
  File "C:\Users\Administrator\AppData\Local\Programs\Python\Python313\Lib\site-packages\flask\helpers.py", line 239, in url_for
    return current_app.url_for(
    
  File "C:\Users\Administrator\AppData\Local\Programs\Python\Python313\Lib\site-packages\flask\app.py", line 1121, in url_for
    return self.handle_url_build_error(error, endpoint, values)
           ~~~~~~~~~~~~~~~~~~~~~~~~~~~^^^^^^^^^^^^^^^^^^^^^^^^^
  File "C:\Users\Administrator\AppData\Local\Programs\Python\Python313\Lib\site-packages\flask\app.py", line 1110, in url_for
    rv = url_adapter.build(  # type: ignore[union-attr]
    
  File "C:\Users\Administrator\AppData\Local\Programs\Python\Python313\Lib\site-packages\werkzeug\routing\map.py", line 901, in build
    raise BuildError(endpoint, values, method, self)
werkzeug.routing.exceptions.BuildError: Could not build url for endpoint 'home'. Did you mean 'checkout' instead?

--- 2026-06-17 14:23:49,403 ---
Exception on / [GET]
Traceback (most recent call last):
  File "C:\Users\Administrator\AppData\Local\Programs\Python\Python313\Lib\site-packages\flask\app.py", line 917, in full_dispatch_request
    rv = self.dispatch_request()
  File "C:\Users\Administrator\AppData\Local\Programs\Python\Python313\Lib\site-packages\flask\app.py", line 891, in dispatch_request
    self.raise_routing_exception(req)
    ~~~~~~~~~~~~~~~~~~~~~~~~~~~~^^^^^
  File "C:\Users\Administrator\AppData\Local\Programs\Python\Python313\Lib\site-packages\flask\app.py", line 500, in raise_routing_exception
    raise request.routing_exception  # type: ignore[misc]
    ^^^^^^^^^^^^^^^^^^^^^^^^^^^^^^^
  File "C:\Users\Administrator\AppData\Local\Programs\Python\Python313\Lib\site-packages\flask\ctx.py", line 362, in match_request
    result = self.url_adapter.match(return_rule=True)  # type: ignore
  File "C:\Users\Administrator\AppData\Local\Programs\Python\Python313\Lib\site-packages\werkzeug\routing\map.py", line 629, in match
    raise NotFound() from None
werkzeug.exceptions.NotFound: 404 Not Found: The requested URL was not found on the server. If you entered the URL manually please check your spelling and try again.

During handling of the above exception, another exception occurred:

Traceback (most recent call last):
  File "C:\Users\Administrator\AppData\Local\Programs\Python\Python313\Lib\site-packages\flask\app.py", line 1511, in wsgi_app
    response = self.full_dispatch_request()
  File "C:\Users\Administrator\AppData\Local\Programs\Python\Python313\Lib\site-packages\flask\app.py", line 919, in full_dispatch_request
    rv = self.handle_user_exception(e)
  File "C:\Users\Administrator\AppData\Local\Programs\Python\Python313\Lib\site-packages\flask\app.py", line 802, in handle_user_exception
    return self.handle_http_exception(e)
           ~~~~~~~~~~~~~~~~~~~~~~~~~~^^^
  File "C:\Users\Administrator\AppData\Local\Programs\Python\Python313\Lib\site-packages\flask\app.py", line 777, in handle_http_exception
    return self.ensure_sync(handler)(e)  # type: ignore[no-any-return]
           ~~~~~~~~~~~~~~~~~~~~~~~~~^^^
  File "D:\web_sell\app\routes.py", line 243, in not_found_error
    return redirect(url_for('home'))
                    ~~~~~~~^^^^^^^^
  File "C:\Users\Administrator\AppData\Local\Programs\Python\Python313\Lib\site-packages\flask\helpers.py", line 239, in url_for
    return current_app.url_for(
           ~~~~~~~~~~~~~~~~~~~^
        endpoint,
        ^^^^^^^^^
    ...<4 lines>...
        **values,
        ^^^^^^^^^
    )
    ^
  File "C:\Users\Administrator\AppData\Local\Programs\Python\Python313\Lib\site-packages\flask\app.py", line 1121, in url_for
    return self.handle_url_build_error(error, endpoint, values)
           ~~~~~~~~~~~~~~~~~~~~~~~~~~~^^^^^^^^^^^^^^^^^^^^^^^^^
  File "C:\Users\Administrator\AppData\Local\Programs\Python\Python313\Lib\site-packages\flask\app.py", line 1110, in url_for
    rv = url_adapter.build(  # type: ignore[union-attr]
        endpoint,
    ...<3 lines>...
        force_external=_external,
    )
  File "C:\Users\Administrator\AppData\Local\Programs\Python\Python313\Lib\site-packages\werkzeug\routing\map.py", line 901, in build
    raise BuildError(endpoint, values, method, self)
werkzeug.routing.exceptions.BuildError: Could not build url for endpoint 'home'. Did you mean 'checkout' instead?

--- 2026-06-17 14:23:49,409 ---
L\u1ed7i \u1edf \u0111\u01b0\u1eddng d\u1eabn: /
Traceback (most recent call last):
  File "C:\Users\Administrator\AppData\Local\Programs\Python\Python313\Lib\site-packages\flask\app.py", line 917, in full_dispatch_request
    rv = self.dispatch_request()
  File "C:\Users\Administrator\AppData\Local\Programs\Python\Python313\Lib\site-packages\flask\app.py", line 891, in dispatch_request
    self.raise_routing_exception(req)
    ~~~~~~~~~~~~~~~~~~~~~~~~~~~~^^^^^
  File "C:\Users\Administrator\AppData\Local\Programs\Python\Python313\Lib\site-packages\flask\app.py", line 500, in raise_routing_exception
    raise request.routing_exception  # type: ignore[misc]
    ^^^^^^^^^^^^^^^^^^^^^^^^^^^^^^^
  File "C:\Users\Administrator\AppData\Local\Programs\Python\Python313\Lib\site-packages\flask\ctx.py", line 362, in match_request
    result = self.url_adapter.match(return_rule=True)  # type: ignore
  File "C:\Users\Administrator\AppData\Local\Programs\Python\Python313\Lib\site-packages\werkzeug\routing\map.py", line 629, in match
    raise NotFound() from None
werkzeug.exceptions.NotFound: 404 Not Found: The requested URL was not found on the server. If you entered the URL manually please check your spelling and try again.

During handling of the above exception, another exception occurred:

Traceback (most recent call last):
  File "C:\Users\Administrator\AppData\Local\Programs\Python\Python313\Lib\site-packages\flask\app.py", line 1511, in wsgi_app
    response = self.full_dispatch_request()
  File "C:\Users\Administrator\AppData\Local\Programs\Python\Python313\Lib\site-packages\flask\app.py", line 919, in full_dispatch_request
    rv = self.handle_user_exception(e)
  File "C:\Users\Administrator\AppData\Local\Programs\Python\Python313\Lib\site-packages\flask\app.py", line 802, in handle_user_exception
    return self.handle_http_exception(e)
           ~~~~~~~~~~~~~~~~~~~~~~~~~~^^^
  File "C:\Users\Administrator\AppData\Local\Programs\Python\Python313\Lib\site-packages\flask\app.py", line 777, in handle_http_exception
    return self.ensure_sync(handler)(e)  # type: ignore[no-any-return]
           ~~~~~~~~~~~~~~~~~~~~~~~~~^^^
  File "D:\web_sell\app\routes.py", line 243, in not_found_error
    return redirect(url_for('home'))
                    ~~~~~~~^^^^^^^^
  File "C:\Users\Administrator\AppData\Local\Programs\Python\Python313\Lib\site-packages\flask\helpers.py", line 239, in url_for
    return current_app.url_for(
           ~~~~~~~~~~~~~~~~~~~^
        endpoint,
        ^^^^^^^^^
    ...<4 lines>...
        **values,
        ^^^^^^^^^
    )
    ^
  File "C:\Users\Administrator\AppData\Local\Programs\Python\Python313\Lib\site-packages\flask\app.py", line 1121, in url_for
    return self.handle_url_build_error(error, endpoint, values)
           ~~~~~~~~~~~~~~~~~~~~~~~~~~~^^^^^^^^^^^^^^^^^^^^^^^^^
  File "C:\Users\Administrator\AppData\Local\Programs\Python\Python313\Lib\site-packages\flask\app.py", line 1110, in url_for
    rv = url_adapter.build(  # type: ignore[union-attr]
        endpoint,
    ...<3 lines>...
        force_external=_external,
    )
  File "C:\Users\Administrator\AppData\Local\Programs\Python\Python313\Lib\site-packages\werkzeug\routing\map.py", line 901, in build
    raise BuildError(endpoint, values, method, self)
werkzeug.routing.exceptions.BuildError: Could not build url for endpoint 'home'. Did you mean 'checkout' instead?


--- 2026-06-17 14:23:49,409 ---
127.0.0.1 - - [17/Jun/2026 14:23:49] "[35m[1mGET /?page=1 HTTP/1.1[0m" 500 -

--- 2026-06-17 14:23:49,421 ---
Error on request:
Traceback (most recent call last):
  File "C:\Users\Administrator\AppData\Local\Programs\Python\Python313\Lib\site-packages\flask\app.py", line 917, in full_dispatch_request
    rv = self.dispatch_request()
  File "C:\Users\Administrator\AppData\Local\Programs\Python\Python313\Lib\site-packages\flask\app.py", line 891, in dispatch_request
    self.raise_routing_exception(req)
    ~~~~~~~~~~~~~~~~~~~~~~~~~~~~^^^^^
  File "C:\Users\Administrator\AppData\Local\Programs\Python\Python313\Lib\site-packages\flask\app.py", line 500, in raise_routing_exception
    raise request.routing_exception  # type: ignore[misc]
    ^^^^^^^^^^^^^^^^^^^^^^^^^^^^^^^
  File "C:\Users\Administrator\AppData\Local\Programs\Python\Python313\Lib\site-packages\flask\ctx.py", line 362, in match_request
    result = self.url_adapter.match(return_rule=True)  # type: ignore
  File "C:\Users\Administrator\AppData\Local\Programs\Python\Python313\Lib\site-packages\werkzeug\routing\map.py", line 629, in match
    raise NotFound() from None
werkzeug.exceptions.NotFound: 404 Not Found: The requested URL was not found on the server. If you entered the URL manually please check your spelling and try again.

During handling of the above exception, another exception occurred:

Traceback (most recent call last):
  File "C:\Users\Administrator\AppData\Local\Programs\Python\Python313\Lib\site-packages\flask\app.py", line 1511, in wsgi_app
    response = self.full_dispatch_request()
  File "C:\Users\Administrator\AppData\Local\Programs\Python\Python313\Lib\site-packages\flask\app.py", line 919, in full_dispatch_request
    rv = self.handle_user_exception(e)
  File "C:\Users\Administrator\AppData\Local\Programs\Python\Python313\Lib\site-packages\flask\app.py", line 802, in handle_user_exception
    return self.handle_http_exception(e)
           ~~~~~~~~~~~~~~~~~~~~~~~~~~^^^
  File "C:\Users\Administrator\AppData\Local\Programs\Python\Python313\Lib\site-packages\flask\app.py", line 777, in handle_http_exception
    return self.ensure_sync(handler)(e)  # type: ignore[no-any-return]
           ~~~~~~~~~~~~~~~~~~~~~~~~~^^^
  File "D:\web_sell\app\routes.py", line 243, in not_found_error
    return redirect(url_for('home'))
                    ~~~~~~~^^^^^^^^
  File "C:\Users\Administrator\AppData\Local\Programs\Python\Python313\Lib\site-packages\flask\helpers.py", line 239, in url_for
    return current_app.url_for(
    
  File "C:\Users\Administrator\AppData\Local\Programs\Python\Python313\Lib\site-packages\flask\app.py", line 1121, in url_for
    return self.handle_url_build_error(error, endpoint, values)
           ~~~~~~~~~~~~~~~~~~~~~~~~~~~^^^^^^^^^^^^^^^^^^^^^^^^^
  File "C:\Users\Administrator\AppData\Local\Programs\Python\Python313\Lib\site-packages\flask\app.py", line 1110, in url_for
    rv = url_adapter.build(  # type: ignore[union-attr]
    
  File "C:\Users\Administrator\AppData\Local\Programs\Python\Python313\Lib\site-packages\werkzeug\routing\map.py", line 901, in build
    raise BuildError(endpoint, values, method, self)
werkzeug.routing.exceptions.BuildError: Could not build url for endpoint 'home'. Did you mean 'checkout' instead?

During handling of the above exception, another exception occurred:

Traceback (most recent call last):
  File "C:\Users\Administrator\AppData\Local\Programs\Python\Python313\Lib\site-packages\werkzeug\serving.py", line 371, in run_wsgi
    execute(self.server.app)
    ~~~~~~~^^^^^^^^^^^^^^^^^
  File "C:\Users\Administrator\AppData\Local\Programs\Python\Python313\Lib\site-packages\werkzeug\serving.py", line 332, in execute
    application_iter = app(environ, start_response)
  File "C:\Users\Administrator\AppData\Local\Programs\Python\Python313\Lib\site-packages\flask\app.py", line 1536, in __call__
    return self.wsgi_app(environ, start_response)
           ~~~~~~~~~~~~~^^^^^^^^^^^^^^^^^^^^^^^^^
  File "C:\Users\Administrator\AppData\Local\Programs\Python\Python313\Lib\site-packages\flask\app.py", line 1514, in wsgi_app
    response = self.handle_exception(e)
  File "C:\Users\Administrator\AppData\Local\Programs\Python\Python313\Lib\site-packages\flask\app.py", line 860, in handle_exception
    server_error = self.ensure_sync(handler)(server_error)
  File "D:\web_sell\app\routes.py", line 269, in internal_error
    return redirect(url_for('home'))
                    ~~~~~~~^^^^^^^^
  File "C:\Users\Administrator\AppData\Local\Programs\Python\Python313\Lib\site-packages\flask\helpers.py", line 239, in url_for
    return current_app.url_for(
    
  File "C:\Users\Administrator\AppData\Local\Programs\Python\Python313\Lib\site-packages\flask\app.py", line 1121, in url_for
    return self.handle_url_build_error(error, endpoint, values)
           ~~~~~~~~~~~~~~~~~~~~~~~~~~~^^^^^^^^^^^^^^^^^^^^^^^^^
  File "C:\Users\Administrator\AppData\Local\Programs\Python\Python313\Lib\site-packages\flask\app.py", line 1110, in url_for
    rv = url_adapter.build(  # type: ignore[union-attr]
    
  File "C:\Users\Administrator\AppData\Local\Programs\Python\Python313\Lib\site-packages\werkzeug\routing\map.py", line 901, in build
    raise BuildError(endpoint, values, method, self)
werkzeug.routing.exceptions.BuildError: Could not build url for endpoint 'home'. Did you mean 'checkout' instead?

--- 2026-06-17 14:23:53,655 ---
Exception on / [GET]
Traceback (most recent call last):
  File "C:\Users\Administrator\AppData\Local\Programs\Python\Python313\Lib\site-packages\flask\app.py", line 917, in full_dispatch_request
    rv = self.dispatch_request()
  File "C:\Users\Administrator\AppData\Local\Programs\Python\Python313\Lib\site-packages\flask\app.py", line 891, in dispatch_request
    self.raise_routing_exception(req)
    ~~~~~~~~~~~~~~~~~~~~~~~~~~~~^^^^^
  File "C:\Users\Administrator\AppData\Local\Programs\Python\Python313\Lib\site-packages\flask\app.py", line 500, in raise_routing_exception
    raise request.routing_exception  # type: ignore[misc]
    ^^^^^^^^^^^^^^^^^^^^^^^^^^^^^^^
  File "C:\Users\Administrator\AppData\Local\Programs\Python\Python313\Lib\site-packages\flask\ctx.py", line 362, in match_request
    result = self.url_adapter.match(return_rule=True)  # type: ignore
  File "C:\Users\Administrator\AppData\Local\Programs\Python\Python313\Lib\site-packages\werkzeug\routing\map.py", line 629, in match
    raise NotFound() from None
werkzeug.exceptions.NotFound: 404 Not Found: The requested URL was not found on the server. If you entered the URL manually please check your spelling and try again.

During handling of the above exception, another exception occurred:

Traceback (most recent call last):
  File "C:\Users\Administrator\AppData\Local\Programs\Python\Python313\Lib\site-packages\flask\app.py", line 1511, in wsgi_app
    response = self.full_dispatch_request()
  File "C:\Users\Administrator\AppData\Local\Programs\Python\Python313\Lib\site-packages\flask\app.py", line 919, in full_dispatch_request
    rv = self.handle_user_exception(e)
  File "C:\Users\Administrator\AppData\Local\Programs\Python\Python313\Lib\site-packages\flask\app.py", line 802, in handle_user_exception
    return self.handle_http_exception(e)
           ~~~~~~~~~~~~~~~~~~~~~~~~~~^^^
  File "C:\Users\Administrator\AppData\Local\Programs\Python\Python313\Lib\site-packages\flask\app.py", line 777, in handle_http_exception
    return self.ensure_sync(handler)(e)  # type: ignore[no-any-return]
           ~~~~~~~~~~~~~~~~~~~~~~~~~^^^
  File "D:\web_sell\app\routes.py", line 243, in not_found_error
    return redirect(url_for('home'))
                    ~~~~~~~^^^^^^^^
  File "C:\Users\Administrator\AppData\Local\Programs\Python\Python313\Lib\site-packages\flask\helpers.py", line 239, in url_for
    return current_app.url_for(
           ~~~~~~~~~~~~~~~~~~~^
        endpoint,
        ^^^^^^^^^
    ...<4 lines>...
        **values,
        ^^^^^^^^^
    )
    ^
  File "C:\Users\Administrator\AppData\Local\Programs\Python\Python313\Lib\site-packages\flask\app.py", line 1121, in url_for
    return self.handle_url_build_error(error, endpoint, values)
           ~~~~~~~~~~~~~~~~~~~~~~~~~~~^^^^^^^^^^^^^^^^^^^^^^^^^
  File "C:\Users\Administrator\AppData\Local\Programs\Python\Python313\Lib\site-packages\flask\app.py", line 1110, in url_for
    rv = url_adapter.build(  # type: ignore[union-attr]
        endpoint,
    ...<3 lines>...
        force_external=_external,
    )
  File "C:\Users\Administrator\AppData\Local\Programs\Python\Python313\Lib\site-packages\werkzeug\routing\map.py", line 901, in build
    raise BuildError(endpoint, values, method, self)
werkzeug.routing.exceptions.BuildError: Could not build url for endpoint 'home'. Did you mean 'checkout' instead?

--- 2026-06-17 14:23:53,661 ---
L\u1ed7i \u1edf \u0111\u01b0\u1eddng d\u1eabn: /
Traceback (most recent call last):
  File "C:\Users\Administrator\AppData\Local\Programs\Python\Python313\Lib\site-packages\flask\app.py", line 917, in full_dispatch_request
    rv = self.dispatch_request()
  File "C:\Users\Administrator\AppData\Local\Programs\Python\Python313\Lib\site-packages\flask\app.py", line 891, in dispatch_request
    self.raise_routing_exception(req)
    ~~~~~~~~~~~~~~~~~~~~~~~~~~~~^^^^^
  File "C:\Users\Administrator\AppData\Local\Programs\Python\Python313\Lib\site-packages\flask\app.py", line 500, in raise_routing_exception
    raise request.routing_exception  # type: ignore[misc]
    ^^^^^^^^^^^^^^^^^^^^^^^^^^^^^^^
  File "C:\Users\Administrator\AppData\Local\Programs\Python\Python313\Lib\site-packages\flask\ctx.py", line 362, in match_request
    result = self.url_adapter.match(return_rule=True)  # type: ignore
  File "C:\Users\Administrator\AppData\Local\Programs\Python\Python313\Lib\site-packages\werkzeug\routing\map.py", line 629, in match
    raise NotFound() from None
werkzeug.exceptions.NotFound: 404 Not Found: The requested URL was not found on the server. If you entered the URL manually please check your spelling and try again.

During handling of the above exception, another exception occurred:

Traceback (most recent call last):
  File "C:\Users\Administrator\AppData\Local\Programs\Python\Python313\Lib\site-packages\flask\app.py", line 1511, in wsgi_app
    response = self.full_dispatch_request()
  File "C:\Users\Administrator\AppData\Local\Programs\Python\Python313\Lib\site-packages\flask\app.py", line 919, in full_dispatch_request
    rv = self.handle_user_exception(e)
  File "C:\Users\Administrator\AppData\Local\Programs\Python\Python313\Lib\site-packages\flask\app.py", line 802, in handle_user_exception
    return self.handle_http_exception(e)
           ~~~~~~~~~~~~~~~~~~~~~~~~~~^^^
  File "C:\Users\Administrator\AppData\Local\Programs\Python\Python313\Lib\site-packages\flask\app.py", line 777, in handle_http_exception
    return self.ensure_sync(handler)(e)  # type: ignore[no-any-return]
           ~~~~~~~~~~~~~~~~~~~~~~~~~^^^
  File "D:\web_sell\app\routes.py", line 243, in not_found_error
    return redirect(url_for('home'))
                    ~~~~~~~^^^^^^^^
  File "C:\Users\Administrator\AppData\Local\Programs\Python\Python313\Lib\site-packages\flask\helpers.py", line 239, in url_for
    return current_app.url_for(
           ~~~~~~~~~~~~~~~~~~~^
        endpoint,
        ^^^^^^^^^
    ...<4 lines>...
        **values,
        ^^^^^^^^^
    )
    ^
  File "C:\Users\Administrator\AppData\Local\Programs\Python\Python313\Lib\site-packages\flask\app.py", line 1121, in url_for
    return self.handle_url_build_error(error, endpoint, values)
           ~~~~~~~~~~~~~~~~~~~~~~~~~~~^^^^^^^^^^^^^^^^^^^^^^^^^
  File "C:\Users\Administrator\AppData\Local\Programs\Python\Python313\Lib\site-packages\flask\app.py", line 1110, in url_for
    rv = url_adapter.build(  # type: ignore[union-attr]
        endpoint,
    ...<3 lines>...
        force_external=_external,
    )
  File "C:\Users\Administrator\AppData\Local\Programs\Python\Python313\Lib\site-packages\werkzeug\routing\map.py", line 901, in build
    raise BuildError(endpoint, values, method, self)
werkzeug.routing.exceptions.BuildError: Could not build url for endpoint 'home'. Did you mean 'checkout' instead?


--- 2026-06-17 14:23:53,661 ---
127.0.0.1 - - [17/Jun/2026 14:23:53] "[35m[1mGET /?page=1 HTTP/1.1[0m" 500 -

--- 2026-06-17 14:23:53,673 ---
Error on request:
Traceback (most recent call last):
  File "C:\Users\Administrator\AppData\Local\Programs\Python\Python313\Lib\site-packages\flask\app.py", line 917, in full_dispatch_request
    rv = self.dispatch_request()
  File "C:\Users\Administrator\AppData\Local\Programs\Python\Python313\Lib\site-packages\flask\app.py", line 891, in dispatch_request
    self.raise_routing_exception(req)
    ~~~~~~~~~~~~~~~~~~~~~~~~~~~~^^^^^
  File "C:\Users\Administrator\AppData\Local\Programs\Python\Python313\Lib\site-packages\flask\app.py", line 500, in raise_routing_exception
    raise request.routing_exception  # type: ignore[misc]
    ^^^^^^^^^^^^^^^^^^^^^^^^^^^^^^^
  File "C:\Users\Administrator\AppData\Local\Programs\Python\Python313\Lib\site-packages\flask\ctx.py", line 362, in match_request
    result = self.url_adapter.match(return_rule=True)  # type: ignore
  File "C:\Users\Administrator\AppData\Local\Programs\Python\Python313\Lib\site-packages\werkzeug\routing\map.py", line 629, in match
    raise NotFound() from None
werkzeug.exceptions.NotFound: 404 Not Found: The requested URL was not found on the server. If you entered the URL manually please check your spelling and try again.

During handling of the above exception, another exception occurred:

Traceback (most recent call last):
  File "C:\Users\Administrator\AppData\Local\Programs\Python\Python313\Lib\site-packages\flask\app.py", line 1511, in wsgi_app
    response = self.full_dispatch_request()
  File "C:\Users\Administrator\AppData\Local\Programs\Python\Python313\Lib\site-packages\flask\app.py", line 919, in full_dispatch_request
    rv = self.handle_user_exception(e)
  File "C:\Users\Administrator\AppData\Local\Programs\Python\Python313\Lib\site-packages\flask\app.py", line 802, in handle_user_exception
    return self.handle_http_exception(e)
           ~~~~~~~~~~~~~~~~~~~~~~~~~~^^^
  File "C:\Users\Administrator\AppData\Local\Programs\Python\Python313\Lib\site-packages\flask\app.py", line 777, in handle_http_exception
    return self.ensure_sync(handler)(e)  # type: ignore[no-any-return]
           ~~~~~~~~~~~~~~~~~~~~~~~~~^^^
  File "D:\web_sell\app\routes.py", line 243, in not_found_error
    return redirect(url_for('home'))
                    ~~~~~~~^^^^^^^^
  File "C:\Users\Administrator\AppData\Local\Programs\Python\Python313\Lib\site-packages\flask\helpers.py", line 239, in url_for
    return current_app.url_for(
    
  File "C:\Users\Administrator\AppData\Local\Programs\Python\Python313\Lib\site-packages\flask\app.py", line 1121, in url_for
    return self.handle_url_build_error(error, endpoint, values)
           ~~~~~~~~~~~~~~~~~~~~~~~~~~~^^^^^^^^^^^^^^^^^^^^^^^^^
  File "C:\Users\Administrator\AppData\Local\Programs\Python\Python313\Lib\site-packages\flask\app.py", line 1110, in url_for
    rv = url_adapter.build(  # type: ignore[union-attr]
    
  File "C:\Users\Administrator\AppData\Local\Programs\Python\Python313\Lib\site-packages\werkzeug\routing\map.py", line 901, in build
    raise BuildError(endpoint, values, method, self)
werkzeug.routing.exceptions.BuildError: Could not build url for endpoint 'home'. Did you mean 'checkout' instead?

During handling of the above exception, another exception occurred:

Traceback (most recent call last):
  File "C:\Users\Administrator\AppData\Local\Programs\Python\Python313\Lib\site-packages\werkzeug\serving.py", line 371, in run_wsgi
    execute(self.server.app)
    ~~~~~~~^^^^^^^^^^^^^^^^^
  File "C:\Users\Administrator\AppData\Local\Programs\Python\Python313\Lib\site-packages\werkzeug\serving.py", line 332, in execute
    application_iter = app(environ, start_response)
  File "C:\Users\Administrator\AppData\Local\Programs\Python\Python313\Lib\site-packages\flask\app.py", line 1536, in __call__
    return self.wsgi_app(environ, start_response)
           ~~~~~~~~~~~~~^^^^^^^^^^^^^^^^^^^^^^^^^
  File "C:\Users\Administrator\AppData\Local\Programs\Python\Python313\Lib\site-packages\flask\app.py", line 1514, in wsgi_app
    response = self.handle_exception(e)
  File "C:\Users\Administrator\AppData\Local\Programs\Python\Python313\Lib\site-packages\flask\app.py", line 860, in handle_exception
    server_error = self.ensure_sync(handler)(server_error)
  File "D:\web_sell\app\routes.py", line 269, in internal_error
    return redirect(url_for('home'))
                    ~~~~~~~^^^^^^^^
  File "C:\Users\Administrator\AppData\Local\Programs\Python\Python313\Lib\site-packages\flask\helpers.py", line 239, in url_for
    return current_app.url_for(
    
  File "C:\Users\Administrator\AppData\Local\Programs\Python\Python313\Lib\site-packages\flask\app.py", line 1121, in url_for
    return self.handle_url_build_error(error, endpoint, values)
           ~~~~~~~~~~~~~~~~~~~~~~~~~~~^^^^^^^^^^^^^^^^^^^^^^^^^
  File "C:\Users\Administrator\AppData\Local\Programs\Python\Python313\Lib\site-packages\flask\app.py", line 1110, in url_for
    rv = url_adapter.build(  # type: ignore[union-attr]
    
  File "C:\Users\Administrator\AppData\Local\Programs\Python\Python313\Lib\site-packages\werkzeug\routing\map.py", line 901, in build
    raise BuildError(endpoint, values, method, self)
werkzeug.routing.exceptions.BuildError: Could not build url for endpoint 'home'. Did you mean 'checkout' instead?

--- 2026-06-17 14:23:54,242 ---
Exception on / [GET]
Traceback (most recent call last):
  File "C:\Users\Administrator\AppData\Local\Programs\Python\Python313\Lib\site-packages\flask\app.py", line 917, in full_dispatch_request
    rv = self.dispatch_request()
  File "C:\Users\Administrator\AppData\Local\Programs\Python\Python313\Lib\site-packages\flask\app.py", line 891, in dispatch_request
    self.raise_routing_exception(req)
    ~~~~~~~~~~~~~~~~~~~~~~~~~~~~^^^^^
  File "C:\Users\Administrator\AppData\Local\Programs\Python\Python313\Lib\site-packages\flask\app.py", line 500, in raise_routing_exception
    raise request.routing_exception  # type: ignore[misc]
    ^^^^^^^^^^^^^^^^^^^^^^^^^^^^^^^
  File "C:\Users\Administrator\AppData\Local\Programs\Python\Python313\Lib\site-packages\flask\ctx.py", line 362, in match_request
    result = self.url_adapter.match(return_rule=True)  # type: ignore
  File "C:\Users\Administrator\AppData\Local\Programs\Python\Python313\Lib\site-packages\werkzeug\routing\map.py", line 629, in match
    raise NotFound() from None
werkzeug.exceptions.NotFound: 404 Not Found: The requested URL was not found on the server. If you entered the URL manually please check your spelling and try again.

During handling of the above exception, another exception occurred:

Traceback (most recent call last):
  File "C:\Users\Administrator\AppData\Local\Programs\Python\Python313\Lib\site-packages\flask\app.py", line 1511, in wsgi_app
    response = self.full_dispatch_request()
  File "C:\Users\Administrator\AppData\Local\Programs\Python\Python313\Lib\site-packages\flask\app.py", line 919, in full_dispatch_request
    rv = self.handle_user_exception(e)
  File "C:\Users\Administrator\AppData\Local\Programs\Python\Python313\Lib\site-packages\flask\app.py", line 802, in handle_user_exception
    return self.handle_http_exception(e)
           ~~~~~~~~~~~~~~~~~~~~~~~~~~^^^
  File "C:\Users\Administrator\AppData\Local\Programs\Python\Python313\Lib\site-packages\flask\app.py", line 777, in handle_http_exception
    return self.ensure_sync(handler)(e)  # type: ignore[no-any-return]
           ~~~~~~~~~~~~~~~~~~~~~~~~~^^^
  File "D:\web_sell\app\routes.py", line 243, in not_found_error
    return redirect(url_for('home'))
                    ~~~~~~~^^^^^^^^
  File "C:\Users\Administrator\AppData\Local\Programs\Python\Python313\Lib\site-packages\flask\helpers.py", line 239, in url_for
    return current_app.url_for(
           ~~~~~~~~~~~~~~~~~~~^
        endpoint,
        ^^^^^^^^^
    ...<4 lines>...
        **values,
        ^^^^^^^^^
    )
    ^
  File "C:\Users\Administrator\AppData\Local\Programs\Python\Python313\Lib\site-packages\flask\app.py", line 1121, in url_for
    return self.handle_url_build_error(error, endpoint, values)
           ~~~~~~~~~~~~~~~~~~~~~~~~~~~^^^^^^^^^^^^^^^^^^^^^^^^^
  File "C:\Users\Administrator\AppData\Local\Programs\Python\Python313\Lib\site-packages\flask\app.py", line 1110, in url_for
    rv = url_adapter.build(  # type: ignore[union-attr]
        endpoint,
    ...<3 lines>...
        force_external=_external,
    )
  File "C:\Users\Administrator\AppData\Local\Programs\Python\Python313\Lib\site-packages\werkzeug\routing\map.py", line 901, in build
    raise BuildError(endpoint, values, method, self)
werkzeug.routing.exceptions.BuildError: Could not build url for endpoint 'home'. Did you mean 'checkout' instead?

--- 2026-06-17 14:23:54,248 ---
L\u1ed7i \u1edf \u0111\u01b0\u1eddng d\u1eabn: /
Traceback (most recent call last):
  File "C:\Users\Administrator\AppData\Local\Programs\Python\Python313\Lib\site-packages\flask\app.py", line 917, in full_dispatch_request
    rv = self.dispatch_request()
  File "C:\Users\Administrator\AppData\Local\Programs\Python\Python313\Lib\site-packages\flask\app.py", line 891, in dispatch_request
    self.raise_routing_exception(req)
    ~~~~~~~~~~~~~~~~~~~~~~~~~~~~^^^^^
  File "C:\Users\Administrator\AppData\Local\Programs\Python\Python313\Lib\site-packages\flask\app.py", line 500, in raise_routing_exception
    raise request.routing_exception  # type: ignore[misc]
    ^^^^^^^^^^^^^^^^^^^^^^^^^^^^^^^
  File "C:\Users\Administrator\AppData\Local\Programs\Python\Python313\Lib\site-packages\flask\ctx.py", line 362, in match_request
    result = self.url_adapter.match(return_rule=True)  # type: ignore
  File "C:\Users\Administrator\AppData\Local\Programs\Python\Python313\Lib\site-packages\werkzeug\routing\map.py", line 629, in match
    raise NotFound() from None
werkzeug.exceptions.NotFound: 404 Not Found: The requested URL was not found on the server. If you entered the URL manually please check your spelling and try again.

During handling of the above exception, another exception occurred:

Traceback (most recent call last):
  File "C:\Users\Administrator\AppData\Local\Programs\Python\Python313\Lib\site-packages\flask\app.py", line 1511, in wsgi_app
    response = self.full_dispatch_request()
  File "C:\Users\Administrator\AppData\Local\Programs\Python\Python313\Lib\site-packages\flask\app.py", line 919, in full_dispatch_request
    rv = self.handle_user_exception(e)
  File "C:\Users\Administrator\AppData\Local\Programs\Python\Python313\Lib\site-packages\flask\app.py", line 802, in handle_user_exception
    return self.handle_http_exception(e)
           ~~~~~~~~~~~~~~~~~~~~~~~~~~^^^
  File "C:\Users\Administrator\AppData\Local\Programs\Python\Python313\Lib\site-packages\flask\app.py", line 777, in handle_http_exception
    return self.ensure_sync(handler)(e)  # type: ignore[no-any-return]
           ~~~~~~~~~~~~~~~~~~~~~~~~~^^^
  File "D:\web_sell\app\routes.py", line 243, in not_found_error
    return redirect(url_for('home'))
                    ~~~~~~~^^^^^^^^
  File "C:\Users\Administrator\AppData\Local\Programs\Python\Python313\Lib\site-packages\flask\helpers.py", line 239, in url_for
    return current_app.url_for(
           ~~~~~~~~~~~~~~~~~~~^
        endpoint,
        ^^^^^^^^^
    ...<4 lines>...
        **values,
        ^^^^^^^^^
    )
    ^
  File "C:\Users\Administrator\AppData\Local\Programs\Python\Python313\Lib\site-packages\flask\app.py", line 1121, in url_for
    return self.handle_url_build_error(error, endpoint, values)
           ~~~~~~~~~~~~~~~~~~~~~~~~~~~^^^^^^^^^^^^^^^^^^^^^^^^^
  File "C:\Users\Administrator\AppData\Local\Programs\Python\Python313\Lib\site-packages\flask\app.py", line 1110, in url_for
    rv = url_adapter.build(  # type: ignore[union-attr]
        endpoint,
    ...<3 lines>...
        force_external=_external,
    )
  File "C:\Users\Administrator\AppData\Local\Programs\Python\Python313\Lib\site-packages\werkzeug\routing\map.py", line 901, in build
    raise BuildError(endpoint, values, method, self)
werkzeug.routing.exceptions.BuildError: Could not build url for endpoint 'home'. Did you mean 'checkout' instead?


--- 2026-06-17 14:23:54,249 ---
127.0.0.1 - - [17/Jun/2026 14:23:54] "[35m[1mGET /?page=1 HTTP/1.1[0m" 500 -

--- 2026-06-17 14:23:54,260 ---
Error on request:
Traceback (most recent call last):
  File "C:\Users\Administrator\AppData\Local\Programs\Python\Python313\Lib\site-packages\flask\app.py", line 917, in full_dispatch_request
    rv = self.dispatch_request()
  File "C:\Users\Administrator\AppData\Local\Programs\Python\Python313\Lib\site-packages\flask\app.py", line 891, in dispatch_request
    self.raise_routing_exception(req)
    ~~~~~~~~~~~~~~~~~~~~~~~~~~~~^^^^^
  File "C:\Users\Administrator\AppData\Local\Programs\Python\Python313\Lib\site-packages\flask\app.py", line 500, in raise_routing_exception
    raise request.routing_exception  # type: ignore[misc]
    ^^^^^^^^^^^^^^^^^^^^^^^^^^^^^^^
  File "C:\Users\Administrator\AppData\Local\Programs\Python\Python313\Lib\site-packages\flask\ctx.py", line 362, in match_request
    result = self.url_adapter.match(return_rule=True)  # type: ignore
  File "C:\Users\Administrator\AppData\Local\Programs\Python\Python313\Lib\site-packages\werkzeug\routing\map.py", line 629, in match
    raise NotFound() from None
werkzeug.exceptions.NotFound: 404 Not Found: The requested URL was not found on the server. If you entered the URL manually please check your spelling and try again.

During handling of the above exception, another exception occurred:

Traceback (most recent call last):
  File "C:\Users\Administrator\AppData\Local\Programs\Python\Python313\Lib\site-packages\flask\app.py", line 1511, in wsgi_app
    response = self.full_dispatch_request()
  File "C:\Users\Administrator\AppData\Local\Programs\Python\Python313\Lib\site-packages\flask\app.py", line 919, in full_dispatch_request
    rv = self.handle_user_exception(e)
  File "C:\Users\Administrator\AppData\Local\Programs\Python\Python313\Lib\site-packages\flask\app.py", line 802, in handle_user_exception
    return self.handle_http_exception(e)
           ~~~~~~~~~~~~~~~~~~~~~~~~~~^^^
  File "C:\Users\Administrator\AppData\Local\Programs\Python\Python313\Lib\site-packages\flask\app.py", line 777, in handle_http_exception
    return self.ensure_sync(handler)(e)  # type: ignore[no-any-return]
           ~~~~~~~~~~~~~~~~~~~~~~~~~^^^
  File "D:\web_sell\app\routes.py", line 243, in not_found_error
    return redirect(url_for('home'))
                    ~~~~~~~^^^^^^^^
  File "C:\Users\Administrator\AppData\Local\Programs\Python\Python313\Lib\site-packages\flask\helpers.py", line 239, in url_for
    return current_app.url_for(
    
  File "C:\Users\Administrator\AppData\Local\Programs\Python\Python313\Lib\site-packages\flask\app.py", line 1121, in url_for
    return self.handle_url_build_error(error, endpoint, values)
           ~~~~~~~~~~~~~~~~~~~~~~~~~~~^^^^^^^^^^^^^^^^^^^^^^^^^
  File "C:\Users\Administrator\AppData\Local\Programs\Python\Python313\Lib\site-packages\flask\app.py", line 1110, in url_for
    rv = url_adapter.build(  # type: ignore[union-attr]
    
  File "C:\Users\Administrator\AppData\Local\Programs\Python\Python313\Lib\site-packages\werkzeug\routing\map.py", line 901, in build
    raise BuildError(endpoint, values, method, self)
werkzeug.routing.exceptions.BuildError: Could not build url for endpoint 'home'. Did you mean 'checkout' instead?

During handling of the above exception, another exception occurred:

Traceback (most recent call last):
  File "C:\Users\Administrator\AppData\Local\Programs\Python\Python313\Lib\site-packages\werkzeug\serving.py", line 371, in run_wsgi
    execute(self.server.app)
    ~~~~~~~^^^^^^^^^^^^^^^^^
  File "C:\Users\Administrator\AppData\Local\Programs\Python\Python313\Lib\site-packages\werkzeug\serving.py", line 332, in execute
    application_iter = app(environ, start_response)
  File "C:\Users\Administrator\AppData\Local\Programs\Python\Python313\Lib\site-packages\flask\app.py", line 1536, in __call__
    return self.wsgi_app(environ, start_response)
           ~~~~~~~~~~~~~^^^^^^^^^^^^^^^^^^^^^^^^^
  File "C:\Users\Administrator\AppData\Local\Programs\Python\Python313\Lib\site-packages\flask\app.py", line 1514, in wsgi_app
    response = self.handle_exception(e)
  File "C:\Users\Administrator\AppData\Local\Programs\Python\Python313\Lib\site-packages\flask\app.py", line 860, in handle_exception
    server_error = self.ensure_sync(handler)(server_error)
  File "D:\web_sell\app\routes.py", line 269, in internal_error
    return redirect(url_for('home'))
                    ~~~~~~~^^^^^^^^
  File "C:\Users\Administrator\AppData\Local\Programs\Python\Python313\Lib\site-packages\flask\helpers.py", line 239, in url_for
    return current_app.url_for(
    
  File "C:\Users\Administrator\AppData\Local\Programs\Python\Python313\Lib\site-packages\flask\app.py", line 1121, in url_for
    return self.handle_url_build_error(error, endpoint, values)
           ~~~~~~~~~~~~~~~~~~~~~~~~~~~^^^^^^^^^^^^^^^^^^^^^^^^^
  File "C:\Users\Administrator\AppData\Local\Programs\Python\Python313\Lib\site-packages\flask\app.py", line 1110, in url_for
    rv = url_adapter.build(  # type: ignore[union-attr]
    
  File "C:\Users\Administrator\AppData\Local\Programs\Python\Python313\Lib\site-packages\werkzeug\routing\map.py", line 901, in build
    raise BuildError(endpoint, values, method, self)
werkzeug.routing.exceptions.BuildError: Could not build url for endpoint 'home'. Did you mean 'checkout' instead?

--- 2026-06-17 14:23:54,530 ---
Exception on / [GET]
Traceback (most recent call last):
  File "C:\Users\Administrator\AppData\Local\Programs\Python\Python313\Lib\site-packages\flask\app.py", line 917, in full_dispatch_request
    rv = self.dispatch_request()
  File "C:\Users\Administrator\AppData\Local\Programs\Python\Python313\Lib\site-packages\flask\app.py", line 891, in dispatch_request
    self.raise_routing_exception(req)
    ~~~~~~~~~~~~~~~~~~~~~~~~~~~~^^^^^
  File "C:\Users\Administrator\AppData\Local\Programs\Python\Python313\Lib\site-packages\flask\app.py", line 500, in raise_routing_exception
    raise request.routing_exception  # type: ignore[misc]
    ^^^^^^^^^^^^^^^^^^^^^^^^^^^^^^^
  File "C:\Users\Administrator\AppData\Local\Programs\Python\Python313\Lib\site-packages\flask\ctx.py", line 362, in match_request
    result = self.url_adapter.match(return_rule=True)  # type: ignore
  File "C:\Users\Administrator\AppData\Local\Programs\Python\Python313\Lib\site-packages\werkzeug\routing\map.py", line 629, in match
    raise NotFound() from None
werkzeug.exceptions.NotFound: 404 Not Found: The requested URL was not found on the server. If you entered the URL manually please check your spelling and try again.

During handling of the above exception, another exception occurred:

Traceback (most recent call last):
  File "C:\Users\Administrator\AppData\Local\Programs\Python\Python313\Lib\site-packages\flask\app.py", line 1511, in wsgi_app
    response = self.full_dispatch_request()
  File "C:\Users\Administrator\AppData\Local\Programs\Python\Python313\Lib\site-packages\flask\app.py", line 919, in full_dispatch_request
    rv = self.handle_user_exception(e)
  File "C:\Users\Administrator\AppData\Local\Programs\Python\Python313\Lib\site-packages\flask\app.py", line 802, in handle_user_exception
    return self.handle_http_exception(e)
           ~~~~~~~~~~~~~~~~~~~~~~~~~~^^^
  File "C:\Users\Administrator\AppData\Local\Programs\Python\Python313\Lib\site-packages\flask\app.py", line 777, in handle_http_exception
    return self.ensure_sync(handler)(e)  # type: ignore[no-any-return]
           ~~~~~~~~~~~~~~~~~~~~~~~~~^^^
  File "D:\web_sell\app\routes.py", line 243, in not_found_error
    return redirect(url_for('home'))
                    ~~~~~~~^^^^^^^^
  File "C:\Users\Administrator\AppData\Local\Programs\Python\Python313\Lib\site-packages\flask\helpers.py", line 239, in url_for
    return current_app.url_for(
           ~~~~~~~~~~~~~~~~~~~^
        endpoint,
        ^^^^^^^^^
    ...<4 lines>...
        **values,
        ^^^^^^^^^
    )
    ^
  File "C:\Users\Administrator\AppData\Local\Programs\Python\Python313\Lib\site-packages\flask\app.py", line 1121, in url_for
    return self.handle_url_build_error(error, endpoint, values)
           ~~~~~~~~~~~~~~~~~~~~~~~~~~~^^^^^^^^^^^^^^^^^^^^^^^^^
  File "C:\Users\Administrator\AppData\Local\Programs\Python\Python313\Lib\site-packages\flask\app.py", line 1110, in url_for
    rv = url_adapter.build(  # type: ignore[union-attr]
        endpoint,
    ...<3 lines>...
        force_external=_external,
    )
  File "C:\Users\Administrator\AppData\Local\Programs\Python\Python313\Lib\site-packages\werkzeug\routing\map.py", line 901, in build
    raise BuildError(endpoint, values, method, self)
werkzeug.routing.exceptions.BuildError: Could not build url for endpoint 'home'. Did you mean 'checkout' instead?

--- 2026-06-17 14:23:54,537 ---
L\u1ed7i \u1edf \u0111\u01b0\u1eddng d\u1eabn: /
Traceback (most recent call last):
  File "C:\Users\Administrator\AppData\Local\Programs\Python\Python313\Lib\site-packages\flask\app.py", line 917, in full_dispatch_request
    rv = self.dispatch_request()
  File "C:\Users\Administrator\AppData\Local\Programs\Python\Python313\Lib\site-packages\flask\app.py", line 891, in dispatch_request
    self.raise_routing_exception(req)
    ~~~~~~~~~~~~~~~~~~~~~~~~~~~~^^^^^
  File "C:\Users\Administrator\AppData\Local\Programs\Python\Python313\Lib\site-packages\flask\app.py", line 500, in raise_routing_exception
    raise request.routing_exception  # type: ignore[misc]
    ^^^^^^^^^^^^^^^^^^^^^^^^^^^^^^^
  File "C:\Users\Administrator\AppData\Local\Programs\Python\Python313\Lib\site-packages\flask\ctx.py", line 362, in match_request
    result = self.url_adapter.match(return_rule=True)  # type: ignore
  File "C:\Users\Administrator\AppData\Local\Programs\Python\Python313\Lib\site-packages\werkzeug\routing\map.py", line 629, in match
    raise NotFound() from None
werkzeug.exceptions.NotFound: 404 Not Found: The requested URL was not found on the server. If you entered the URL manually please check your spelling and try again.

During handling of the above exception, another exception occurred:

Traceback (most recent call last):
  File "C:\Users\Administrator\AppData\Local\Programs\Python\Python313\Lib\site-packages\flask\app.py", line 1511, in wsgi_app
    response = self.full_dispatch_request()
  File "C:\Users\Administrator\AppData\Local\Programs\Python\Python313\Lib\site-packages\flask\app.py", line 919, in full_dispatch_request
    rv = self.handle_user_exception(e)
  File "C:\Users\Administrator\AppData\Local\Programs\Python\Python313\Lib\site-packages\flask\app.py", line 802, in handle_user_exception
    return self.handle_http_exception(e)
           ~~~~~~~~~~~~~~~~~~~~~~~~~~^^^
  File "C:\Users\Administrator\AppData\Local\Programs\Python\Python313\Lib\site-packages\flask\app.py", line 777, in handle_http_exception
    return self.ensure_sync(handler)(e)  # type: ignore[no-any-return]
           ~~~~~~~~~~~~~~~~~~~~~~~~~^^^
  File "D:\web_sell\app\routes.py", line 243, in not_found_error
    return redirect(url_for('home'))
                    ~~~~~~~^^^^^^^^
  File "C:\Users\Administrator\AppData\Local\Programs\Python\Python313\Lib\site-packages\flask\helpers.py", line 239, in url_for
    return current_app.url_for(
           ~~~~~~~~~~~~~~~~~~~^
        endpoint,
        ^^^^^^^^^
    ...<4 lines>...
        **values,
        ^^^^^^^^^
    )
    ^
  File "C:\Users\Administrator\AppData\Local\Programs\Python\Python313\Lib\site-packages\flask\app.py", line 1121, in url_for
    return self.handle_url_build_error(error, endpoint, values)
           ~~~~~~~~~~~~~~~~~~~~~~~~~~~^^^^^^^^^^^^^^^^^^^^^^^^^
  File "C:\Users\Administrator\AppData\Local\Programs\Python\Python313\Lib\site-packages\flask\app.py", line 1110, in url_for
    rv = url_adapter.build(  # type: ignore[union-attr]
        endpoint,
    ...<3 lines>...
        force_external=_external,
    )
  File "C:\Users\Administrator\AppData\Local\Programs\Python\Python313\Lib\site-packages\werkzeug\routing\map.py", line 901, in build
    raise BuildError(endpoint, values, method, self)
werkzeug.routing.exceptions.BuildError: Could not build url for endpoint 'home'. Did you mean 'checkout' instead?


--- 2026-06-17 14:23:54,538 ---
127.0.0.1 - - [17/Jun/2026 14:23:54] "[35m[1mGET /?page=1 HTTP/1.1[0m" 500 -

--- 2026-06-17 14:23:54,548 ---
Error on request:
Traceback (most recent call last):
  File "C:\Users\Administrator\AppData\Local\Programs\Python\Python313\Lib\site-packages\flask\app.py", line 917, in full_dispatch_request
    rv = self.dispatch_request()
  File "C:\Users\Administrator\AppData\Local\Programs\Python\Python313\Lib\site-packages\flask\app.py", line 891, in dispatch_request
    self.raise_routing_exception(req)
    ~~~~~~~~~~~~~~~~~~~~~~~~~~~~^^^^^
  File "C:\Users\Administrator\AppData\Local\Programs\Python\Python313\Lib\site-packages\flask\app.py", line 500, in raise_routing_exception
    raise request.routing_exception  # type: ignore[misc]
    ^^^^^^^^^^^^^^^^^^^^^^^^^^^^^^^
  File "C:\Users\Administrator\AppData\Local\Programs\Python\Python313\Lib\site-packages\flask\ctx.py", line 362, in match_request
    result = self.url_adapter.match(return_rule=True)  # type: ignore
  File "C:\Users\Administrator\AppData\Local\Programs\Python\Python313\Lib\site-packages\werkzeug\routing\map.py", line 629, in match
    raise NotFound() from None
werkzeug.exceptions.NotFound: 404 Not Found: The requested URL was not found on the server. If you entered the URL manually please check your spelling and try again.

During handling of the above exception, another exception occurred:

Traceback (most recent call last):
  File "C:\Users\Administrator\AppData\Local\Programs\Python\Python313\Lib\site-packages\flask\app.py", line 1511, in wsgi_app
    response = self.full_dispatch_request()
  File "C:\Users\Administrator\AppData\Local\Programs\Python\Python313\Lib\site-packages\flask\app.py", line 919, in full_dispatch_request
    rv = self.handle_user_exception(e)
  File "C:\Users\Administrator\AppData\Local\Programs\Python\Python313\Lib\site-packages\flask\app.py", line 802, in handle_user_exception
    return self.handle_http_exception(e)
           ~~~~~~~~~~~~~~~~~~~~~~~~~~^^^
  File "C:\Users\Administrator\AppData\Local\Programs\Python\Python313\Lib\site-packages\flask\app.py", line 777, in handle_http_exception
    return self.ensure_sync(handler)(e)  # type: ignore[no-any-return]
           ~~~~~~~~~~~~~~~~~~~~~~~~~^^^
  File "D:\web_sell\app\routes.py", line 243, in not_found_error
    return redirect(url_for('home'))
                    ~~~~~~~^^^^^^^^
  File "C:\Users\Administrator\AppData\Local\Programs\Python\Python313\Lib\site-packages\flask\helpers.py", line 239, in url_for
    return current_app.url_for(
    
  File "C:\Users\Administrator\AppData\Local\Programs\Python\Python313\Lib\site-packages\flask\app.py", line 1121, in url_for
    return self.handle_url_build_error(error, endpoint, values)
           ~~~~~~~~~~~~~~~~~~~~~~~~~~~^^^^^^^^^^^^^^^^^^^^^^^^^
  File "C:\Users\Administrator\AppData\Local\Programs\Python\Python313\Lib\site-packages\flask\app.py", line 1110, in url_for
    rv = url_adapter.build(  # type: ignore[union-attr]
    
  File "C:\Users\Administrator\AppData\Local\Programs\Python\Python313\Lib\site-packages\werkzeug\routing\map.py", line 901, in build
    raise BuildError(endpoint, values, method, self)
werkzeug.routing.exceptions.BuildError: Could not build url for endpoint 'home'. Did you mean 'checkout' instead?

During handling of the above exception, another exception occurred:

Traceback (most recent call last):
  File "C:\Users\Administrator\AppData\Local\Programs\Python\Python313\Lib\site-packages\werkzeug\serving.py", line 371, in run_wsgi
    execute(self.server.app)
    ~~~~~~~^^^^^^^^^^^^^^^^^
  File "C:\Users\Administrator\AppData\Local\Programs\Python\Python313\Lib\site-packages\werkzeug\serving.py", line 332, in execute
    application_iter = app(environ, start_response)
  File "C:\Users\Administrator\AppData\Local\Programs\Python\Python313\Lib\site-packages\flask\app.py", line 1536, in __call__
    return self.wsgi_app(environ, start_response)
           ~~~~~~~~~~~~~^^^^^^^^^^^^^^^^^^^^^^^^^
  File "C:\Users\Administrator\AppData\Local\Programs\Python\Python313\Lib\site-packages\flask\app.py", line 1514, in wsgi_app
    response = self.handle_exception(e)
  File "C:\Users\Administrator\AppData\Local\Programs\Python\Python313\Lib\site-packages\flask\app.py", line 860, in handle_exception
    server_error = self.ensure_sync(handler)(server_error)
  File "D:\web_sell\app\routes.py", line 269, in internal_error
    return redirect(url_for('home'))
                    ~~~~~~~^^^^^^^^
  File "C:\Users\Administrator\AppData\Local\Programs\Python\Python313\Lib\site-packages\flask\helpers.py", line 239, in url_for
    return current_app.url_for(
    
  File "C:\Users\Administrator\AppData\Local\Programs\Python\Python313\Lib\site-packages\flask\app.py", line 1121, in url_for
    return self.handle_url_build_error(error, endpoint, values)
           ~~~~~~~~~~~~~~~~~~~~~~~~~~~^^^^^^^^^^^^^^^^^^^^^^^^^
  File "C:\Users\Administrator\AppData\Local\Programs\Python\Python313\Lib\site-packages\flask\app.py", line 1110, in url_for
    rv = url_adapter.build(  # type: ignore[union-attr]
    
  File "C:\Users\Administrator\AppData\Local\Programs\Python\Python313\Lib\site-packages\werkzeug\routing\map.py", line 901, in build
    raise BuildError(endpoint, values, method, self)
werkzeug.routing.exceptions.BuildError: Could not build url for endpoint 'home'. Did you mean 'checkout' instead?

--- 2026-06-17 14:23:54,774 ---
Exception on / [GET]
Traceback (most recent call last):
  File "C:\Users\Administrator\AppData\Local\Programs\Python\Python313\Lib\site-packages\flask\app.py", line 917, in full_dispatch_request
    rv = self.dispatch_request()
  File "C:\Users\Administrator\AppData\Local\Programs\Python\Python313\Lib\site-packages\flask\app.py", line 891, in dispatch_request
    self.raise_routing_exception(req)
    ~~~~~~~~~~~~~~~~~~~~~~~~~~~~^^^^^
  File "C:\Users\Administrator\AppData\Local\Programs\Python\Python313\Lib\site-packages\flask\app.py", line 500, in raise_routing_exception
    raise request.routing_exception  # type: ignore[misc]
    ^^^^^^^^^^^^^^^^^^^^^^^^^^^^^^^
  File "C:\Users\Administrator\AppData\Local\Programs\Python\Python313\Lib\site-packages\flask\ctx.py", line 362, in match_request
    result = self.url_adapter.match(return_rule=True)  # type: ignore
  File "C:\Users\Administrator\AppData\Local\Programs\Python\Python313\Lib\site-packages\werkzeug\routing\map.py", line 629, in match
    raise NotFound() from None
werkzeug.exceptions.NotFound: 404 Not Found: The requested URL was not found on the server. If you entered the URL manually please check your spelling and try again.

During handling of the above exception, another exception occurred:

Traceback (most recent call last):
  File "C:\Users\Administrator\AppData\Local\Programs\Python\Python313\Lib\site-packages\flask\app.py", line 1511, in wsgi_app
    response = self.full_dispatch_request()
  File "C:\Users\Administrator\AppData\Local\Programs\Python\Python313\Lib\site-packages\flask\app.py", line 919, in full_dispatch_request
    rv = self.handle_user_exception(e)
  File "C:\Users\Administrator\AppData\Local\Programs\Python\Python313\Lib\site-packages\flask\app.py", line 802, in handle_user_exception
    return self.handle_http_exception(e)
           ~~~~~~~~~~~~~~~~~~~~~~~~~~^^^
  File "C:\Users\Administrator\AppData\Local\Programs\Python\Python313\Lib\site-packages\flask\app.py", line 777, in handle_http_exception
    return self.ensure_sync(handler)(e)  # type: ignore[no-any-return]
           ~~~~~~~~~~~~~~~~~~~~~~~~~^^^
  File "D:\web_sell\app\routes.py", line 243, in not_found_error
    return redirect(url_for('home'))
                    ~~~~~~~^^^^^^^^
  File "C:\Users\Administrator\AppData\Local\Programs\Python\Python313\Lib\site-packages\flask\helpers.py", line 239, in url_for
    return current_app.url_for(
           ~~~~~~~~~~~~~~~~~~~^
        endpoint,
        ^^^^^^^^^
    ...<4 lines>...
        **values,
        ^^^^^^^^^
    )
    ^
  File "C:\Users\Administrator\AppData\Local\Programs\Python\Python313\Lib\site-packages\flask\app.py", line 1121, in url_for
    return self.handle_url_build_error(error, endpoint, values)
           ~~~~~~~~~~~~~~~~~~~~~~~~~~~^^^^^^^^^^^^^^^^^^^^^^^^^
  File "C:\Users\Administrator\AppData\Local\Programs\Python\Python313\Lib\site-packages\flask\app.py", line 1110, in url_for
    rv = url_adapter.build(  # type: ignore[union-attr]
        endpoint,
    ...<3 lines>...
        force_external=_external,
    )
  File "C:\Users\Administrator\AppData\Local\Programs\Python\Python313\Lib\site-packages\werkzeug\routing\map.py", line 901, in build
    raise BuildError(endpoint, values, method, self)
werkzeug.routing.exceptions.BuildError: Could not build url for endpoint 'home'. Did you mean 'checkout' instead?

--- 2026-06-17 14:23:54,780 ---
L\u1ed7i \u1edf \u0111\u01b0\u1eddng d\u1eabn: /
Traceback (most recent call last):
  File "C:\Users\Administrator\AppData\Local\Programs\Python\Python313\Lib\site-packages\flask\app.py", line 917, in full_dispatch_request
    rv = self.dispatch_request()
  File "C:\Users\Administrator\AppData\Local\Programs\Python\Python313\Lib\site-packages\flask\app.py", line 891, in dispatch_request
    self.raise_routing_exception(req)
    ~~~~~~~~~~~~~~~~~~~~~~~~~~~~^^^^^
  File "C:\Users\Administrator\AppData\Local\Programs\Python\Python313\Lib\site-packages\flask\app.py", line 500, in raise_routing_exception
    raise request.routing_exception  # type: ignore[misc]
    ^^^^^^^^^^^^^^^^^^^^^^^^^^^^^^^
  File "C:\Users\Administrator\AppData\Local\Programs\Python\Python313\Lib\site-packages\flask\ctx.py", line 362, in match_request
    result = self.url_adapter.match(return_rule=True)  # type: ignore
  File "C:\Users\Administrator\AppData\Local\Programs\Python\Python313\Lib\site-packages\werkzeug\routing\map.py", line 629, in match
    raise NotFound() from None
werkzeug.exceptions.NotFound: 404 Not Found: The requested URL was not found on the server. If you entered the URL manually please check your spelling and try again.

During handling of the above exception, another exception occurred:

Traceback (most recent call last):
  File "C:\Users\Administrator\AppData\Local\Programs\Python\Python313\Lib\site-packages\flask\app.py", line 1511, in wsgi_app
    response = self.full_dispatch_request()
  File "C:\Users\Administrator\AppData\Local\Programs\Python\Python313\Lib\site-packages\flask\app.py", line 919, in full_dispatch_request
    rv = self.handle_user_exception(e)
  File "C:\Users\Administrator\AppData\Local\Programs\Python\Python313\Lib\site-packages\flask\app.py", line 802, in handle_user_exception
    return self.handle_http_exception(e)
           ~~~~~~~~~~~~~~~~~~~~~~~~~~^^^
  File "C:\Users\Administrator\AppData\Local\Programs\Python\Python313\Lib\site-packages\flask\app.py", line 777, in handle_http_exception
    return self.ensure_sync(handler)(e)  # type: ignore[no-any-return]
           ~~~~~~~~~~~~~~~~~~~~~~~~~^^^
  File "D:\web_sell\app\routes.py", line 243, in not_found_error
    return redirect(url_for('home'))
                    ~~~~~~~^^^^^^^^
  File "C:\Users\Administrator\AppData\Local\Programs\Python\Python313\Lib\site-packages\flask\helpers.py", line 239, in url_for
    return current_app.url_for(
           ~~~~~~~~~~~~~~~~~~~^
        endpoint,
        ^^^^^^^^^
    ...<4 lines>...
        **values,
        ^^^^^^^^^
    )
    ^
  File "C:\Users\Administrator\AppData\Local\Programs\Python\Python313\Lib\site-packages\flask\app.py", line 1121, in url_for
    return self.handle_url_build_error(error, endpoint, values)
           ~~~~~~~~~~~~~~~~~~~~~~~~~~~^^^^^^^^^^^^^^^^^^^^^^^^^
  File "C:\Users\Administrator\AppData\Local\Programs\Python\Python313\Lib\site-packages\flask\app.py", line 1110, in url_for
    rv = url_adapter.build(  # type: ignore[union-attr]
        endpoint,
    ...<3 lines>...
        force_external=_external,
    )
  File "C:\Users\Administrator\AppData\Local\Programs\Python\Python313\Lib\site-packages\werkzeug\routing\map.py", line 901, in build
    raise BuildError(endpoint, values, method, self)
werkzeug.routing.exceptions.BuildError: Could not build url for endpoint 'home'. Did you mean 'checkout' instead?


--- 2026-06-17 14:23:54,780 ---
127.0.0.1 - - [17/Jun/2026 14:23:54] "[35m[1mGET /?page=1 HTTP/1.1[0m" 500 -

--- 2026-06-17 14:23:54,792 ---
Error on request:
Traceback (most recent call last):
  File "C:\Users\Administrator\AppData\Local\Programs\Python\Python313\Lib\site-packages\flask\app.py", line 917, in full_dispatch_request
    rv = self.dispatch_request()
  File "C:\Users\Administrator\AppData\Local\Programs\Python\Python313\Lib\site-packages\flask\app.py", line 891, in dispatch_request
    self.raise_routing_exception(req)
    ~~~~~~~~~~~~~~~~~~~~~~~~~~~~^^^^^
  File "C:\Users\Administrator\AppData\Local\Programs\Python\Python313\Lib\site-packages\flask\app.py", line 500, in raise_routing_exception
    raise request.routing_exception  # type: ignore[misc]
    ^^^^^^^^^^^^^^^^^^^^^^^^^^^^^^^
  File "C:\Users\Administrator\AppData\Local\Programs\Python\Python313\Lib\site-packages\flask\ctx.py", line 362, in match_request
    result = self.url_adapter.match(return_rule=True)  # type: ignore
  File "C:\Users\Administrator\AppData\Local\Programs\Python\Python313\Lib\site-packages\werkzeug\routing\map.py", line 629, in match
    raise NotFound() from None
werkzeug.exceptions.NotFound: 404 Not Found: The requested URL was not found on the server. If you entered the URL manually please check your spelling and try again.

During handling of the above exception, another exception occurred:

Traceback (most recent call last):
  File "C:\Users\Administrator\AppData\Local\Programs\Python\Python313\Lib\site-packages\flask\app.py", line 1511, in wsgi_app
    response = self.full_dispatch_request()
  File "C:\Users\Administrator\AppData\Local\Programs\Python\Python313\Lib\site-packages\flask\app.py", line 919, in full_dispatch_request
    rv = self.handle_user_exception(e)
  File "C:\Users\Administrator\AppData\Local\Programs\Python\Python313\Lib\site-packages\flask\app.py", line 802, in handle_user_exception
    return self.handle_http_exception(e)
           ~~~~~~~~~~~~~~~~~~~~~~~~~~^^^
  File "C:\Users\Administrator\AppData\Local\Programs\Python\Python313\Lib\site-packages\flask\app.py", line 777, in handle_http_exception
    return self.ensure_sync(handler)(e)  # type: ignore[no-any-return]
           ~~~~~~~~~~~~~~~~~~~~~~~~~^^^
  File "D:\web_sell\app\routes.py", line 243, in not_found_error
    return redirect(url_for('home'))
                    ~~~~~~~^^^^^^^^
  File "C:\Users\Administrator\AppData\Local\Programs\Python\Python313\Lib\site-packages\flask\helpers.py", line 239, in url_for
    return current_app.url_for(
    
  File "C:\Users\Administrator\AppData\Local\Programs\Python\Python313\Lib\site-packages\flask\app.py", line 1121, in url_for
    return self.handle_url_build_error(error, endpoint, values)
           ~~~~~~~~~~~~~~~~~~~~~~~~~~~^^^^^^^^^^^^^^^^^^^^^^^^^
  File "C:\Users\Administrator\AppData\Local\Programs\Python\Python313\Lib\site-packages\flask\app.py", line 1110, in url_for
    rv = url_adapter.build(  # type: ignore[union-attr]
    
  File "C:\Users\Administrator\AppData\Local\Programs\Python\Python313\Lib\site-packages\werkzeug\routing\map.py", line 901, in build
    raise BuildError(endpoint, values, method, self)
werkzeug.routing.exceptions.BuildError: Could not build url for endpoint 'home'. Did you mean 'checkout' instead?

During handling of the above exception, another exception occurred:

Traceback (most recent call last):
  File "C:\Users\Administrator\AppData\Local\Programs\Python\Python313\Lib\site-packages\werkzeug\serving.py", line 371, in run_wsgi
    execute(self.server.app)
    ~~~~~~~^^^^^^^^^^^^^^^^^
  File "C:\Users\Administrator\AppData\Local\Programs\Python\Python313\Lib\site-packages\werkzeug\serving.py", line 332, in execute
    application_iter = app(environ, start_response)
  File "C:\Users\Administrator\AppData\Local\Programs\Python\Python313\Lib\site-packages\flask\app.py", line 1536, in __call__
    return self.wsgi_app(environ, start_response)
           ~~~~~~~~~~~~~^^^^^^^^^^^^^^^^^^^^^^^^^
  File "C:\Users\Administrator\AppData\Local\Programs\Python\Python313\Lib\site-packages\flask\app.py", line 1514, in wsgi_app
    response = self.handle_exception(e)
  File "C:\Users\Administrator\AppData\Local\Programs\Python\Python313\Lib\site-packages\flask\app.py", line 860, in handle_exception
    server_error = self.ensure_sync(handler)(server_error)
  File "D:\web_sell\app\routes.py", line 269, in internal_error
    return redirect(url_for('home'))
                    ~~~~~~~^^^^^^^^
  File "C:\Users\Administrator\AppData\Local\Programs\Python\Python313\Lib\site-packages\flask\helpers.py", line 239, in url_for
    return current_app.url_for(
    
  File "C:\Users\Administrator\AppData\Local\Programs\Python\Python313\Lib\site-packages\flask\app.py", line 1121, in url_for
    return self.handle_url_build_error(error, endpoint, values)
           ~~~~~~~~~~~~~~~~~~~~~~~~~~~^^^^^^^^^^^^^^^^^^^^^^^^^
  File "C:\Users\Administrator\AppData\Local\Programs\Python\Python313\Lib\site-packages\flask\app.py", line 1110, in url_for
    rv = url_adapter.build(  # type: ignore[union-attr]
    
  File "C:\Users\Administrator\AppData\Local\Programs\Python\Python313\Lib\site-packages\werkzeug\routing\map.py", line 901, in build
    raise BuildError(endpoint, values, method, self)
werkzeug.routing.exceptions.BuildError: Could not build url for endpoint 'home'. Did you mean 'checkout' instead?

--- 2026-06-17 14:23:55,268 ---
Exception on / [GET]
Traceback (most recent call last):
  File "C:\Users\Administrator\AppData\Local\Programs\Python\Python313\Lib\site-packages\flask\app.py", line 917, in full_dispatch_request
    rv = self.dispatch_request()
  File "C:\Users\Administrator\AppData\Local\Programs\Python\Python313\Lib\site-packages\flask\app.py", line 891, in dispatch_request
    self.raise_routing_exception(req)
    ~~~~~~~~~~~~~~~~~~~~~~~~~~~~^^^^^
  File "C:\Users\Administrator\AppData\Local\Programs\Python\Python313\Lib\site-packages\flask\app.py", line 500, in raise_routing_exception
    raise request.routing_exception  # type: ignore[misc]
    ^^^^^^^^^^^^^^^^^^^^^^^^^^^^^^^
  File "C:\Users\Administrator\AppData\Local\Programs\Python\Python313\Lib\site-packages\flask\ctx.py", line 362, in match_request
    result = self.url_adapter.match(return_rule=True)  # type: ignore
  File "C:\Users\Administrator\AppData\Local\Programs\Python\Python313\Lib\site-packages\werkzeug\routing\map.py", line 629, in match
    raise NotFound() from None
werkzeug.exceptions.NotFound: 404 Not Found: The requested URL was not found on the server. If you entered the URL manually please check your spelling and try again.

During handling of the above exception, another exception occurred:

Traceback (most recent call last):
  File "C:\Users\Administrator\AppData\Local\Programs\Python\Python313\Lib\site-packages\flask\app.py", line 1511, in wsgi_app
    response = self.full_dispatch_request()
  File "C:\Users\Administrator\AppData\Local\Programs\Python\Python313\Lib\site-packages\flask\app.py", line 919, in full_dispatch_request
    rv = self.handle_user_exception(e)
  File "C:\Users\Administrator\AppData\Local\Programs\Python\Python313\Lib\site-packages\flask\app.py", line 802, in handle_user_exception
    return self.handle_http_exception(e)
           ~~~~~~~~~~~~~~~~~~~~~~~~~~^^^
  File "C:\Users\Administrator\AppData\Local\Programs\Python\Python313\Lib\site-packages\flask\app.py", line 777, in handle_http_exception
    return self.ensure_sync(handler)(e)  # type: ignore[no-any-return]
           ~~~~~~~~~~~~~~~~~~~~~~~~~^^^
  File "D:\web_sell\app\routes.py", line 243, in not_found_error
    return redirect(url_for('home'))
                    ~~~~~~~^^^^^^^^
  File "C:\Users\Administrator\AppData\Local\Programs\Python\Python313\Lib\site-packages\flask\helpers.py", line 239, in url_for
    return current_app.url_for(
           ~~~~~~~~~~~~~~~~~~~^
        endpoint,
        ^^^^^^^^^
    ...<4 lines>...
        **values,
        ^^^^^^^^^
    )
    ^
  File "C:\Users\Administrator\AppData\Local\Programs\Python\Python313\Lib\site-packages\flask\app.py", line 1121, in url_for
    return self.handle_url_build_error(error, endpoint, values)
           ~~~~~~~~~~~~~~~~~~~~~~~~~~~^^^^^^^^^^^^^^^^^^^^^^^^^
  File "C:\Users\Administrator\AppData\Local\Programs\Python\Python313\Lib\site-packages\flask\app.py", line 1110, in url_for
    rv = url_adapter.build(  # type: ignore[union-attr]
        endpoint,
    ...<3 lines>...
        force_external=_external,
    )
  File "C:\Users\Administrator\AppData\Local\Programs\Python\Python313\Lib\site-packages\werkzeug\routing\map.py", line 901, in build
    raise BuildError(endpoint, values, method, self)
werkzeug.routing.exceptions.BuildError: Could not build url for endpoint 'home'. Did you mean 'checkout' instead?

--- 2026-06-17 14:23:55,274 ---
L\u1ed7i \u1edf \u0111\u01b0\u1eddng d\u1eabn: /
Traceback (most recent call last):
  File "C:\Users\Administrator\AppData\Local\Programs\Python\Python313\Lib\site-packages\flask\app.py", line 917, in full_dispatch_request
    rv = self.dispatch_request()
  File "C:\Users\Administrator\AppData\Local\Programs\Python\Python313\Lib\site-packages\flask\app.py", line 891, in dispatch_request
    self.raise_routing_exception(req)
    ~~~~~~~~~~~~~~~~~~~~~~~~~~~~^^^^^
  File "C:\Users\Administrator\AppData\Local\Programs\Python\Python313\Lib\site-packages\flask\app.py", line 500, in raise_routing_exception
    raise request.routing_exception  # type: ignore[misc]
    ^^^^^^^^^^^^^^^^^^^^^^^^^^^^^^^
  File "C:\Users\Administrator\AppData\Local\Programs\Python\Python313\Lib\site-packages\flask\ctx.py", line 362, in match_request
    result = self.url_adapter.match(return_rule=True)  # type: ignore
  File "C:\Users\Administrator\AppData\Local\Programs\Python\Python313\Lib\site-packages\werkzeug\routing\map.py", line 629, in match
    raise NotFound() from None
werkzeug.exceptions.NotFound: 404 Not Found: The requested URL was not found on the server. If you entered the URL manually please check your spelling and try again.

During handling of the above exception, another exception occurred:

Traceback (most recent call last):
  File "C:\Users\Administrator\AppData\Local\Programs\Python\Python313\Lib\site-packages\flask\app.py", line 1511, in wsgi_app
    response = self.full_dispatch_request()
  File "C:\Users\Administrator\AppData\Local\Programs\Python\Python313\Lib\site-packages\flask\app.py", line 919, in full_dispatch_request
    rv = self.handle_user_exception(e)
  File "C:\Users\Administrator\AppData\Local\Programs\Python\Python313\Lib\site-packages\flask\app.py", line 802, in handle_user_exception
    return self.handle_http_exception(e)
           ~~~~~~~~~~~~~~~~~~~~~~~~~~^^^
  File "C:\Users\Administrator\AppData\Local\Programs\Python\Python313\Lib\site-packages\flask\app.py", line 777, in handle_http_exception
    return self.ensure_sync(handler)(e)  # type: ignore[no-any-return]
           ~~~~~~~~~~~~~~~~~~~~~~~~~^^^
  File "D:\web_sell\app\routes.py", line 243, in not_found_error
    return redirect(url_for('home'))
                    ~~~~~~~^^^^^^^^
  File "C:\Users\Administrator\AppData\Local\Programs\Python\Python313\Lib\site-packages\flask\helpers.py", line 239, in url_for
    return current_app.url_for(
           ~~~~~~~~~~~~~~~~~~~^
        endpoint,
        ^^^^^^^^^
    ...<4 lines>...
        **values,
        ^^^^^^^^^
    )
    ^
  File "C:\Users\Administrator\AppData\Local\Programs\Python\Python313\Lib\site-packages\flask\app.py", line 1121, in url_for
    return self.handle_url_build_error(error, endpoint, values)
           ~~~~~~~~~~~~~~~~~~~~~~~~~~~^^^^^^^^^^^^^^^^^^^^^^^^^
  File "C:\Users\Administrator\AppData\Local\Programs\Python\Python313\Lib\site-packages\flask\app.py", line 1110, in url_for
    rv = url_adapter.build(  # type: ignore[union-attr]
        endpoint,
    ...<3 lines>...
        force_external=_external,
    )
  File "C:\Users\Administrator\AppData\Local\Programs\Python\Python313\Lib\site-packages\werkzeug\routing\map.py", line 901, in build
    raise BuildError(endpoint, values, method, self)
werkzeug.routing.exceptions.BuildError: Could not build url for endpoint 'home'. Did you mean 'checkout' instead?


--- 2026-06-17 14:23:55,274 ---
127.0.0.1 - - [17/Jun/2026 14:23:55] "[35m[1mGET /?page=1 HTTP/1.1[0m" 500 -

--- 2026-06-17 14:23:55,286 ---
Error on request:
Traceback (most recent call last):
  File "C:\Users\Administrator\AppData\Local\Programs\Python\Python313\Lib\site-packages\flask\app.py", line 917, in full_dispatch_request
    rv = self.dispatch_request()
  File "C:\Users\Administrator\AppData\Local\Programs\Python\Python313\Lib\site-packages\flask\app.py", line 891, in dispatch_request
    self.raise_routing_exception(req)
    ~~~~~~~~~~~~~~~~~~~~~~~~~~~~^^^^^
  File "C:\Users\Administrator\AppData\Local\Programs\Python\Python313\Lib\site-packages\flask\app.py", line 500, in raise_routing_exception
    raise request.routing_exception  # type: ignore[misc]
    ^^^^^^^^^^^^^^^^^^^^^^^^^^^^^^^
  File "C:\Users\Administrator\AppData\Local\Programs\Python\Python313\Lib\site-packages\flask\ctx.py", line 362, in match_request
    result = self.url_adapter.match(return_rule=True)  # type: ignore
  File "C:\Users\Administrator\AppData\Local\Programs\Python\Python313\Lib\site-packages\werkzeug\routing\map.py", line 629, in match
    raise NotFound() from None
werkzeug.exceptions.NotFound: 404 Not Found: The requested URL was not found on the server. If you entered the URL manually please check your spelling and try again.

During handling of the above exception, another exception occurred:

Traceback (most recent call last):
  File "C:\Users\Administrator\AppData\Local\Programs\Python\Python313\Lib\site-packages\flask\app.py", line 1511, in wsgi_app
    response = self.full_dispatch_request()
  File "C:\Users\Administrator\AppData\Local\Programs\Python\Python313\Lib\site-packages\flask\app.py", line 919, in full_dispatch_request
    rv = self.handle_user_exception(e)
  File "C:\Users\Administrator\AppData\Local\Programs\Python\Python313\Lib\site-packages\flask\app.py", line 802, in handle_user_exception
    return self.handle_http_exception(e)
           ~~~~~~~~~~~~~~~~~~~~~~~~~~^^^
  File "C:\Users\Administrator\AppData\Local\Programs\Python\Python313\Lib\site-packages\flask\app.py", line 777, in handle_http_exception
    return self.ensure_sync(handler)(e)  # type: ignore[no-any-return]
           ~~~~~~~~~~~~~~~~~~~~~~~~~^^^
  File "D:\web_sell\app\routes.py", line 243, in not_found_error
    return redirect(url_for('home'))
                    ~~~~~~~^^^^^^^^
  File "C:\Users\Administrator\AppData\Local\Programs\Python\Python313\Lib\site-packages\flask\helpers.py", line 239, in url_for
    return current_app.url_for(
    
  File "C:\Users\Administrator\AppData\Local\Programs\Python\Python313\Lib\site-packages\flask\app.py", line 1121, in url_for
    return self.handle_url_build_error(error, endpoint, values)
           ~~~~~~~~~~~~~~~~~~~~~~~~~~~^^^^^^^^^^^^^^^^^^^^^^^^^
  File "C:\Users\Administrator\AppData\Local\Programs\Python\Python313\Lib\site-packages\flask\app.py", line 1110, in url_for
    rv = url_adapter.build(  # type: ignore[union-attr]
    
  File "C:\Users\Administrator\AppData\Local\Programs\Python\Python313\Lib\site-packages\werkzeug\routing\map.py", line 901, in build
    raise BuildError(endpoint, values, method, self)
werkzeug.routing.exceptions.BuildError: Could not build url for endpoint 'home'. Did you mean 'checkout' instead?

During handling of the above exception, another exception occurred:

Traceback (most recent call last):
  File "C:\Users\Administrator\AppData\Local\Programs\Python\Python313\Lib\site-packages\werkzeug\serving.py", line 371, in run_wsgi
    execute(self.server.app)
    ~~~~~~~^^^^^^^^^^^^^^^^^
  File "C:\Users\Administrator\AppData\Local\Programs\Python\Python313\Lib\site-packages\werkzeug\serving.py", line 332, in execute
    application_iter = app(environ, start_response)
  File "C:\Users\Administrator\AppData\Local\Programs\Python\Python313\Lib\site-packages\flask\app.py", line 1536, in __call__
    return self.wsgi_app(environ, start_response)
           ~~~~~~~~~~~~~^^^^^^^^^^^^^^^^^^^^^^^^^
  File "C:\Users\Administrator\AppData\Local\Programs\Python\Python313\Lib\site-packages\flask\app.py", line 1514, in wsgi_app
    response = self.handle_exception(e)
  File "C:\Users\Administrator\AppData\Local\Programs\Python\Python313\Lib\site-packages\flask\app.py", line 860, in handle_exception
    server_error = self.ensure_sync(handler)(server_error)
  File "D:\web_sell\app\routes.py", line 269, in internal_error
    return redirect(url_for('home'))
                    ~~~~~~~^^^^^^^^
  File "C:\Users\Administrator\AppData\Local\Programs\Python\Python313\Lib\site-packages\flask\helpers.py", line 239, in url_for
    return current_app.url_for(
    
  File "C:\Users\Administrator\AppData\Local\Programs\Python\Python313\Lib\site-packages\flask\app.py", line 1121, in url_for
    return self.handle_url_build_error(error, endpoint, values)
           ~~~~~~~~~~~~~~~~~~~~~~~~~~~^^^^^^^^^^^^^^^^^^^^^^^^^
  File "C:\Users\Administrator\AppData\Local\Programs\Python\Python313\Lib\site-packages\flask\app.py", line 1110, in url_for
    rv = url_adapter.build(  # type: ignore[union-attr]
    
  File "C:\Users\Administrator\AppData\Local\Programs\Python\Python313\Lib\site-packages\werkzeug\routing\map.py", line 901, in build
    raise BuildError(endpoint, values, method, self)
werkzeug.routing.exceptions.BuildError: Could not build url for endpoint 'home'. Did you mean 'checkout' instead?

--- 2026-06-17 14:24:04,955 ---
L\u1ed7i \u1edf \u0111\u01b0\u1eddng d\u1eabn: /
Traceback (most recent call last):
  File "C:\Users\Administrator\AppData\Local\Programs\Python\Python313\Lib\site-packages\flask\app.py", line 917, in full_dispatch_request
    rv = self.dispatch_request()
  File "C:\Users\Administrator\AppData\Local\Programs\Python\Python313\Lib\site-packages\flask\app.py", line 902, in dispatch_request
    return self.ensure_sync(self.view_functions[rule.endpoint])(**view_args)  # type: ignore[no-any-return]
           ~~~~~~~~~~~~~~~~~~~~~~~~~~~~~~~~~~~~~~~~~~~~~~~~~~~~^^^^^^^^^^^^^
  File "D:\web_sell\app\routes.py", line 13, in home
    return render_template('index.html')
  File "C:\Users\Administrator\AppData\Local\Programs\Python\Python313\Lib\site-packages\flask\templating.py", line 151, in render_template
    return _render(app, template, context)
  File "C:\Users\Administrator\AppData\Local\Programs\Python\Python313\Lib\site-packages\flask\templating.py", line 132, in _render
    rv = template.render(context)
  File "C:\Users\Administrator\AppData\Local\Programs\Python\Python313\Lib\site-packages\jinja2\environment.py", line 1295, in render
    self.environment.handle_exception()
    ~~~~~~~~~~~~~~~~~~~~~~~~~~~~~~~~~^^
  File "C:\Users\Administrator\AppData\Local\Programs\Python\Python313\Lib\site-packages\jinja2\environment.py", line 942, in handle_exception
    raise rewrite_traceback_stack(source=source)
  File "D:\web_sell\app\templates\index.html", line 1, in top-level template code
    {% extends 'base.html' %}
  File "D:\web_sell\app\templates\base.html", line 96, in top-level template code
    {% block content %}
    ^^^^^^^^^^^^^^^^^
  File "D:\web_sell\app\templates\index.html", line 19, in block 'content'
    {% for product in products.items %}
    ^^^^^^^^^^^^^^^^^^^^^
  File "C:\Users\Administrator\AppData\Local\Programs\Python\Python313\Lib\site-packages\jinja2\environment.py", line 490, in getattr
    return getattr(obj, attribute)
jinja2.exceptions.UndefinedError: 'products' is undefined


--- 2026-06-17 14:24:04,956 ---
127.0.0.1 - - [17/Jun/2026 14:24:04] "[32mGET /?page=1 HTTP/1.1[0m" 302 -

--- 2026-06-17 14:24:04,977 ---
L\u1ed7i \u1edf \u0111\u01b0\u1eddng d\u1eabn: /
Traceback (most recent call last):
  File "C:\Users\Administrator\AppData\Local\Programs\Python\Python313\Lib\site-packages\flask\app.py", line 917, in full_dispatch_request
    rv = self.dispatch_request()
  File "C:\Users\Administrator\AppData\Local\Programs\Python\Python313\Lib\site-packages\flask\app.py", line 902, in dispatch_request
    return self.ensure_sync(self.view_functions[rule.endpoint])(**view_args)  # type: ignore[no-any-return]
           ~~~~~~~~~~~~~~~~~~~~~~~~~~~~~~~~~~~~~~~~~~~~~~~~~~~~^^^^^^^^^^^^^
  File "D:\web_sell\app\routes.py", line 13, in home
    return render_template('index.html')
  File "C:\Users\Administrator\AppData\Local\Programs\Python\Python313\Lib\site-packages\flask\templating.py", line 151, in render_template
    return _render(app, template, context)
  File "C:\Users\Administrator\AppData\Local\Programs\Python\Python313\Lib\site-packages\flask\templating.py", line 132, in _render
    rv = template.render(context)
  File "C:\Users\Administrator\AppData\Local\Programs\Python\Python313\Lib\site-packages\jinja2\environment.py", line 1295, in render
    self.environment.handle_exception()
    ~~~~~~~~~~~~~~~~~~~~~~~~~~~~~~~~~^^
  File "C:\Users\Administrator\AppData\Local\Programs\Python\Python313\Lib\site-packages\jinja2\environment.py", line 942, in handle_exception
    raise rewrite_traceback_stack(source=source)
  File "D:\web_sell\app\templates\index.html", line 1, in top-level template code
    {% extends 'base.html' %}
  File "D:\web_sell\app\templates\base.html", line 96, in top-level template code
    {% block content %}
    ^^^^^^^^^^^^^^^^^
  File "D:\web_sell\app\templates\index.html", line 19, in block 'content'
    {% for product in products.items %}
    ^^^^^^^^^^^^^^^^^^^^^
  File "C:\Users\Administrator\AppData\Local\Programs\Python\Python313\Lib\site-packages\jinja2\environment.py", line 490, in getattr
    return getattr(obj, attribute)
jinja2.exceptions.UndefinedError: 'products' is undefined


--- 2026-06-17 14:24:04,978 ---
127.0.0.1 - - [17/Jun/2026 14:24:04] "[32mGET / HTTP/1.1[0m" 302 -

--- 2026-06-17 14:24:04,992 ---
L\u1ed7i \u1edf \u0111\u01b0\u1eddng d\u1eabn: /
Traceback (most recent call last):
  File "C:\Users\Administrator\AppData\Local\Programs\Python\Python313\Lib\site-packages\flask\app.py", line 917, in full_dispatch_request
    rv = self.dispatch_request()
  File "C:\Users\Administrator\AppData\Local\Programs\Python\Python313\Lib\site-packages\flask\app.py", line 902, in dispatch_request
    return self.ensure_sync(self.view_functions[rule.endpoint])(**view_args)  # type: ignore[no-any-return]
           ~~~~~~~~~~~~~~~~~~~~~~~~~~~~~~~~~~~~~~~~~~~~~~~~~~~~^^^^^^^^^^^^^
  File "D:\web_sell\app\routes.py", line 13, in home
    return render_template('index.html')
  File "C:\Users\Administrator\AppData\Local\Programs\Python\Python313\Lib\site-packages\flask\templating.py", line 151, in render_template
    return _render(app, template, context)
  File "C:\Users\Administrator\AppData\Local\Programs\Python\Python313\Lib\site-packages\flask\templating.py", line 132, in _render
    rv = template.render(context)
  File "C:\Users\Administrator\AppData\Local\Programs\Python\Python313\Lib\site-packages\jinja2\environment.py", line 1295, in render
    self.environment.handle_exception()
    ~~~~~~~~~~~~~~~~~~~~~~~~~~~~~~~~~^^
  File "C:\Users\Administrator\AppData\Local\Programs\Python\Python313\Lib\site-packages\jinja2\environment.py", line 942, in handle_exception
    raise rewrite_traceback_stack(source=source)
  File "D:\web_sell\app\templates\index.html", line 1, in top-level template code
    {% extends 'base.html' %}
  File "D:\web_sell\app\templates\base.html", line 96, in top-level template code
    {% block content %}
    ^^^^^^^^^^^^^^^^^
  File "D:\web_sell\app\templates\index.html", line 19, in block 'content'
    {% for product in products.items %}
    ^^^^^^^^^^^^^^^^^^^^^
  File "C:\Users\Administrator\AppData\Local\Programs\Python\Python313\Lib\site-packages\jinja2\environment.py", line 490, in getattr
    return getattr(obj, attribute)
jinja2.exceptions.UndefinedError: 'products' is undefined


--- 2026-06-17 14:24:04,992 ---
127.0.0.1 - - [17/Jun/2026 14:24:04] "[32mGET / HTTP/1.1[0m" 302 -

--- 2026-06-17 14:24:05,005 ---
L\u1ed7i \u1edf \u0111\u01b0\u1eddng d\u1eabn: /
Traceback (most recent call last):
  File "C:\Users\Administrator\AppData\Local\Programs\Python\Python313\Lib\site-packages\flask\app.py", line 917, in full_dispatch_request
    rv = self.dispatch_request()
  File "C:\Users\Administrator\AppData\Local\Programs\Python\Python313\Lib\site-packages\flask\app.py", line 902, in dispatch_request
    return self.ensure_sync(self.view_functions[rule.endpoint])(**view_args)  # type: ignore[no-any-return]
           ~~~~~~~~~~~~~~~~~~~~~~~~~~~~~~~~~~~~~~~~~~~~~~~~~~~~^^^^^^^^^^^^^
  File "D:\web_sell\app\routes.py", line 13, in home
    return render_template('index.html')
  File "C:\Users\Administrator\AppData\Local\Programs\Python\Python313\Lib\site-packages\flask\templating.py", line 151, in render_template
    return _render(app, template, context)
  File "C:\Users\Administrator\AppData\Local\Programs\Python\Python313\Lib\site-packages\flask\templating.py", line 132, in _render
    rv = template.render(context)
  File "C:\Users\Administrator\AppData\Local\Programs\Python\Python313\Lib\site-packages\jinja2\environment.py", line 1295, in render
    self.environment.handle_exception()
    ~~~~~~~~~~~~~~~~~~~~~~~~~~~~~~~~~^^
  File "C:\Users\Administrator\AppData\Local\Programs\Python\Python313\Lib\site-packages\jinja2\environment.py", line 942, in handle_exception
    raise rewrite_traceback_stack(source=source)
  File "D:\web_sell\app\templates\index.html", line 1, in top-level template code
    {% extends 'base.html' %}
  File "D:\web_sell\app\templates\base.html", line 96, in top-level template code
    {% block content %}
    ^^^^^^^^^^^^^^^^^
  File "D:\web_sell\app\templates\index.html", line 19, in block 'content'
    {% for product in products.items %}
    ^^^^^^^^^^^^^^^^^^^^^
  File "C:\Users\Administrator\AppData\Local\Programs\Python\Python313\Lib\site-packages\jinja2\environment.py", line 490, in getattr
    return getattr(obj, attribute)
jinja2.exceptions.UndefinedError: 'products' is undefined


--- 2026-06-17 14:24:05,005 ---
127.0.0.1 - - [17/Jun/2026 14:24:05] "[32mGET / HTTP/1.1[0m" 302 -

--- 2026-06-17 14:24:05,017 ---
L\u1ed7i \u1edf \u0111\u01b0\u1eddng d\u1eabn: /
Traceback (most recent call last):
  File "C:\Users\Administrator\AppData\Local\Programs\Python\Python313\Lib\site-packages\flask\app.py", line 917, in full_dispatch_request
    rv = self.dispatch_request()
  File "C:\Users\Administrator\AppData\Local\Programs\Python\Python313\Lib\site-packages\flask\app.py", line 902, in dispatch_request
    return self.ensure_sync(self.view_functions[rule.endpoint])(**view_args)  # type: ignore[no-any-return]
           ~~~~~~~~~~~~~~~~~~~~~~~~~~~~~~~~~~~~~~~~~~~~~~~~~~~~^^^^^^^^^^^^^
  File "D:\web_sell\app\routes.py", line 13, in home
    return render_template('index.html')
  File "C:\Users\Administrator\AppData\Local\Programs\Python\Python313\Lib\site-packages\flask\templating.py", line 151, in render_template
    return _render(app, template, context)
  File "C:\Users\Administrator\AppData\Local\Programs\Python\Python313\Lib\site-packages\flask\templating.py", line 132, in _render
    rv = template.render(context)
  File "C:\Users\Administrator\AppData\Local\Programs\Python\Python313\Lib\site-packages\jinja2\environment.py", line 1295, in render
    self.environment.handle_exception()
    ~~~~~~~~~~~~~~~~~~~~~~~~~~~~~~~~~^^
  File "C:\Users\Administrator\AppData\Local\Programs\Python\Python313\Lib\site-packages\jinja2\environment.py", line 942, in handle_exception
    raise rewrite_traceback_stack(source=source)
  File "D:\web_sell\app\templates\index.html", line 1, in top-level template code
    {% extends 'base.html' %}
  File "D:\web_sell\app\templates\base.html", line 96, in top-level template code
    {% block content %}
    ^^^^^^^^^^^^^^^^^
  File "D:\web_sell\app\templates\index.html", line 19, in block 'content'
    {% for product in products.items %}
    ^^^^^^^^^^^^^^^^^^^^^
  File "C:\Users\Administrator\AppData\Local\Programs\Python\Python313\Lib\site-packages\jinja2\environment.py", line 490, in getattr
    return getattr(obj, attribute)
jinja2.exceptions.UndefinedError: 'products' is undefined


--- 2026-06-17 14:24:05,018 ---
127.0.0.1 - - [17/Jun/2026 14:24:05] "[32mGET / HTTP/1.1[0m" 302 -

--- 2026-06-17 14:24:05,050 ---
L\u1ed7i \u1edf \u0111\u01b0\u1eddng d\u1eabn: /
Traceback (most recent call last):
  File "C:\Users\Administrator\AppData\Local\Programs\Python\Python313\Lib\site-packages\flask\app.py", line 917, in full_dispatch_request
    rv = self.dispatch_request()
  File "C:\Users\Administrator\AppData\Local\Programs\Python\Python313\Lib\site-packages\flask\app.py", line 902, in dispatch_request
    return self.ensure_sync(self.view_functions[rule.endpoint])(**view_args)  # type: ignore[no-any-return]
           ~~~~~~~~~~~~~~~~~~~~~~~~~~~~~~~~~~~~~~~~~~~~~~~~~~~~^^^^^^^^^^^^^
  File "D:\web_sell\app\routes.py", line 13, in home
    return render_template('index.html')
  File "C:\Users\Administrator\AppData\Local\Programs\Python\Python313\Lib\site-packages\flask\templating.py", line 151, in render_template
    return _render(app, template, context)
  File "C:\Users\Administrator\AppData\Local\Programs\Python\Python313\Lib\site-packages\flask\templating.py", line 132, in _render
    rv = template.render(context)
  File "C:\Users\Administrator\AppData\Local\Programs\Python\Python313\Lib\site-packages\jinja2\environment.py", line 1295, in render
    self.environment.handle_exception()
    ~~~~~~~~~~~~~~~~~~~~~~~~~~~~~~~~~^^
  File "C:\Users\Administrator\AppData\Local\Programs\Python\Python313\Lib\site-packages\jinja2\environment.py", line 942, in handle_exception
    raise rewrite_traceback_stack(source=source)
  File "D:\web_sell\app\templates\index.html", line 1, in top-level template code
    {% extends 'base.html' %}
  File "D:\web_sell\app\templates\base.html", line 96, in top-level template code
    {% block content %}
    ^^^^^^^^^^^^^^^^^
  File "D:\web_sell\app\templates\index.html", line 19, in block 'content'
    {% for product in products.items %}
    ^^^^^^^^^^^^^^^^^^^^^
  File "C:\Users\Administrator\AppData\Local\Programs\Python\Python313\Lib\site-packages\jinja2\environment.py", line 490, in getattr
    return getattr(obj, attribute)
jinja2.exceptions.UndefinedError: 'products' is undefined


--- 2026-06-17 14:24:05,051 ---
127.0.0.1 - - [17/Jun/2026 14:24:05] "[32mGET / HTTP/1.1[0m" 302 -

--- 2026-06-17 14:24:05,064 ---
L\u1ed7i \u1edf \u0111\u01b0\u1eddng d\u1eabn: /
Traceback (most recent call last):
  File "C:\Users\Administrator\AppData\Local\Programs\Python\Python313\Lib\site-packages\flask\app.py", line 917, in full_dispatch_request
    rv = self.dispatch_request()
  File "C:\Users\Administrator\AppData\Local\Programs\Python\Python313\Lib\site-packages\flask\app.py", line 902, in dispatch_request
    return self.ensure_sync(self.view_functions[rule.endpoint])(**view_args)  # type: ignore[no-any-return]
           ~~~~~~~~~~~~~~~~~~~~~~~~~~~~~~~~~~~~~~~~~~~~~~~~~~~~^^^^^^^^^^^^^
  File "D:\web_sell\app\routes.py", line 13, in home
    return render_template('index.html')
  File "C:\Users\Administrator\AppData\Local\Programs\Python\Python313\Lib\site-packages\flask\templating.py", line 151, in render_template
    return _render(app, template, context)
  File "C:\Users\Administrator\AppData\Local\Programs\Python\Python313\Lib\site-packages\flask\templating.py", line 132, in _render
    rv = template.render(context)
  File "C:\Users\Administrator\AppData\Local\Programs\Python\Python313\Lib\site-packages\jinja2\environment.py", line 1295, in render
    self.environment.handle_exception()
    ~~~~~~~~~~~~~~~~~~~~~~~~~~~~~~~~~^^
  File "C:\Users\Administrator\AppData\Local\Programs\Python\Python313\Lib\site-packages\jinja2\environment.py", line 942, in handle_exception
    raise rewrite_traceback_stack(source=source)
  File "D:\web_sell\app\templates\index.html", line 1, in top-level template code
    {% extends 'base.html' %}
  File "D:\web_sell\app\templates\base.html", line 96, in top-level template code
    {% block content %}
    ^^^^^^^^^^^^^^^^^
  File "D:\web_sell\app\templates\index.html", line 19, in block 'content'
    {% for product in products.items %}
    ^^^^^^^^^^^^^^^^^^^^^
  File "C:\Users\Administrator\AppData\Local\Programs\Python\Python313\Lib\site-packages\jinja2\environment.py", line 490, in getattr
    return getattr(obj, attribute)
jinja2.exceptions.UndefinedError: 'products' is undefined


--- 2026-06-17 14:24:05,064 ---
127.0.0.1 - - [17/Jun/2026 14:24:05] "[32mGET / HTTP/1.1[0m" 302 -

--- 2026-06-17 14:24:05,077 ---
L\u1ed7i \u1edf \u0111\u01b0\u1eddng d\u1eabn: /
Traceback (most recent call last):
  File "C:\Users\Administrator\AppData\Local\Programs\Python\Python313\Lib\site-packages\flask\app.py", line 917, in full_dispatch_request
    rv = self.dispatch_request()
  File "C:\Users\Administrator\AppData\Local\Programs\Python\Python313\Lib\site-packages\flask\app.py", line 902, in dispatch_request
    return self.ensure_sync(self.view_functions[rule.endpoint])(**view_args)  # type: ignore[no-any-return]
           ~~~~~~~~~~~~~~~~~~~~~~~~~~~~~~~~~~~~~~~~~~~~~~~~~~~~^^^^^^^^^^^^^
  File "D:\web_sell\app\routes.py", line 13, in home
    return render_template('index.html')
  File "C:\Users\Administrator\AppData\Local\Programs\Python\Python313\Lib\site-packages\flask\templating.py", line 151, in render_template
    return _render(app, template, context)
  File "C:\Users\Administrator\AppData\Local\Programs\Python\Python313\Lib\site-packages\flask\templating.py", line 132, in _render
    rv = template.render(context)
  File "C:\Users\Administrator\AppData\Local\Programs\Python\Python313\Lib\site-packages\jinja2\environment.py", line 1295, in render
    self.environment.handle_exception()
    ~~~~~~~~~~~~~~~~~~~~~~~~~~~~~~~~~^^
  File "C:\Users\Administrator\AppData\Local\Programs\Python\Python313\Lib\site-packages\jinja2\environment.py", line 942, in handle_exception
    raise rewrite_traceback_stack(source=source)
  File "D:\web_sell\app\templates\index.html", line 1, in top-level template code
    {% extends 'base.html' %}
  File "D:\web_sell\app\templates\base.html", line 96, in top-level template code
    {% block content %}
    ^^^^^^^^^^^^^^^^^
  File "D:\web_sell\app\templates\index.html", line 19, in block 'content'
    {% for product in products.items %}
    ^^^^^^^^^^^^^^^^^^^^^
  File "C:\Users\Administrator\AppData\Local\Programs\Python\Python313\Lib\site-packages\jinja2\environment.py", line 490, in getattr
    return getattr(obj, attribute)
jinja2.exceptions.UndefinedError: 'products' is undefined


--- 2026-06-17 14:24:05,078 ---
127.0.0.1 - - [17/Jun/2026 14:24:05] "[32mGET / HTTP/1.1[0m" 302 -

--- 2026-06-17 14:24:05,091 ---
L\u1ed7i \u1edf \u0111\u01b0\u1eddng d\u1eabn: /
Traceback (most recent call last):
  File "C:\Users\Administrator\AppData\Local\Programs\Python\Python313\Lib\site-packages\flask\app.py", line 917, in full_dispatch_request
    rv = self.dispatch_request()
  File "C:\Users\Administrator\AppData\Local\Programs\Python\Python313\Lib\site-packages\flask\app.py", line 902, in dispatch_request
    return self.ensure_sync(self.view_functions[rule.endpoint])(**view_args)  # type: ignore[no-any-return]
           ~~~~~~~~~~~~~~~~~~~~~~~~~~~~~~~~~~~~~~~~~~~~~~~~~~~~^^^^^^^^^^^^^
  File "D:\web_sell\app\routes.py", line 13, in home
    return render_template('index.html')
  File "C:\Users\Administrator\AppData\Local\Programs\Python\Python313\Lib\site-packages\flask\templating.py", line 151, in render_template
    return _render(app, template, context)
  File "C:\Users\Administrator\AppData\Local\Programs\Python\Python313\Lib\site-packages\flask\templating.py", line 132, in _render
    rv = template.render(context)
  File "C:\Users\Administrator\AppData\Local\Programs\Python\Python313\Lib\site-packages\jinja2\environment.py", line 1295, in render
    self.environment.handle_exception()
    ~~~~~~~~~~~~~~~~~~~~~~~~~~~~~~~~~^^
  File "C:\Users\Administrator\AppData\Local\Programs\Python\Python313\Lib\site-packages\jinja2\environment.py", line 942, in handle_exception
    raise rewrite_traceback_stack(source=source)
  File "D:\web_sell\app\templates\index.html", line 1, in top-level template code
    {% extends 'base.html' %}
  File "D:\web_sell\app\templates\base.html", line 96, in top-level template code
    {% block content %}
    ^^^^^^^^^^^^^^^^^
  File "D:\web_sell\app\templates\index.html", line 19, in block 'content'
    {% for product in products.items %}
    ^^^^^^^^^^^^^^^^^^^^^
  File "C:\Users\Administrator\AppData\Local\Programs\Python\Python313\Lib\site-packages\jinja2\environment.py", line 490, in getattr
    return getattr(obj, attribute)
jinja2.exceptions.UndefinedError: 'products' is undefined


--- 2026-06-17 14:24:05,091 ---
127.0.0.1 - - [17/Jun/2026 14:24:05] "[32mGET / HTTP/1.1[0m" 302 -

--- 2026-06-17 14:24:05,105 ---
L\u1ed7i \u1edf \u0111\u01b0\u1eddng d\u1eabn: /
Traceback (most recent call last):
  File "C:\Users\Administrator\AppData\Local\Programs\Python\Python313\Lib\site-packages\flask\app.py", line 917, in full_dispatch_request
    rv = self.dispatch_request()
  File "C:\Users\Administrator\AppData\Local\Programs\Python\Python313\Lib\site-packages\flask\app.py", line 902, in dispatch_request
    return self.ensure_sync(self.view_functions[rule.endpoint])(**view_args)  # type: ignore[no-any-return]
           ~~~~~~~~~~~~~~~~~~~~~~~~~~~~~~~~~~~~~~~~~~~~~~~~~~~~^^^^^^^^^^^^^
  File "D:\web_sell\app\routes.py", line 13, in home
    return render_template('index.html')
  File "C:\Users\Administrator\AppData\Local\Programs\Python\Python313\Lib\site-packages\flask\templating.py", line 151, in render_template
    return _render(app, template, context)
  File "C:\Users\Administrator\AppData\Local\Programs\Python\Python313\Lib\site-packages\flask\templating.py", line 132, in _render
    rv = template.render(context)
  File "C:\Users\Administrator\AppData\Local\Programs\Python\Python313\Lib\site-packages\jinja2\environment.py", line 1295, in render
    self.environment.handle_exception()
    ~~~~~~~~~~~~~~~~~~~~~~~~~~~~~~~~~^^
  File "C:\Users\Administrator\AppData\Local\Programs\Python\Python313\Lib\site-packages\jinja2\environment.py", line 942, in handle_exception
    raise rewrite_traceback_stack(source=source)
  File "D:\web_sell\app\templates\index.html", line 1, in top-level template code
    {% extends 'base.html' %}
  File "D:\web_sell\app\templates\base.html", line 96, in top-level template code
    {% block content %}
    ^^^^^^^^^^^^^^^^^
  File "D:\web_sell\app\templates\index.html", line 19, in block 'content'
    {% for product in products.items %}
    ^^^^^^^^^^^^^^^^^^^^^
  File "C:\Users\Administrator\AppData\Local\Programs\Python\Python313\Lib\site-packages\jinja2\environment.py", line 490, in getattr
    return getattr(obj, attribute)
jinja2.exceptions.UndefinedError: 'products' is undefined


--- 2026-06-17 14:24:05,106 ---
127.0.0.1 - - [17/Jun/2026 14:24:05] "[32mGET / HTTP/1.1[0m" 302 -

--- 2026-06-17 14:24:05,118 ---
L\u1ed7i \u1edf \u0111\u01b0\u1eddng d\u1eabn: /
Traceback (most recent call last):
  File "C:\Users\Administrator\AppData\Local\Programs\Python\Python313\Lib\site-packages\flask\app.py", line 917, in full_dispatch_request
    rv = self.dispatch_request()
  File "C:\Users\Administrator\AppData\Local\Programs\Python\Python313\Lib\site-packages\flask\app.py", line 902, in dispatch_request
    return self.ensure_sync(self.view_functions[rule.endpoint])(**view_args)  # type: ignore[no-any-return]
           ~~~~~~~~~~~~~~~~~~~~~~~~~~~~~~~~~~~~~~~~~~~~~~~~~~~~^^^^^^^^^^^^^
  File "D:\web_sell\app\routes.py", line 13, in home
    return render_template('index.html')
  File "C:\Users\Administrator\AppData\Local\Programs\Python\Python313\Lib\site-packages\flask\templating.py", line 151, in render_template
    return _render(app, template, context)
  File "C:\Users\Administrator\AppData\Local\Programs\Python\Python313\Lib\site-packages\flask\templating.py", line 132, in _render
    rv = template.render(context)
  File "C:\Users\Administrator\AppData\Local\Programs\Python\Python313\Lib\site-packages\jinja2\environment.py", line 1295, in render
    self.environment.handle_exception()
    ~~~~~~~~~~~~~~~~~~~~~~~~~~~~~~~~~^^
  File "C:\Users\Administrator\AppData\Local\Programs\Python\Python313\Lib\site-packages\jinja2\environment.py", line 942, in handle_exception
    raise rewrite_traceback_stack(source=source)
  File "D:\web_sell\app\templates\index.html", line 1, in top-level template code
    {% extends 'base.html' %}
  File "D:\web_sell\app\templates\base.html", line 96, in top-level template code
    {% block content %}
    ^^^^^^^^^^^^^^^^^
  File "D:\web_sell\app\templates\index.html", line 19, in block 'content'
    {% for product in products.items %}
    ^^^^^^^^^^^^^^^^^^^^^
  File "C:\Users\Administrator\AppData\Local\Programs\Python\Python313\Lib\site-packages\jinja2\environment.py", line 490, in getattr
    return getattr(obj, attribute)
jinja2.exceptions.UndefinedError: 'products' is undefined


--- 2026-06-17 14:24:05,118 ---
127.0.0.1 - - [17/Jun/2026 14:24:05] "[32mGET / HTTP/1.1[0m" 302 -

--- 2026-06-17 14:24:05,129 ---
L\u1ed7i \u1edf \u0111\u01b0\u1eddng d\u1eabn: /
Traceback (most recent call last):
  File "C:\Users\Administrator\AppData\Local\Programs\Python\Python313\Lib\site-packages\flask\app.py", line 917, in full_dispatch_request
    rv = self.dispatch_request()
  File "C:\Users\Administrator\AppData\Local\Programs\Python\Python313\Lib\site-packages\flask\app.py", line 902, in dispatch_request
    return self.ensure_sync(self.view_functions[rule.endpoint])(**view_args)  # type: ignore[no-any-return]
           ~~~~~~~~~~~~~~~~~~~~~~~~~~~~~~~~~~~~~~~~~~~~~~~~~~~~^^^^^^^^^^^^^
  File "D:\web_sell\app\routes.py", line 13, in home
    return render_template('index.html')
  File "C:\Users\Administrator\AppData\Local\Programs\Python\Python313\Lib\site-packages\flask\templating.py", line 151, in render_template
    return _render(app, template, context)
  File "C:\Users\Administrator\AppData\Local\Programs\Python\Python313\Lib\site-packages\flask\templating.py", line 132, in _render
    rv = template.render(context)
  File "C:\Users\Administrator\AppData\Local\Programs\Python\Python313\Lib\site-packages\jinja2\environment.py", line 1295, in render
    self.environment.handle_exception()
    ~~~~~~~~~~~~~~~~~~~~~~~~~~~~~~~~~^^
  File "C:\Users\Administrator\AppData\Local\Programs\Python\Python313\Lib\site-packages\jinja2\environment.py", line 942, in handle_exception
    raise rewrite_traceback_stack(source=source)
  File "D:\web_sell\app\templates\index.html", line 1, in top-level template code
    {% extends 'base.html' %}
  File "D:\web_sell\app\templates\base.html", line 96, in top-level template code
    {% block content %}
    ^^^^^^^^^^^^^^^^^
  File "D:\web_sell\app\templates\index.html", line 19, in block 'content'
    {% for product in products.items %}
    ^^^^^^^^^^^^^^^^^^^^^
  File "C:\Users\Administrator\AppData\Local\Programs\Python\Python313\Lib\site-packages\jinja2\environment.py", line 490, in getattr
    return getattr(obj, attribute)
jinja2.exceptions.UndefinedError: 'products' is undefined


--- 2026-06-17 14:24:05,129 ---
127.0.0.1 - - [17/Jun/2026 14:24:05] "[32mGET / HTTP/1.1[0m" 302 -

--- 2026-06-17 14:24:05,142 ---
L\u1ed7i \u1edf \u0111\u01b0\u1eddng d\u1eabn: /
Traceback (most recent call last):
  File "C:\Users\Administrator\AppData\Local\Programs\Python\Python313\Lib\site-packages\flask\app.py", line 917, in full_dispatch_request
    rv = self.dispatch_request()
  File "C:\Users\Administrator\AppData\Local\Programs\Python\Python313\Lib\site-packages\flask\app.py", line 902, in dispatch_request
    return self.ensure_sync(self.view_functions[rule.endpoint])(**view_args)  # type: ignore[no-any-return]
           ~~~~~~~~~~~~~~~~~~~~~~~~~~~~~~~~~~~~~~~~~~~~~~~~~~~~^^^^^^^^^^^^^
  File "D:\web_sell\app\routes.py", line 13, in home
    return render_template('index.html')
  File "C:\Users\Administrator\AppData\Local\Programs\Python\Python313\Lib\site-packages\flask\templating.py", line 151, in render_template
    return _render(app, template, context)
  File "C:\Users\Administrator\AppData\Local\Programs\Python\Python313\Lib\site-packages\flask\templating.py", line 132, in _render
    rv = template.render(context)
  File "C:\Users\Administrator\AppData\Local\Programs\Python\Python313\Lib\site-packages\jinja2\environment.py", line 1295, in render
    self.environment.handle_exception()
    ~~~~~~~~~~~~~~~~~~~~~~~~~~~~~~~~~^^
  File "C:\Users\Administrator\AppData\Local\Programs\Python\Python313\Lib\site-packages\jinja2\environment.py", line 942, in handle_exception
    raise rewrite_traceback_stack(source=source)
  File "D:\web_sell\app\templates\index.html", line 1, in top-level template code
    {% extends 'base.html' %}
  File "D:\web_sell\app\templates\base.html", line 96, in top-level template code
    {% block content %}
    ^^^^^^^^^^^^^^^^^
  File "D:\web_sell\app\templates\index.html", line 19, in block 'content'
    {% for product in products.items %}
    ^^^^^^^^^^^^^^^^^^^^^
  File "C:\Users\Administrator\AppData\Local\Programs\Python\Python313\Lib\site-packages\jinja2\environment.py", line 490, in getattr
    return getattr(obj, attribute)
jinja2.exceptions.UndefinedError: 'products' is undefined


--- 2026-06-17 14:24:05,143 ---
127.0.0.1 - - [17/Jun/2026 14:24:05] "[32mGET / HTTP/1.1[0m" 302 -

--- 2026-06-17 14:24:05,155 ---
L\u1ed7i \u1edf \u0111\u01b0\u1eddng d\u1eabn: /
Traceback (most recent call last):
  File "C:\Users\Administrator\AppData\Local\Programs\Python\Python313\Lib\site-packages\flask\app.py", line 917, in full_dispatch_request
    rv = self.dispatch_request()
  File "C:\Users\Administrator\AppData\Local\Programs\Python\Python313\Lib\site-packages\flask\app.py", line 902, in dispatch_request
    return self.ensure_sync(self.view_functions[rule.endpoint])(**view_args)  # type: ignore[no-any-return]
           ~~~~~~~~~~~~~~~~~~~~~~~~~~~~~~~~~~~~~~~~~~~~~~~~~~~~^^^^^^^^^^^^^
  File "D:\web_sell\app\routes.py", line 13, in home
    return render_template('index.html')
  File "C:\Users\Administrator\AppData\Local\Programs\Python\Python313\Lib\site-packages\flask\templating.py", line 151, in render_template
    return _render(app, template, context)
  File "C:\Users\Administrator\AppData\Local\Programs\Python\Python313\Lib\site-packages\flask\templating.py", line 132, in _render
    rv = template.render(context)
  File "C:\Users\Administrator\AppData\Local\Programs\Python\Python313\Lib\site-packages\jinja2\environment.py", line 1295, in render
    self.environment.handle_exception()
    ~~~~~~~~~~~~~~~~~~~~~~~~~~~~~~~~~^^
  File "C:\Users\Administrator\AppData\Local\Programs\Python\Python313\Lib\site-packages\jinja2\environment.py", line 942, in handle_exception
    raise rewrite_traceback_stack(source=source)
  File "D:\web_sell\app\templates\index.html", line 1, in top-level template code
    {% extends 'base.html' %}
  File "D:\web_sell\app\templates\base.html", line 96, in top-level template code
    {% block content %}
    ^^^^^^^^^^^^^^^^^
  File "D:\web_sell\app\templates\index.html", line 19, in block 'content'
    {% for product in products.items %}
    ^^^^^^^^^^^^^^^^^^^^^
  File "C:\Users\Administrator\AppData\Local\Programs\Python\Python313\Lib\site-packages\jinja2\environment.py", line 490, in getattr
    return getattr(obj, attribute)
jinja2.exceptions.UndefinedError: 'products' is undefined


--- 2026-06-17 14:24:05,155 ---
127.0.0.1 - - [17/Jun/2026 14:24:05] "[32mGET / HTTP/1.1[0m" 302 -

--- 2026-06-17 14:24:05,166 ---
L\u1ed7i \u1edf \u0111\u01b0\u1eddng d\u1eabn: /
Traceback (most recent call last):
  File "C:\Users\Administrator\AppData\Local\Programs\Python\Python313\Lib\site-packages\flask\app.py", line 917, in full_dispatch_request
    rv = self.dispatch_request()
  File "C:\Users\Administrator\AppData\Local\Programs\Python\Python313\Lib\site-packages\flask\app.py", line 902, in dispatch_request
    return self.ensure_sync(self.view_functions[rule.endpoint])(**view_args)  # type: ignore[no-any-return]
           ~~~~~~~~~~~~~~~~~~~~~~~~~~~~~~~~~~~~~~~~~~~~~~~~~~~~^^^^^^^^^^^^^
  File "D:\web_sell\app\routes.py", line 13, in home
    return render_template('index.html')
  File "C:\Users\Administrator\AppData\Local\Programs\Python\Python313\Lib\site-packages\flask\templating.py", line 151, in render_template
    return _render(app, template, context)
  File "C:\Users\Administrator\AppData\Local\Programs\Python\Python313\Lib\site-packages\flask\templating.py", line 132, in _render
    rv = template.render(context)
  File "C:\Users\Administrator\AppData\Local\Programs\Python\Python313\Lib\site-packages\jinja2\environment.py", line 1295, in render
    self.environment.handle_exception()
    ~~~~~~~~~~~~~~~~~~~~~~~~~~~~~~~~~^^
  File "C:\Users\Administrator\AppData\Local\Programs\Python\Python313\Lib\site-packages\jinja2\environment.py", line 942, in handle_exception
    raise rewrite_traceback_stack(source=source)
  File "D:\web_sell\app\templates\index.html", line 1, in top-level template code
    {% extends 'base.html' %}
  File "D:\web_sell\app\templates\base.html", line 96, in top-level template code
    {% block content %}
    ^^^^^^^^^^^^^^^^^
  File "D:\web_sell\app\templates\index.html", line 19, in block 'content'
    {% for product in products.items %}
    ^^^^^^^^^^^^^^^^^^^^^
  File "C:\Users\Administrator\AppData\Local\Programs\Python\Python313\Lib\site-packages\jinja2\environment.py", line 490, in getattr
    return getattr(obj, attribute)
jinja2.exceptions.UndefinedError: 'products' is undefined


--- 2026-06-17 14:24:05,166 ---
127.0.0.1 - - [17/Jun/2026 14:24:05] "[32mGET / HTTP/1.1[0m" 302 -

--- 2026-06-17 14:24:05,178 ---
L\u1ed7i \u1edf \u0111\u01b0\u1eddng d\u1eabn: /
Traceback (most recent call last):
  File "C:\Users\Administrator\AppData\Local\Programs\Python\Python313\Lib\site-packages\flask\app.py", line 917, in full_dispatch_request
    rv = self.dispatch_request()
  File "C:\Users\Administrator\AppData\Local\Programs\Python\Python313\Lib\site-packages\flask\app.py", line 902, in dispatch_request
    return self.ensure_sync(self.view_functions[rule.endpoint])(**view_args)  # type: ignore[no-any-return]
           ~~~~~~~~~~~~~~~~~~~~~~~~~~~~~~~~~~~~~~~~~~~~~~~~~~~~^^^^^^^^^^^^^
  File "D:\web_sell\app\routes.py", line 13, in home
    return render_template('index.html')
  File "C:\Users\Administrator\AppData\Local\Programs\Python\Python313\Lib\site-packages\flask\templating.py", line 151, in render_template
    return _render(app, template, context)
  File "C:\Users\Administrator\AppData\Local\Programs\Python\Python313\Lib\site-packages\flask\templating.py", line 132, in _render
    rv = template.render(context)
  File "C:\Users\Administrator\AppData\Local\Programs\Python\Python313\Lib\site-packages\jinja2\environment.py", line 1295, in render
    self.environment.handle_exception()
    ~~~~~~~~~~~~~~~~~~~~~~~~~~~~~~~~~^^
  File "C:\Users\Administrator\AppData\Local\Programs\Python\Python313\Lib\site-packages\jinja2\environment.py", line 942, in handle_exception
    raise rewrite_traceback_stack(source=source)
  File "D:\web_sell\app\templates\index.html", line 1, in top-level template code
    {% extends 'base.html' %}
  File "D:\web_sell\app\templates\base.html", line 96, in top-level template code
    {% block content %}
    ^^^^^^^^^^^^^^^^^
  File "D:\web_sell\app\templates\index.html", line 19, in block 'content'
    {% for product in products.items %}
    ^^^^^^^^^^^^^^^^^^^^^
  File "C:\Users\Administrator\AppData\Local\Programs\Python\Python313\Lib\site-packages\jinja2\environment.py", line 490, in getattr
    return getattr(obj, attribute)
jinja2.exceptions.UndefinedError: 'products' is undefined


--- 2026-06-17 14:24:05,178 ---
127.0.0.1 - - [17/Jun/2026 14:24:05] "[32mGET / HTTP/1.1[0m" 302 -

--- 2026-06-17 14:24:05,190 ---
L\u1ed7i \u1edf \u0111\u01b0\u1eddng d\u1eabn: /
Traceback (most recent call last):
  File "C:\Users\Administrator\AppData\Local\Programs\Python\Python313\Lib\site-packages\flask\app.py", line 917, in full_dispatch_request
    rv = self.dispatch_request()
  File "C:\Users\Administrator\AppData\Local\Programs\Python\Python313\Lib\site-packages\flask\app.py", line 902, in dispatch_request
    return self.ensure_sync(self.view_functions[rule.endpoint])(**view_args)  # type: ignore[no-any-return]
           ~~~~~~~~~~~~~~~~~~~~~~~~~~~~~~~~~~~~~~~~~~~~~~~~~~~~^^^^^^^^^^^^^
  File "D:\web_sell\app\routes.py", line 13, in home
    return render_template('index.html')
  File "C:\Users\Administrator\AppData\Local\Programs\Python\Python313\Lib\site-packages\flask\templating.py", line 151, in render_template
    return _render(app, template, context)
  File "C:\Users\Administrator\AppData\Local\Programs\Python\Python313\Lib\site-packages\flask\templating.py", line 132, in _render
    rv = template.render(context)
  File "C:\Users\Administrator\AppData\Local\Programs\Python\Python313\Lib\site-packages\jinja2\environment.py", line 1295, in render
    self.environment.handle_exception()
    ~~~~~~~~~~~~~~~~~~~~~~~~~~~~~~~~~^^
  File "C:\Users\Administrator\AppData\Local\Programs\Python\Python313\Lib\site-packages\jinja2\environment.py", line 942, in handle_exception
    raise rewrite_traceback_stack(source=source)
  File "D:\web_sell\app\templates\index.html", line 1, in top-level template code
    {% extends 'base.html' %}
  File "D:\web_sell\app\templates\base.html", line 96, in top-level template code
    {% block content %}
    ^^^^^^^^^^^^^^^^^
  File "D:\web_sell\app\templates\index.html", line 19, in block 'content'
    {% for product in products.items %}
    ^^^^^^^^^^^^^^^^^^^^^
  File "C:\Users\Administrator\AppData\Local\Programs\Python\Python313\Lib\site-packages\jinja2\environment.py", line 490, in getattr
    return getattr(obj, attribute)
jinja2.exceptions.UndefinedError: 'products' is undefined


--- 2026-06-17 14:24:05,190 ---
127.0.0.1 - - [17/Jun/2026 14:24:05] "[32mGET / HTTP/1.1[0m" 302 -

--- 2026-06-17 14:24:05,201 ---
L\u1ed7i \u1edf \u0111\u01b0\u1eddng d\u1eabn: /
Traceback (most recent call last):
  File "C:\Users\Administrator\AppData\Local\Programs\Python\Python313\Lib\site-packages\flask\app.py", line 917, in full_dispatch_request
    rv = self.dispatch_request()
  File "C:\Users\Administrator\AppData\Local\Programs\Python\Python313\Lib\site-packages\flask\app.py", line 902, in dispatch_request
    return self.ensure_sync(self.view_functions[rule.endpoint])(**view_args)  # type: ignore[no-any-return]
           ~~~~~~~~~~~~~~~~~~~~~~~~~~~~~~~~~~~~~~~~~~~~~~~~~~~~^^^^^^^^^^^^^
  File "D:\web_sell\app\routes.py", line 13, in home
    return render_template('index.html')
  File "C:\Users\Administrator\AppData\Local\Programs\Python\Python313\Lib\site-packages\flask\templating.py", line 151, in render_template
    return _render(app, template, context)
  File "C:\Users\Administrator\AppData\Local\Programs\Python\Python313\Lib\site-packages\flask\templating.py", line 132, in _render
    rv = template.render(context)
  File "C:\Users\Administrator\AppData\Local\Programs\Python\Python313\Lib\site-packages\jinja2\environment.py", line 1295, in render
    self.environment.handle_exception()
    ~~~~~~~~~~~~~~~~~~~~~~~~~~~~~~~~~^^
  File "C:\Users\Administrator\AppData\Local\Programs\Python\Python313\Lib\site-packages\jinja2\environment.py", line 942, in handle_exception
    raise rewrite_traceback_stack(source=source)
  File "D:\web_sell\app\templates\index.html", line 1, in top-level template code
    {% extends 'base.html' %}
  File "D:\web_sell\app\templates\base.html", line 96, in top-level template code
    {% block content %}
    ^^^^^^^^^^^^^^^^^
  File "D:\web_sell\app\templates\index.html", line 19, in block 'content'
    {% for product in products.items %}
    ^^^^^^^^^^^^^^^^^^^^^
  File "C:\Users\Administrator\AppData\Local\Programs\Python\Python313\Lib\site-packages\jinja2\environment.py", line 490, in getattr
    return getattr(obj, attribute)
jinja2.exceptions.UndefinedError: 'products' is undefined


--- 2026-06-17 14:24:05,202 ---
127.0.0.1 - - [17/Jun/2026 14:24:05] "[32mGET / HTTP/1.1[0m" 302 -

--- 2026-06-17 14:24:05,215 ---
L\u1ed7i \u1edf \u0111\u01b0\u1eddng d\u1eabn: /
Traceback (most recent call last):
  File "C:\Users\Administrator\AppData\Local\Programs\Python\Python313\Lib\site-packages\flask\app.py", line 917, in full_dispatch_request
    rv = self.dispatch_request()
  File "C:\Users\Administrator\AppData\Local\Programs\Python\Python313\Lib\site-packages\flask\app.py", line 902, in dispatch_request
    return self.ensure_sync(self.view_functions[rule.endpoint])(**view_args)  # type: ignore[no-any-return]
           ~~~~~~~~~~~~~~~~~~~~~~~~~~~~~~~~~~~~~~~~~~~~~~~~~~~~^^^^^^^^^^^^^
  File "D:\web_sell\app\routes.py", line 13, in home
    return render_template('index.html')
  File "C:\Users\Administrator\AppData\Local\Programs\Python\Python313\Lib\site-packages\flask\templating.py", line 151, in render_template
    return _render(app, template, context)
  File "C:\Users\Administrator\AppData\Local\Programs\Python\Python313\Lib\site-packages\flask\templating.py", line 132, in _render
    rv = template.render(context)
  File "C:\Users\Administrator\AppData\Local\Programs\Python\Python313\Lib\site-packages\jinja2\environment.py", line 1295, in render
    self.environment.handle_exception()
    ~~~~~~~~~~~~~~~~~~~~~~~~~~~~~~~~~^^
  File "C:\Users\Administrator\AppData\Local\Programs\Python\Python313\Lib\site-packages\jinja2\environment.py", line 942, in handle_exception
    raise rewrite_traceback_stack(source=source)
  File "D:\web_sell\app\templates\index.html", line 1, in top-level template code
    {% extends 'base.html' %}
  File "D:\web_sell\app\templates\base.html", line 96, in top-level template code
    {% block content %}
    ^^^^^^^^^^^^^^^^^
  File "D:\web_sell\app\templates\index.html", line 19, in block 'content'
    {% for product in products.items %}
    ^^^^^^^^^^^^^^^^^^^^^
  File "C:\Users\Administrator\AppData\Local\Programs\Python\Python313\Lib\site-packages\jinja2\environment.py", line 490, in getattr
    return getattr(obj, attribute)
jinja2.exceptions.UndefinedError: 'products' is undefined


--- 2026-06-17 14:24:05,216 ---
127.0.0.1 - - [17/Jun/2026 14:24:05] "[32mGET / HTTP/1.1[0m" 302 -

--- 2026-06-17 14:24:05,227 ---
L\u1ed7i \u1edf \u0111\u01b0\u1eddng d\u1eabn: /
Traceback (most recent call last):
  File "C:\Users\Administrator\AppData\Local\Programs\Python\Python313\Lib\site-packages\flask\app.py", line 917, in full_dispatch_request
    rv = self.dispatch_request()
  File "C:\Users\Administrator\AppData\Local\Programs\Python\Python313\Lib\site-packages\flask\app.py", line 902, in dispatch_request
    return self.ensure_sync(self.view_functions[rule.endpoint])(**view_args)  # type: ignore[no-any-return]
           ~~~~~~~~~~~~~~~~~~~~~~~~~~~~~~~~~~~~~~~~~~~~~~~~~~~~^^^^^^^^^^^^^
  File "D:\web_sell\app\routes.py", line 13, in home
    return render_template('index.html')
  File "C:\Users\Administrator\AppData\Local\Programs\Python\Python313\Lib\site-packages\flask\templating.py", line 151, in render_template
    return _render(app, template, context)
  File "C:\Users\Administrator\AppData\Local\Programs\Python\Python313\Lib\site-packages\flask\templating.py", line 132, in _render
    rv = template.render(context)
  File "C:\Users\Administrator\AppData\Local\Programs\Python\Python313\Lib\site-packages\jinja2\environment.py", line 1295, in render
    self.environment.handle_exception()
    ~~~~~~~~~~~~~~~~~~~~~~~~~~~~~~~~~^^
  File "C:\Users\Administrator\AppData\Local\Programs\Python\Python313\Lib\site-packages\jinja2\environment.py", line 942, in handle_exception
    raise rewrite_traceback_stack(source=source)
  File "D:\web_sell\app\templates\index.html", line 1, in top-level template code
    {% extends 'base.html' %}
  File "D:\web_sell\app\templates\base.html", line 96, in top-level template code
    {% block content %}
    ^^^^^^^^^^^^^^^^^
  File "D:\web_sell\app\templates\index.html", line 19, in block 'content'
    {% for product in products.items %}
    ^^^^^^^^^^^^^^^^^^^^^
  File "C:\Users\Administrator\AppData\Local\Programs\Python\Python313\Lib\site-packages\jinja2\environment.py", line 490, in getattr
    return getattr(obj, attribute)
jinja2.exceptions.UndefinedError: 'products' is undefined


--- 2026-06-17 14:24:05,227 ---
127.0.0.1 - - [17/Jun/2026 14:24:05] "[32mGET / HTTP/1.1[0m" 302 -

--- 2026-06-17 14:24:05,239 ---
L\u1ed7i \u1edf \u0111\u01b0\u1eddng d\u1eabn: /
Traceback (most recent call last):
  File "C:\Users\Administrator\AppData\Local\Programs\Python\Python313\Lib\site-packages\flask\app.py", line 917, in full_dispatch_request
    rv = self.dispatch_request()
  File "C:\Users\Administrator\AppData\Local\Programs\Python\Python313\Lib\site-packages\flask\app.py", line 902, in dispatch_request
    return self.ensure_sync(self.view_functions[rule.endpoint])(**view_args)  # type: ignore[no-any-return]
           ~~~~~~~~~~~~~~~~~~~~~~~~~~~~~~~~~~~~~~~~~~~~~~~~~~~~^^^^^^^^^^^^^
  File "D:\web_sell\app\routes.py", line 13, in home
    return render_template('index.html')
  File "C:\Users\Administrator\AppData\Local\Programs\Python\Python313\Lib\site-packages\flask\templating.py", line 151, in render_template
    return _render(app, template, context)
  File "C:\Users\Administrator\AppData\Local\Programs\Python\Python313\Lib\site-packages\flask\templating.py", line 132, in _render
    rv = template.render(context)
  File "C:\Users\Administrator\AppData\Local\Programs\Python\Python313\Lib\site-packages\jinja2\environment.py", line 1295, in render
    self.environment.handle_exception()
    ~~~~~~~~~~~~~~~~~~~~~~~~~~~~~~~~~^^
  File "C:\Users\Administrator\AppData\Local\Programs\Python\Python313\Lib\site-packages\jinja2\environment.py", line 942, in handle_exception
    raise rewrite_traceback_stack(source=source)
  File "D:\web_sell\app\templates\index.html", line 1, in top-level template code
    {% extends 'base.html' %}
  File "D:\web_sell\app\templates\base.html", line 96, in top-level template code
    {% block content %}
    ^^^^^^^^^^^^^^^^^
  File "D:\web_sell\app\templates\index.html", line 19, in block 'content'
    {% for product in products.items %}
    ^^^^^^^^^^^^^^^^^^^^^
  File "C:\Users\Administrator\AppData\Local\Programs\Python\Python313\Lib\site-packages\jinja2\environment.py", line 490, in getattr
    return getattr(obj, attribute)
jinja2.exceptions.UndefinedError: 'products' is undefined


--- 2026-06-17 14:24:05,240 ---
127.0.0.1 - - [17/Jun/2026 14:24:05] "[32mGET / HTTP/1.1[0m" 302 -

--- 2026-06-17 14:24:08,153 ---
L\u1ed7i \u1edf \u0111\u01b0\u1eddng d\u1eabn: /
Traceback (most recent call last):
  File "C:\Users\Administrator\AppData\Local\Programs\Python\Python313\Lib\site-packages\flask\app.py", line 917, in full_dispatch_request
    rv = self.dispatch_request()
  File "C:\Users\Administrator\AppData\Local\Programs\Python\Python313\Lib\site-packages\flask\app.py", line 902, in dispatch_request
    return self.ensure_sync(self.view_functions[rule.endpoint])(**view_args)  # type: ignore[no-any-return]
           ~~~~~~~~~~~~~~~~~~~~~~~~~~~~~~~~~~~~~~~~~~~~~~~~~~~~^^^^^^^^^^^^^
  File "D:\web_sell\app\routes.py", line 13, in home
    return render_template('index.html')
  File "C:\Users\Administrator\AppData\Local\Programs\Python\Python313\Lib\site-packages\flask\templating.py", line 151, in render_template
    return _render(app, template, context)
  File "C:\Users\Administrator\AppData\Local\Programs\Python\Python313\Lib\site-packages\flask\templating.py", line 132, in _render
    rv = template.render(context)
  File "C:\Users\Administrator\AppData\Local\Programs\Python\Python313\Lib\site-packages\jinja2\environment.py", line 1295, in render
    self.environment.handle_exception()
    ~~~~~~~~~~~~~~~~~~~~~~~~~~~~~~~~~^^
  File "C:\Users\Administrator\AppData\Local\Programs\Python\Python313\Lib\site-packages\jinja2\environment.py", line 942, in handle_exception
    raise rewrite_traceback_stack(source=source)
  File "D:\web_sell\app\templates\index.html", line 1, in top-level template code
    {% extends 'base.html' %}
  File "D:\web_sell\app\templates\base.html", line 96, in top-level template code
    {% block content %}
    ^^^^^^^^^^^^^^^^^
  File "D:\web_sell\app\templates\index.html", line 19, in block 'content'
    {% for product in products.items %}
    ^^^^^^^^^^^^^^^^^^^^^
  File "C:\Users\Administrator\AppData\Local\Programs\Python\Python313\Lib\site-packages\jinja2\environment.py", line 490, in getattr
    return getattr(obj, attribute)
jinja2.exceptions.UndefinedError: 'products' is undefined


--- 2026-06-17 14:24:08,153 ---
127.0.0.1 - - [17/Jun/2026 14:24:08] "[32mGET / HTTP/1.1[0m" 302 -

--- 2026-06-17 14:24:08,164 ---
L\u1ed7i \u1edf \u0111\u01b0\u1eddng d\u1eabn: /
Traceback (most recent call last):
  File "C:\Users\Administrator\AppData\Local\Programs\Python\Python313\Lib\site-packages\flask\app.py", line 917, in full_dispatch_request
    rv = self.dispatch_request()
  File "C:\Users\Administrator\AppData\Local\Programs\Python\Python313\Lib\site-packages\flask\app.py", line 902, in dispatch_request
    return self.ensure_sync(self.view_functions[rule.endpoint])(**view_args)  # type: ignore[no-any-return]
           ~~~~~~~~~~~~~~~~~~~~~~~~~~~~~~~~~~~~~~~~~~~~~~~~~~~~^^^^^^^^^^^^^
  File "D:\web_sell\app\routes.py", line 13, in home
    return render_template('index.html')
  File "C:\Users\Administrator\AppData\Local\Programs\Python\Python313\Lib\site-packages\flask\templating.py", line 151, in render_template
    return _render(app, template, context)
  File "C:\Users\Administrator\AppData\Local\Programs\Python\Python313\Lib\site-packages\flask\templating.py", line 132, in _render
    rv = template.render(context)
  File "C:\Users\Administrator\AppData\Local\Programs\Python\Python313\Lib\site-packages\jinja2\environment.py", line 1295, in render
    self.environment.handle_exception()
    ~~~~~~~~~~~~~~~~~~~~~~~~~~~~~~~~~^^
  File "C:\Users\Administrator\AppData\Local\Programs\Python\Python313\Lib\site-packages\jinja2\environment.py", line 942, in handle_exception
    raise rewrite_traceback_stack(source=source)
  File "D:\web_sell\app\templates\index.html", line 1, in top-level template code
    {% extends 'base.html' %}
  File "D:\web_sell\app\templates\base.html", line 96, in top-level template code
    {% block content %}
    ^^^^^^^^^^^^^^^^^
  File "D:\web_sell\app\templates\index.html", line 19, in block 'content'
    {% for product in products.items %}
    ^^^^^^^^^^^^^^^^^^^^^
  File "C:\Users\Administrator\AppData\Local\Programs\Python\Python313\Lib\site-packages\jinja2\environment.py", line 490, in getattr
    return getattr(obj, attribute)
jinja2.exceptions.UndefinedError: 'products' is undefined


--- 2026-06-17 14:24:08,165 ---
127.0.0.1 - - [17/Jun/2026 14:24:08] "[32mGET / HTTP/1.1[0m" 302 -

--- 2026-06-17 14:24:08,177 ---
L\u1ed7i \u1edf \u0111\u01b0\u1eddng d\u1eabn: /
Traceback (most recent call last):
  File "C:\Users\Administrator\AppData\Local\Programs\Python\Python313\Lib\site-packages\flask\app.py", line 917, in full_dispatch_request
    rv = self.dispatch_request()
  File "C:\Users\Administrator\AppData\Local\Programs\Python\Python313\Lib\site-packages\flask\app.py", line 902, in dispatch_request
    return self.ensure_sync(self.view_functions[rule.endpoint])(**view_args)  # type: ignore[no-any-return]
           ~~~~~~~~~~~~~~~~~~~~~~~~~~~~~~~~~~~~~~~~~~~~~~~~~~~~^^^^^^^^^^^^^
  File "D:\web_sell\app\routes.py", line 13, in home
    return render_template('index.html')
  File "C:\Users\Administrator\AppData\Local\Programs\Python\Python313\Lib\site-packages\flask\templating.py", line 151, in render_template
    return _render(app, template, context)
  File "C:\Users\Administrator\AppData\Local\Programs\Python\Python313\Lib\site-packages\flask\templating.py", line 132, in _render
    rv = template.render(context)
  File "C:\Users\Administrator\AppData\Local\Programs\Python\Python313\Lib\site-packages\jinja2\environment.py", line 1295, in render
    self.environment.handle_exception()
    ~~~~~~~~~~~~~~~~~~~~~~~~~~~~~~~~~^^
  File "C:\Users\Administrator\AppData\Local\Programs\Python\Python313\Lib\site-packages\jinja2\environment.py", line 942, in handle_exception
    raise rewrite_traceback_stack(source=source)
  File "D:\web_sell\app\templates\index.html", line 1, in top-level template code
    {% extends 'base.html' %}
  File "D:\web_sell\app\templates\base.html", line 96, in top-level template code
    {% block content %}
    ^^^^^^^^^^^^^^^^^
  File "D:\web_sell\app\templates\index.html", line 19, in block 'content'
    {% for product in products.items %}
    ^^^^^^^^^^^^^^^^^^^^^
  File "C:\Users\Administrator\AppData\Local\Programs\Python\Python313\Lib\site-packages\jinja2\environment.py", line 490, in getattr
    return getattr(obj, attribute)
jinja2.exceptions.UndefinedError: 'products' is undefined


--- 2026-06-17 14:24:08,177 ---
127.0.0.1 - - [17/Jun/2026 14:24:08] "[32mGET / HTTP/1.1[0m" 302 -

--- 2026-06-17 14:24:08,190 ---
L\u1ed7i \u1edf \u0111\u01b0\u1eddng d\u1eabn: /
Traceback (most recent call last):
  File "C:\Users\Administrator\AppData\Local\Programs\Python\Python313\Lib\site-packages\flask\app.py", line 917, in full_dispatch_request
    rv = self.dispatch_request()
  File "C:\Users\Administrator\AppData\Local\Programs\Python\Python313\Lib\site-packages\flask\app.py", line 902, in dispatch_request
    return self.ensure_sync(self.view_functions[rule.endpoint])(**view_args)  # type: ignore[no-any-return]
           ~~~~~~~~~~~~~~~~~~~~~~~~~~~~~~~~~~~~~~~~~~~~~~~~~~~~^^^^^^^^^^^^^
  File "D:\web_sell\app\routes.py", line 13, in home
    return render_template('index.html')
  File "C:\Users\Administrator\AppData\Local\Programs\Python\Python313\Lib\site-packages\flask\templating.py", line 151, in render_template
    return _render(app, template, context)
  File "C:\Users\Administrator\AppData\Local\Programs\Python\Python313\Lib\site-packages\flask\templating.py", line 132, in _render
    rv = template.render(context)
  File "C:\Users\Administrator\AppData\Local\Programs\Python\Python313\Lib\site-packages\jinja2\environment.py", line 1295, in render
    self.environment.handle_exception()
    ~~~~~~~~~~~~~~~~~~~~~~~~~~~~~~~~~^^
  File "C:\Users\Administrator\AppData\Local\Programs\Python\Python313\Lib\site-packages\jinja2\environment.py", line 942, in handle_exception
    raise rewrite_traceback_stack(source=source)
  File "D:\web_sell\app\templates\index.html", line 1, in top-level template code
    {% extends 'base.html' %}
  File "D:\web_sell\app\templates\base.html", line 96, in top-level template code
    {% block content %}
    ^^^^^^^^^^^^^^^^^
  File "D:\web_sell\app\templates\index.html", line 19, in block 'content'
    {% for product in products.items %}
    ^^^^^^^^^^^^^^^^^^^^^
  File "C:\Users\Administrator\AppData\Local\Programs\Python\Python313\Lib\site-packages\jinja2\environment.py", line 490, in getattr
    return getattr(obj, attribute)
jinja2.exceptions.UndefinedError: 'products' is undefined


--- 2026-06-17 14:24:08,190 ---
127.0.0.1 - - [17/Jun/2026 14:24:08] "[32mGET / HTTP/1.1[0m" 302 -

--- 2026-06-17 14:24:08,202 ---
L\u1ed7i \u1edf \u0111\u01b0\u1eddng d\u1eabn: /
Traceback (most recent call last):
  File "C:\Users\Administrator\AppData\Local\Programs\Python\Python313\Lib\site-packages\flask\app.py", line 917, in full_dispatch_request
    rv = self.dispatch_request()
  File "C:\Users\Administrator\AppData\Local\Programs\Python\Python313\Lib\site-packages\flask\app.py", line 902, in dispatch_request
    return self.ensure_sync(self.view_functions[rule.endpoint])(**view_args)  # type: ignore[no-any-return]
           ~~~~~~~~~~~~~~~~~~~~~~~~~~~~~~~~~~~~~~~~~~~~~~~~~~~~^^^^^^^^^^^^^
  File "D:\web_sell\app\routes.py", line 13, in home
    return render_template('index.html')
  File "C:\Users\Administrator\AppData\Local\Programs\Python\Python313\Lib\site-packages\flask\templating.py", line 151, in render_template
    return _render(app, template, context)
  File "C:\Users\Administrator\AppData\Local\Programs\Python\Python313\Lib\site-packages\flask\templating.py", line 132, in _render
    rv = template.render(context)
  File "C:\Users\Administrator\AppData\Local\Programs\Python\Python313\Lib\site-packages\jinja2\environment.py", line 1295, in render
    self.environment.handle_exception()
    ~~~~~~~~~~~~~~~~~~~~~~~~~~~~~~~~~^^
  File "C:\Users\Administrator\AppData\Local\Programs\Python\Python313\Lib\site-packages\jinja2\environment.py", line 942, in handle_exception
    raise rewrite_traceback_stack(source=source)
  File "D:\web_sell\app\templates\index.html", line 1, in top-level template code
    {% extends 'base.html' %}
  File "D:\web_sell\app\templates\base.html", line 96, in top-level template code
    {% block content %}
    ^^^^^^^^^^^^^^^^^
  File "D:\web_sell\app\templates\index.html", line 19, in block 'content'
    {% for product in products.items %}
    ^^^^^^^^^^^^^^^^^^^^^
  File "C:\Users\Administrator\AppData\Local\Programs\Python\Python313\Lib\site-packages\jinja2\environment.py", line 490, in getattr
    return getattr(obj, attribute)
jinja2.exceptions.UndefinedError: 'products' is undefined


--- 2026-06-17 14:24:08,202 ---
127.0.0.1 - - [17/Jun/2026 14:24:08] "[32mGET / HTTP/1.1[0m" 302 -

--- 2026-06-17 14:24:08,213 ---
L\u1ed7i \u1edf \u0111\u01b0\u1eddng d\u1eabn: /
Traceback (most recent call last):
  File "C:\Users\Administrator\AppData\Local\Programs\Python\Python313\Lib\site-packages\flask\app.py", line 917, in full_dispatch_request
    rv = self.dispatch_request()
  File "C:\Users\Administrator\AppData\Local\Programs\Python\Python313\Lib\site-packages\flask\app.py", line 902, in dispatch_request
    return self.ensure_sync(self.view_functions[rule.endpoint])(**view_args)  # type: ignore[no-any-return]
           ~~~~~~~~~~~~~~~~~~~~~~~~~~~~~~~~~~~~~~~~~~~~~~~~~~~~^^^^^^^^^^^^^
  File "D:\web_sell\app\routes.py", line 13, in home
    return render_template('index.html')
  File "C:\Users\Administrator\AppData\Local\Programs\Python\Python313\Lib\site-packages\flask\templating.py", line 151, in render_template
    return _render(app, template, context)
  File "C:\Users\Administrator\AppData\Local\Programs\Python\Python313\Lib\site-packages\flask\templating.py", line 132, in _render
    rv = template.render(context)
  File "C:\Users\Administrator\AppData\Local\Programs\Python\Python313\Lib\site-packages\jinja2\environment.py", line 1295, in render
    self.environment.handle_exception()
    ~~~~~~~~~~~~~~~~~~~~~~~~~~~~~~~~~^^
  File "C:\Users\Administrator\AppData\Local\Programs\Python\Python313\Lib\site-packages\jinja2\environment.py", line 942, in handle_exception
    raise rewrite_traceback_stack(source=source)
  File "D:\web_sell\app\templates\index.html", line 1, in top-level template code
    {% extends 'base.html' %}
  File "D:\web_sell\app\templates\base.html", line 96, in top-level template code
    {% block content %}
    ^^^^^^^^^^^^^^^^^
  File "D:\web_sell\app\templates\index.html", line 19, in block 'content'
    {% for product in products.items %}
    ^^^^^^^^^^^^^^^^^^^^^
  File "C:\Users\Administrator\AppData\Local\Programs\Python\Python313\Lib\site-packages\jinja2\environment.py", line 490, in getattr
    return getattr(obj, attribute)
jinja2.exceptions.UndefinedError: 'products' is undefined


--- 2026-06-17 14:24:08,214 ---
127.0.0.1 - - [17/Jun/2026 14:24:08] "[32mGET / HTTP/1.1[0m" 302 -

--- 2026-06-17 14:24:08,226 ---
L\u1ed7i \u1edf \u0111\u01b0\u1eddng d\u1eabn: /
Traceback (most recent call last):
  File "C:\Users\Administrator\AppData\Local\Programs\Python\Python313\Lib\site-packages\flask\app.py", line 917, in full_dispatch_request
    rv = self.dispatch_request()
  File "C:\Users\Administrator\AppData\Local\Programs\Python\Python313\Lib\site-packages\flask\app.py", line 902, in dispatch_request
    return self.ensure_sync(self.view_functions[rule.endpoint])(**view_args)  # type: ignore[no-any-return]
           ~~~~~~~~~~~~~~~~~~~~~~~~~~~~~~~~~~~~~~~~~~~~~~~~~~~~^^^^^^^^^^^^^
  File "D:\web_sell\app\routes.py", line 13, in home
    return render_template('index.html')
  File "C:\Users\Administrator\AppData\Local\Programs\Python\Python313\Lib\site-packages\flask\templating.py", line 151, in render_template
    return _render(app, template, context)
  File "C:\Users\Administrator\AppData\Local\Programs\Python\Python313\Lib\site-packages\flask\templating.py", line 132, in _render
    rv = template.render(context)
  File "C:\Users\Administrator\AppData\Local\Programs\Python\Python313\Lib\site-packages\jinja2\environment.py", line 1295, in render
    self.environment.handle_exception()
    ~~~~~~~~~~~~~~~~~~~~~~~~~~~~~~~~~^^
  File "C:\Users\Administrator\AppData\Local\Programs\Python\Python313\Lib\site-packages\jinja2\environment.py", line 942, in handle_exception
    raise rewrite_traceback_stack(source=source)
  File "D:\web_sell\app\templates\index.html", line 1, in top-level template code
    {% extends 'base.html' %}
  File "D:\web_sell\app\templates\base.html", line 96, in top-level template code
    {% block content %}
    ^^^^^^^^^^^^^^^^^
  File "D:\web_sell\app\templates\index.html", line 19, in block 'content'
    {% for product in products.items %}
    ^^^^^^^^^^^^^^^^^^^^^
  File "C:\Users\Administrator\AppData\Local\Programs\Python\Python313\Lib\site-packages\jinja2\environment.py", line 490, in getattr
    return getattr(obj, attribute)
jinja2.exceptions.UndefinedError: 'products' is undefined


--- 2026-06-17 14:24:08,226 ---
127.0.0.1 - - [17/Jun/2026 14:24:08] "[32mGET / HTTP/1.1[0m" 302 -

--- 2026-06-17 14:24:08,237 ---
L\u1ed7i \u1edf \u0111\u01b0\u1eddng d\u1eabn: /
Traceback (most recent call last):
  File "C:\Users\Administrator\AppData\Local\Programs\Python\Python313\Lib\site-packages\flask\app.py", line 917, in full_dispatch_request
    rv = self.dispatch_request()
  File "C:\Users\Administrator\AppData\Local\Programs\Python\Python313\Lib\site-packages\flask\app.py", line 902, in dispatch_request
    return self.ensure_sync(self.view_functions[rule.endpoint])(**view_args)  # type: ignore[no-any-return]
           ~~~~~~~~~~~~~~~~~~~~~~~~~~~~~~~~~~~~~~~~~~~~~~~~~~~~^^^^^^^^^^^^^
  File "D:\web_sell\app\routes.py", line 13, in home
    return render_template('index.html')
  File "C:\Users\Administrator\AppData\Local\Programs\Python\Python313\Lib\site-packages\flask\templating.py", line 151, in render_template
    return _render(app, template, context)
  File "C:\Users\Administrator\AppData\Local\Programs\Python\Python313\Lib\site-packages\flask\templating.py", line 132, in _render
    rv = template.render(context)
  File "C:\Users\Administrator\AppData\Local\Programs\Python\Python313\Lib\site-packages\jinja2\environment.py", line 1295, in render
    self.environment.handle_exception()
    ~~~~~~~~~~~~~~~~~~~~~~~~~~~~~~~~~^^
  File "C:\Users\Administrator\AppData\Local\Programs\Python\Python313\Lib\site-packages\jinja2\environment.py", line 942, in handle_exception
    raise rewrite_traceback_stack(source=source)
  File "D:\web_sell\app\templates\index.html", line 1, in top-level template code
    {% extends 'base.html' %}
  File "D:\web_sell\app\templates\base.html", line 96, in top-level template code
    {% block content %}
    ^^^^^^^^^^^^^^^^^
  File "D:\web_sell\app\templates\index.html", line 19, in block 'content'
    {% for product in products.items %}
    ^^^^^^^^^^^^^^^^^^^^^
  File "C:\Users\Administrator\AppData\Local\Programs\Python\Python313\Lib\site-packages\jinja2\environment.py", line 490, in getattr
    return getattr(obj, attribute)
jinja2.exceptions.UndefinedError: 'products' is undefined


--- 2026-06-17 14:24:08,238 ---
127.0.0.1 - - [17/Jun/2026 14:24:08] "[32mGET / HTTP/1.1[0m" 302 -

--- 2026-06-17 14:24:08,248 ---
L\u1ed7i \u1edf \u0111\u01b0\u1eddng d\u1eabn: /
Traceback (most recent call last):
  File "C:\Users\Administrator\AppData\Local\Programs\Python\Python313\Lib\site-packages\flask\app.py", line 917, in full_dispatch_request
    rv = self.dispatch_request()
  File "C:\Users\Administrator\AppData\Local\Programs\Python\Python313\Lib\site-packages\flask\app.py", line 902, in dispatch_request
    return self.ensure_sync(self.view_functions[rule.endpoint])(**view_args)  # type: ignore[no-any-return]
           ~~~~~~~~~~~~~~~~~~~~~~~~~~~~~~~~~~~~~~~~~~~~~~~~~~~~^^^^^^^^^^^^^
  File "D:\web_sell\app\routes.py", line 13, in home
    return render_template('index.html')
  File "C:\Users\Administrator\AppData\Local\Programs\Python\Python313\Lib\site-packages\flask\templating.py", line 151, in render_template
    return _render(app, template, context)
  File "C:\Users\Administrator\AppData\Local\Programs\Python\Python313\Lib\site-packages\flask\templating.py", line 132, in _render
    rv = template.render(context)
  File "C:\Users\Administrator\AppData\Local\Programs\Python\Python313\Lib\site-packages\jinja2\environment.py", line 1295, in render
    self.environment.handle_exception()
    ~~~~~~~~~~~~~~~~~~~~~~~~~~~~~~~~~^^
  File "C:\Users\Administrator\AppData\Local\Programs\Python\Python313\Lib\site-packages\jinja2\environment.py", line 942, in handle_exception
    raise rewrite_traceback_stack(source=source)
  File "D:\web_sell\app\templates\index.html", line 1, in top-level template code
    {% extends 'base.html' %}
  File "D:\web_sell\app\templates\base.html", line 96, in top-level template code
    {% block content %}
    ^^^^^^^^^^^^^^^^^
  File "D:\web_sell\app\templates\index.html", line 19, in block 'content'
    {% for product in products.items %}
    ^^^^^^^^^^^^^^^^^^^^^
  File "C:\Users\Administrator\AppData\Local\Programs\Python\Python313\Lib\site-packages\jinja2\environment.py", line 490, in getattr
    return getattr(obj, attribute)
jinja2.exceptions.UndefinedError: 'products' is undefined


--- 2026-06-17 14:24:08,249 ---
127.0.0.1 - - [17/Jun/2026 14:24:08] "[32mGET / HTTP/1.1[0m" 302 -

--- 2026-06-17 14:24:08,260 ---
L\u1ed7i \u1edf \u0111\u01b0\u1eddng d\u1eabn: /
Traceback (most recent call last):
  File "C:\Users\Administrator\AppData\Local\Programs\Python\Python313\Lib\site-packages\flask\app.py", line 917, in full_dispatch_request
    rv = self.dispatch_request()
  File "C:\Users\Administrator\AppData\Local\Programs\Python\Python313\Lib\site-packages\flask\app.py", line 902, in dispatch_request
    return self.ensure_sync(self.view_functions[rule.endpoint])(**view_args)  # type: ignore[no-any-return]
           ~~~~~~~~~~~~~~~~~~~~~~~~~~~~~~~~~~~~~~~~~~~~~~~~~~~~^^^^^^^^^^^^^
  File "D:\web_sell\app\routes.py", line 13, in home
    return render_template('index.html')
  File "C:\Users\Administrator\AppData\Local\Programs\Python\Python313\Lib\site-packages\flask\templating.py", line 151, in render_template
    return _render(app, template, context)
  File "C:\Users\Administrator\AppData\Local\Programs\Python\Python313\Lib\site-packages\flask\templating.py", line 132, in _render
    rv = template.render(context)
  File "C:\Users\Administrator\AppData\Local\Programs\Python\Python313\Lib\site-packages\jinja2\environment.py", line 1295, in render
    self.environment.handle_exception()
    ~~~~~~~~~~~~~~~~~~~~~~~~~~~~~~~~~^^
  File "C:\Users\Administrator\AppData\Local\Programs\Python\Python313\Lib\site-packages\jinja2\environment.py", line 942, in handle_exception
    raise rewrite_traceback_stack(source=source)
  File "D:\web_sell\app\templates\index.html", line 1, in top-level template code
    {% extends 'base.html' %}
  File "D:\web_sell\app\templates\base.html", line 96, in top-level template code
    {% block content %}
    ^^^^^^^^^^^^^^^^^
  File "D:\web_sell\app\templates\index.html", line 19, in block 'content'
    {% for product in products.items %}
    ^^^^^^^^^^^^^^^^^^^^^
  File "C:\Users\Administrator\AppData\Local\Programs\Python\Python313\Lib\site-packages\jinja2\environment.py", line 490, in getattr
    return getattr(obj, attribute)
jinja2.exceptions.UndefinedError: 'products' is undefined


--- 2026-06-17 14:24:08,261 ---
127.0.0.1 - - [17/Jun/2026 14:24:08] "[32mGET / HTTP/1.1[0m" 302 -

--- 2026-06-17 14:24:08,272 ---
L\u1ed7i \u1edf \u0111\u01b0\u1eddng d\u1eabn: /
Traceback (most recent call last):
  File "C:\Users\Administrator\AppData\Local\Programs\Python\Python313\Lib\site-packages\flask\app.py", line 917, in full_dispatch_request
    rv = self.dispatch_request()
  File "C:\Users\Administrator\AppData\Local\Programs\Python\Python313\Lib\site-packages\flask\app.py", line 902, in dispatch_request
    return self.ensure_sync(self.view_functions[rule.endpoint])(**view_args)  # type: ignore[no-any-return]
           ~~~~~~~~~~~~~~~~~~~~~~~~~~~~~~~~~~~~~~~~~~~~~~~~~~~~^^^^^^^^^^^^^
  File "D:\web_sell\app\routes.py", line 13, in home
    return render_template('index.html')
  File "C:\Users\Administrator\AppData\Local\Programs\Python\Python313\Lib\site-packages\flask\templating.py", line 151, in render_template
    return _render(app, template, context)
  File "C:\Users\Administrator\AppData\Local\Programs\Python\Python313\Lib\site-packages\flask\templating.py", line 132, in _render
    rv = template.render(context)
  File "C:\Users\Administrator\AppData\Local\Programs\Python\Python313\Lib\site-packages\jinja2\environment.py", line 1295, in render
    self.environment.handle_exception()
    ~~~~~~~~~~~~~~~~~~~~~~~~~~~~~~~~~^^
  File "C:\Users\Administrator\AppData\Local\Programs\Python\Python313\Lib\site-packages\jinja2\environment.py", line 942, in handle_exception
    raise rewrite_traceback_stack(source=source)
  File "D:\web_sell\app\templates\index.html", line 1, in top-level template code
    {% extends 'base.html' %}
  File "D:\web_sell\app\templates\base.html", line 96, in top-level template code
    {% block content %}
    ^^^^^^^^^^^^^^^^^
  File "D:\web_sell\app\templates\index.html", line 19, in block 'content'
    {% for product in products.items %}
    ^^^^^^^^^^^^^^^^^^^^^
  File "C:\Users\Administrator\AppData\Local\Programs\Python\Python313\Lib\site-packages\jinja2\environment.py", line 490, in getattr
    return getattr(obj, attribute)
jinja2.exceptions.UndefinedError: 'products' is undefined


--- 2026-06-17 14:24:08,273 ---
127.0.0.1 - - [17/Jun/2026 14:24:08] "[32mGET / HTTP/1.1[0m" 302 -

--- 2026-06-17 14:24:08,284 ---
L\u1ed7i \u1edf \u0111\u01b0\u1eddng d\u1eabn: /
Traceback (most recent call last):
  File "C:\Users\Administrator\AppData\Local\Programs\Python\Python313\Lib\site-packages\flask\app.py", line 917, in full_dispatch_request
    rv = self.dispatch_request()
  File "C:\Users\Administrator\AppData\Local\Programs\Python\Python313\Lib\site-packages\flask\app.py", line 902, in dispatch_request
    return self.ensure_sync(self.view_functions[rule.endpoint])(**view_args)  # type: ignore[no-any-return]
           ~~~~~~~~~~~~~~~~~~~~~~~~~~~~~~~~~~~~~~~~~~~~~~~~~~~~^^^^^^^^^^^^^
  File "D:\web_sell\app\routes.py", line 13, in home
    return render_template('index.html')
  File "C:\Users\Administrator\AppData\Local\Programs\Python\Python313\Lib\site-packages\flask\templating.py", line 151, in render_template
    return _render(app, template, context)
  File "C:\Users\Administrator\AppData\Local\Programs\Python\Python313\Lib\site-packages\flask\templating.py", line 132, in _render
    rv = template.render(context)
  File "C:\Users\Administrator\AppData\Local\Programs\Python\Python313\Lib\site-packages\jinja2\environment.py", line 1295, in render
    self.environment.handle_exception()
    ~~~~~~~~~~~~~~~~~~~~~~~~~~~~~~~~~^^
  File "C:\Users\Administrator\AppData\Local\Programs\Python\Python313\Lib\site-packages\jinja2\environment.py", line 942, in handle_exception
    raise rewrite_traceback_stack(source=source)
  File "D:\web_sell\app\templates\index.html", line 1, in top-level template code
    {% extends 'base.html' %}
  File "D:\web_sell\app\templates\base.html", line 96, in top-level template code
    {% block content %}
    ^^^^^^^^^^^^^^^^^
  File "D:\web_sell\app\templates\index.html", line 19, in block 'content'
    {% for product in products.items %}
    ^^^^^^^^^^^^^^^^^^^^^
  File "C:\Users\Administrator\AppData\Local\Programs\Python\Python313\Lib\site-packages\jinja2\environment.py", line 490, in getattr
    return getattr(obj, attribute)
jinja2.exceptions.UndefinedError: 'products' is undefined


--- 2026-06-17 14:24:08,284 ---
127.0.0.1 - - [17/Jun/2026 14:24:08] "[32mGET / HTTP/1.1[0m" 302 -

--- 2026-06-17 14:24:08,295 ---
L\u1ed7i \u1edf \u0111\u01b0\u1eddng d\u1eabn: /
Traceback (most recent call last):
  File "C:\Users\Administrator\AppData\Local\Programs\Python\Python313\Lib\site-packages\flask\app.py", line 917, in full_dispatch_request
    rv = self.dispatch_request()
  File "C:\Users\Administrator\AppData\Local\Programs\Python\Python313\Lib\site-packages\flask\app.py", line 902, in dispatch_request
    return self.ensure_sync(self.view_functions[rule.endpoint])(**view_args)  # type: ignore[no-any-return]
           ~~~~~~~~~~~~~~~~~~~~~~~~~~~~~~~~~~~~~~~~~~~~~~~~~~~~^^^^^^^^^^^^^
  File "D:\web_sell\app\routes.py", line 13, in home
    return render_template('index.html')
  File "C:\Users\Administrator\AppData\Local\Programs\Python\Python313\Lib\site-packages\flask\templating.py", line 151, in render_template
    return _render(app, template, context)
  File "C:\Users\Administrator\AppData\Local\Programs\Python\Python313\Lib\site-packages\flask\templating.py", line 132, in _render
    rv = template.render(context)
  File "C:\Users\Administrator\AppData\Local\Programs\Python\Python313\Lib\site-packages\jinja2\environment.py", line 1295, in render
    self.environment.handle_exception()
    ~~~~~~~~~~~~~~~~~~~~~~~~~~~~~~~~~^^
  File "C:\Users\Administrator\AppData\Local\Programs\Python\Python313\Lib\site-packages\jinja2\environment.py", line 942, in handle_exception
    raise rewrite_traceback_stack(source=source)
  File "D:\web_sell\app\templates\index.html", line 1, in top-level template code
    {% extends 'base.html' %}
  File "D:\web_sell\app\templates\base.html", line 96, in top-level template code
    {% block content %}
    ^^^^^^^^^^^^^^^^^
  File "D:\web_sell\app\templates\index.html", line 19, in block 'content'
    {% for product in products.items %}
    ^^^^^^^^^^^^^^^^^^^^^
  File "C:\Users\Administrator\AppData\Local\Programs\Python\Python313\Lib\site-packages\jinja2\environment.py", line 490, in getattr
    return getattr(obj, attribute)
jinja2.exceptions.UndefinedError: 'products' is undefined


--- 2026-06-17 14:24:08,296 ---
127.0.0.1 - - [17/Jun/2026 14:24:08] "[32mGET / HTTP/1.1[0m" 302 -

--- 2026-06-17 14:24:08,308 ---
L\u1ed7i \u1edf \u0111\u01b0\u1eddng d\u1eabn: /
Traceback (most recent call last):
  File "C:\Users\Administrator\AppData\Local\Programs\Python\Python313\Lib\site-packages\flask\app.py", line 917, in full_dispatch_request
    rv = self.dispatch_request()
  File "C:\Users\Administrator\AppData\Local\Programs\Python\Python313\Lib\site-packages\flask\app.py", line 902, in dispatch_request
    return self.ensure_sync(self.view_functions[rule.endpoint])(**view_args)  # type: ignore[no-any-return]
           ~~~~~~~~~~~~~~~~~~~~~~~~~~~~~~~~~~~~~~~~~~~~~~~~~~~~^^^^^^^^^^^^^
  File "D:\web_sell\app\routes.py", line 13, in home
    return render_template('index.html')
  File "C:\Users\Administrator\AppData\Local\Programs\Python\Python313\Lib\site-packages\flask\templating.py", line 151, in render_template
    return _render(app, template, context)
  File "C:\Users\Administrator\AppData\Local\Programs\Python\Python313\Lib\site-packages\flask\templating.py", line 132, in _render
    rv = template.render(context)
  File "C:\Users\Administrator\AppData\Local\Programs\Python\Python313\Lib\site-packages\jinja2\environment.py", line 1295, in render
    self.environment.handle_exception()
    ~~~~~~~~~~~~~~~~~~~~~~~~~~~~~~~~~^^
  File "C:\Users\Administrator\AppData\Local\Programs\Python\Python313\Lib\site-packages\jinja2\environment.py", line 942, in handle_exception
    raise rewrite_traceback_stack(source=source)
  File "D:\web_sell\app\templates\index.html", line 1, in top-level template code
    {% extends 'base.html' %}
  File "D:\web_sell\app\templates\base.html", line 96, in top-level template code
    {% block content %}
    ^^^^^^^^^^^^^^^^^
  File "D:\web_sell\app\templates\index.html", line 19, in block 'content'
    {% for product in products.items %}
    ^^^^^^^^^^^^^^^^^^^^^
  File "C:\Users\Administrator\AppData\Local\Programs\Python\Python313\Lib\site-packages\jinja2\environment.py", line 490, in getattr
    return getattr(obj, attribute)
jinja2.exceptions.UndefinedError: 'products' is undefined


--- 2026-06-17 14:24:08,309 ---
127.0.0.1 - - [17/Jun/2026 14:24:08] "[32mGET / HTTP/1.1[0m" 302 -

--- 2026-06-17 14:24:08,322 ---
L\u1ed7i \u1edf \u0111\u01b0\u1eddng d\u1eabn: /
Traceback (most recent call last):
  File "C:\Users\Administrator\AppData\Local\Programs\Python\Python313\Lib\site-packages\flask\app.py", line 917, in full_dispatch_request
    rv = self.dispatch_request()
  File "C:\Users\Administrator\AppData\Local\Programs\Python\Python313\Lib\site-packages\flask\app.py", line 902, in dispatch_request
    return self.ensure_sync(self.view_functions[rule.endpoint])(**view_args)  # type: ignore[no-any-return]
           ~~~~~~~~~~~~~~~~~~~~~~~~~~~~~~~~~~~~~~~~~~~~~~~~~~~~^^^^^^^^^^^^^
  File "D:\web_sell\app\routes.py", line 13, in home
    return render_template('index.html')
  File "C:\Users\Administrator\AppData\Local\Programs\Python\Python313\Lib\site-packages\flask\templating.py", line 151, in render_template
    return _render(app, template, context)
  File "C:\Users\Administrator\AppData\Local\Programs\Python\Python313\Lib\site-packages\flask\templating.py", line 132, in _render
    rv = template.render(context)
  File "C:\Users\Administrator\AppData\Local\Programs\Python\Python313\Lib\site-packages\jinja2\environment.py", line 1295, in render
    self.environment.handle_exception()
    ~~~~~~~~~~~~~~~~~~~~~~~~~~~~~~~~~^^
  File "C:\Users\Administrator\AppData\Local\Programs\Python\Python313\Lib\site-packages\jinja2\environment.py", line 942, in handle_exception
    raise rewrite_traceback_stack(source=source)
  File "D:\web_sell\app\templates\index.html", line 1, in top-level template code
    {% extends 'base.html' %}
  File "D:\web_sell\app\templates\base.html", line 96, in top-level template code
    {% block content %}
    ^^^^^^^^^^^^^^^^^
  File "D:\web_sell\app\templates\index.html", line 19, in block 'content'
    {% for product in products.items %}
    ^^^^^^^^^^^^^^^^^^^^^
  File "C:\Users\Administrator\AppData\Local\Programs\Python\Python313\Lib\site-packages\jinja2\environment.py", line 490, in getattr
    return getattr(obj, attribute)
jinja2.exceptions.UndefinedError: 'products' is undefined


--- 2026-06-17 14:24:08,322 ---
127.0.0.1 - - [17/Jun/2026 14:24:08] "[32mGET / HTTP/1.1[0m" 302 -

--- 2026-06-17 14:24:08,334 ---
L\u1ed7i \u1edf \u0111\u01b0\u1eddng d\u1eabn: /
Traceback (most recent call last):
  File "C:\Users\Administrator\AppData\Local\Programs\Python\Python313\Lib\site-packages\flask\app.py", line 917, in full_dispatch_request
    rv = self.dispatch_request()
  File "C:\Users\Administrator\AppData\Local\Programs\Python\Python313\Lib\site-packages\flask\app.py", line 902, in dispatch_request
    return self.ensure_sync(self.view_functions[rule.endpoint])(**view_args)  # type: ignore[no-any-return]
           ~~~~~~~~~~~~~~~~~~~~~~~~~~~~~~~~~~~~~~~~~~~~~~~~~~~~^^^^^^^^^^^^^
  File "D:\web_sell\app\routes.py", line 13, in home
    return render_template('index.html')
  File "C:\Users\Administrator\AppData\Local\Programs\Python\Python313\Lib\site-packages\flask\templating.py", line 151, in render_template
    return _render(app, template, context)
  File "C:\Users\Administrator\AppData\Local\Programs\Python\Python313\Lib\site-packages\flask\templating.py", line 132, in _render
    rv = template.render(context)
  File "C:\Users\Administrator\AppData\Local\Programs\Python\Python313\Lib\site-packages\jinja2\environment.py", line 1295, in render
    self.environment.handle_exception()
    ~~~~~~~~~~~~~~~~~~~~~~~~~~~~~~~~~^^
  File "C:\Users\Administrator\AppData\Local\Programs\Python\Python313\Lib\site-packages\jinja2\environment.py", line 942, in handle_exception
    raise rewrite_traceback_stack(source=source)
  File "D:\web_sell\app\templates\index.html", line 1, in top-level template code
    {% extends 'base.html' %}
  File "D:\web_sell\app\templates\base.html", line 96, in top-level template code
    {% block content %}
    ^^^^^^^^^^^^^^^^^
  File "D:\web_sell\app\templates\index.html", line 19, in block 'content'
    {% for product in products.items %}
    ^^^^^^^^^^^^^^^^^^^^^
  File "C:\Users\Administrator\AppData\Local\Programs\Python\Python313\Lib\site-packages\jinja2\environment.py", line 490, in getattr
    return getattr(obj, attribute)
jinja2.exceptions.UndefinedError: 'products' is undefined


--- 2026-06-17 14:24:08,335 ---
127.0.0.1 - - [17/Jun/2026 14:24:08] "[32mGET / HTTP/1.1[0m" 302 -

--- 2026-06-17 14:24:08,346 ---
L\u1ed7i \u1edf \u0111\u01b0\u1eddng d\u1eabn: /
Traceback (most recent call last):
  File "C:\Users\Administrator\AppData\Local\Programs\Python\Python313\Lib\site-packages\flask\app.py", line 917, in full_dispatch_request
    rv = self.dispatch_request()
  File "C:\Users\Administrator\AppData\Local\Programs\Python\Python313\Lib\site-packages\flask\app.py", line 902, in dispatch_request
    return self.ensure_sync(self.view_functions[rule.endpoint])(**view_args)  # type: ignore[no-any-return]
           ~~~~~~~~~~~~~~~~~~~~~~~~~~~~~~~~~~~~~~~~~~~~~~~~~~~~^^^^^^^^^^^^^
  File "D:\web_sell\app\routes.py", line 13, in home
    return render_template('index.html')
  File "C:\Users\Administrator\AppData\Local\Programs\Python\Python313\Lib\site-packages\flask\templating.py", line 151, in render_template
    return _render(app, template, context)
  File "C:\Users\Administrator\AppData\Local\Programs\Python\Python313\Lib\site-packages\flask\templating.py", line 132, in _render
    rv = template.render(context)
  File "C:\Users\Administrator\AppData\Local\Programs\Python\Python313\Lib\site-packages\jinja2\environment.py", line 1295, in render
    self.environment.handle_exception()
    ~~~~~~~~~~~~~~~~~~~~~~~~~~~~~~~~~^^
  File "C:\Users\Administrator\AppData\Local\Programs\Python\Python313\Lib\site-packages\jinja2\environment.py", line 942, in handle_exception
    raise rewrite_traceback_stack(source=source)
  File "D:\web_sell\app\templates\index.html", line 1, in top-level template code
    {% extends 'base.html' %}
  File "D:\web_sell\app\templates\base.html", line 96, in top-level template code
    {% block content %}
    ^^^^^^^^^^^^^^^^^
  File "D:\web_sell\app\templates\index.html", line 19, in block 'content'
    {% for product in products.items %}
    ^^^^^^^^^^^^^^^^^^^^^
  File "C:\Users\Administrator\AppData\Local\Programs\Python\Python313\Lib\site-packages\jinja2\environment.py", line 490, in getattr
    return getattr(obj, attribute)
jinja2.exceptions.UndefinedError: 'products' is undefined


--- 2026-06-17 14:24:08,347 ---
127.0.0.1 - - [17/Jun/2026 14:24:08] "[32mGET / HTTP/1.1[0m" 302 -

--- 2026-06-17 14:24:08,360 ---
L\u1ed7i \u1edf \u0111\u01b0\u1eddng d\u1eabn: /
Traceback (most recent call last):
  File "C:\Users\Administrator\AppData\Local\Programs\Python\Python313\Lib\site-packages\flask\app.py", line 917, in full_dispatch_request
    rv = self.dispatch_request()
  File "C:\Users\Administrator\AppData\Local\Programs\Python\Python313\Lib\site-packages\flask\app.py", line 902, in dispatch_request
    return self.ensure_sync(self.view_functions[rule.endpoint])(**view_args)  # type: ignore[no-any-return]
           ~~~~~~~~~~~~~~~~~~~~~~~~~~~~~~~~~~~~~~~~~~~~~~~~~~~~^^^^^^^^^^^^^
  File "D:\web_sell\app\routes.py", line 13, in home
    return render_template('index.html')
  File "C:\Users\Administrator\AppData\Local\Programs\Python\Python313\Lib\site-packages\flask\templating.py", line 151, in render_template
    return _render(app, template, context)
  File "C:\Users\Administrator\AppData\Local\Programs\Python\Python313\Lib\site-packages\flask\templating.py", line 132, in _render
    rv = template.render(context)
  File "C:\Users\Administrator\AppData\Local\Programs\Python\Python313\Lib\site-packages\jinja2\environment.py", line 1295, in render
    self.environment.handle_exception()
    ~~~~~~~~~~~~~~~~~~~~~~~~~~~~~~~~~^^
  File "C:\Users\Administrator\AppData\Local\Programs\Python\Python313\Lib\site-packages\jinja2\environment.py", line 942, in handle_exception
    raise rewrite_traceback_stack(source=source)
  File "D:\web_sell\app\templates\index.html", line 1, in top-level template code
    {% extends 'base.html' %}
  File "D:\web_sell\app\templates\base.html", line 96, in top-level template code
    {% block content %}
    ^^^^^^^^^^^^^^^^^
  File "D:\web_sell\app\templates\index.html", line 19, in block 'content'
    {% for product in products.items %}
    ^^^^^^^^^^^^^^^^^^^^^
  File "C:\Users\Administrator\AppData\Local\Programs\Python\Python313\Lib\site-packages\jinja2\environment.py", line 490, in getattr
    return getattr(obj, attribute)
jinja2.exceptions.UndefinedError: 'products' is undefined


--- 2026-06-17 14:24:08,360 ---
127.0.0.1 - - [17/Jun/2026 14:24:08] "[32mGET / HTTP/1.1[0m" 302 -

--- 2026-06-17 14:24:08,372 ---
L\u1ed7i \u1edf \u0111\u01b0\u1eddng d\u1eabn: /
Traceback (most recent call last):
  File "C:\Users\Administrator\AppData\Local\Programs\Python\Python313\Lib\site-packages\flask\app.py", line 917, in full_dispatch_request
    rv = self.dispatch_request()
  File "C:\Users\Administrator\AppData\Local\Programs\Python\Python313\Lib\site-packages\flask\app.py", line 902, in dispatch_request
    return self.ensure_sync(self.view_functions[rule.endpoint])(**view_args)  # type: ignore[no-any-return]
           ~~~~~~~~~~~~~~~~~~~~~~~~~~~~~~~~~~~~~~~~~~~~~~~~~~~~^^^^^^^^^^^^^
  File "D:\web_sell\app\routes.py", line 13, in home
    return render_template('index.html')
  File "C:\Users\Administrator\AppData\Local\Programs\Python\Python313\Lib\site-packages\flask\templating.py", line 151, in render_template
    return _render(app, template, context)
  File "C:\Users\Administrator\AppData\Local\Programs\Python\Python313\Lib\site-packages\flask\templating.py", line 132, in _render
    rv = template.render(context)
  File "C:\Users\Administrator\AppData\Local\Programs\Python\Python313\Lib\site-packages\jinja2\environment.py", line 1295, in render
    self.environment.handle_exception()
    ~~~~~~~~~~~~~~~~~~~~~~~~~~~~~~~~~^^
  File "C:\Users\Administrator\AppData\Local\Programs\Python\Python313\Lib\site-packages\jinja2\environment.py", line 942, in handle_exception
    raise rewrite_traceback_stack(source=source)
  File "D:\web_sell\app\templates\index.html", line 1, in top-level template code
    {% extends 'base.html' %}
  File "D:\web_sell\app\templates\base.html", line 96, in top-level template code
    {% block content %}
    ^^^^^^^^^^^^^^^^^
  File "D:\web_sell\app\templates\index.html", line 19, in block 'content'
    {% for product in products.items %}
    ^^^^^^^^^^^^^^^^^^^^^
  File "C:\Users\Administrator\AppData\Local\Programs\Python\Python313\Lib\site-packages\jinja2\environment.py", line 490, in getattr
    return getattr(obj, attribute)
jinja2.exceptions.UndefinedError: 'products' is undefined


--- 2026-06-17 14:24:08,372 ---
127.0.0.1 - - [17/Jun/2026 14:24:08] "[32mGET / HTTP/1.1[0m" 302 -

--- 2026-06-17 14:24:08,383 ---
L\u1ed7i \u1edf \u0111\u01b0\u1eddng d\u1eabn: /
Traceback (most recent call last):
  File "C:\Users\Administrator\AppData\Local\Programs\Python\Python313\Lib\site-packages\flask\app.py", line 917, in full_dispatch_request
    rv = self.dispatch_request()
  File "C:\Users\Administrator\AppData\Local\Programs\Python\Python313\Lib\site-packages\flask\app.py", line 902, in dispatch_request
    return self.ensure_sync(self.view_functions[rule.endpoint])(**view_args)  # type: ignore[no-any-return]
           ~~~~~~~~~~~~~~~~~~~~~~~~~~~~~~~~~~~~~~~~~~~~~~~~~~~~^^^^^^^^^^^^^
  File "D:\web_sell\app\routes.py", line 13, in home
    return render_template('index.html')
  File "C:\Users\Administrator\AppData\Local\Programs\Python\Python313\Lib\site-packages\flask\templating.py", line 151, in render_template
    return _render(app, template, context)
  File "C:\Users\Administrator\AppData\Local\Programs\Python\Python313\Lib\site-packages\flask\templating.py", line 132, in _render
    rv = template.render(context)
  File "C:\Users\Administrator\AppData\Local\Programs\Python\Python313\Lib\site-packages\jinja2\environment.py", line 1295, in render
    self.environment.handle_exception()
    ~~~~~~~~~~~~~~~~~~~~~~~~~~~~~~~~~^^
  File "C:\Users\Administrator\AppData\Local\Programs\Python\Python313\Lib\site-packages\jinja2\environment.py", line 942, in handle_exception
    raise rewrite_traceback_stack(source=source)
  File "D:\web_sell\app\templates\index.html", line 1, in top-level template code
    {% extends 'base.html' %}
  File "D:\web_sell\app\templates\base.html", line 96, in top-level template code
    {% block content %}
    ^^^^^^^^^^^^^^^^^
  File "D:\web_sell\app\templates\index.html", line 19, in block 'content'
    {% for product in products.items %}
    ^^^^^^^^^^^^^^^^^^^^^
  File "C:\Users\Administrator\AppData\Local\Programs\Python\Python313\Lib\site-packages\jinja2\environment.py", line 490, in getattr
    return getattr(obj, attribute)
jinja2.exceptions.UndefinedError: 'products' is undefined


--- 2026-06-17 14:24:08,384 ---
127.0.0.1 - - [17/Jun/2026 14:24:08] "[32mGET / HTTP/1.1[0m" 302 -

--- 2026-06-17 14:24:08,395 ---
L\u1ed7i \u1edf \u0111\u01b0\u1eddng d\u1eabn: /
Traceback (most recent call last):
  File "C:\Users\Administrator\AppData\Local\Programs\Python\Python313\Lib\site-packages\flask\app.py", line 917, in full_dispatch_request
    rv = self.dispatch_request()
  File "C:\Users\Administrator\AppData\Local\Programs\Python\Python313\Lib\site-packages\flask\app.py", line 902, in dispatch_request
    return self.ensure_sync(self.view_functions[rule.endpoint])(**view_args)  # type: ignore[no-any-return]
           ~~~~~~~~~~~~~~~~~~~~~~~~~~~~~~~~~~~~~~~~~~~~~~~~~~~~^^^^^^^^^^^^^
  File "D:\web_sell\app\routes.py", line 13, in home
    return render_template('index.html')
  File "C:\Users\Administrator\AppData\Local\Programs\Python\Python313\Lib\site-packages\flask\templating.py", line 151, in render_template
    return _render(app, template, context)
  File "C:\Users\Administrator\AppData\Local\Programs\Python\Python313\Lib\site-packages\flask\templating.py", line 132, in _render
    rv = template.render(context)
  File "C:\Users\Administrator\AppData\Local\Programs\Python\Python313\Lib\site-packages\jinja2\environment.py", line 1295, in render
    self.environment.handle_exception()
    ~~~~~~~~~~~~~~~~~~~~~~~~~~~~~~~~~^^
  File "C:\Users\Administrator\AppData\Local\Programs\Python\Python313\Lib\site-packages\jinja2\environment.py", line 942, in handle_exception
    raise rewrite_traceback_stack(source=source)
  File "D:\web_sell\app\templates\index.html", line 1, in top-level template code
    {% extends 'base.html' %}
  File "D:\web_sell\app\templates\base.html", line 96, in top-level template code
    {% block content %}
    ^^^^^^^^^^^^^^^^^
  File "D:\web_sell\app\templates\index.html", line 19, in block 'content'
    {% for product in products.items %}
    ^^^^^^^^^^^^^^^^^^^^^
  File "C:\Users\Administrator\AppData\Local\Programs\Python\Python313\Lib\site-packages\jinja2\environment.py", line 490, in getattr
    return getattr(obj, attribute)
jinja2.exceptions.UndefinedError: 'products' is undefined


--- 2026-06-17 14:24:08,395 ---
127.0.0.1 - - [17/Jun/2026 14:24:08] "[32mGET / HTTP/1.1[0m" 302 -

--- 2026-06-17 14:24:08,936 ---
L\u1ed7i \u1edf \u0111\u01b0\u1eddng d\u1eabn: /
Traceback (most recent call last):
  File "C:\Users\Administrator\AppData\Local\Programs\Python\Python313\Lib\site-packages\flask\app.py", line 917, in full_dispatch_request
    rv = self.dispatch_request()
  File "C:\Users\Administrator\AppData\Local\Programs\Python\Python313\Lib\site-packages\flask\app.py", line 902, in dispatch_request
    return self.ensure_sync(self.view_functions[rule.endpoint])(**view_args)  # type: ignore[no-any-return]
           ~~~~~~~~~~~~~~~~~~~~~~~~~~~~~~~~~~~~~~~~~~~~~~~~~~~~^^^^^^^^^^^^^
  File "D:\web_sell\app\routes.py", line 13, in home
    return render_template('index.html')
  File "C:\Users\Administrator\AppData\Local\Programs\Python\Python313\Lib\site-packages\flask\templating.py", line 151, in render_template
    return _render(app, template, context)
  File "C:\Users\Administrator\AppData\Local\Programs\Python\Python313\Lib\site-packages\flask\templating.py", line 132, in _render
    rv = template.render(context)
  File "C:\Users\Administrator\AppData\Local\Programs\Python\Python313\Lib\site-packages\jinja2\environment.py", line 1295, in render
    self.environment.handle_exception()
    ~~~~~~~~~~~~~~~~~~~~~~~~~~~~~~~~~^^
  File "C:\Users\Administrator\AppData\Local\Programs\Python\Python313\Lib\site-packages\jinja2\environment.py", line 942, in handle_exception
    raise rewrite_traceback_stack(source=source)
  File "D:\web_sell\app\templates\index.html", line 1, in top-level template code
    {% extends 'base.html' %}
  File "D:\web_sell\app\templates\base.html", line 96, in top-level template code
    {% block content %}
    ^^^^^^^^^^^^^^^^^
  File "D:\web_sell\app\templates\index.html", line 19, in block 'content'
    {% for product in products.items %}
    ^^^^^^^^^^^^^^^^^^^^^
  File "C:\Users\Administrator\AppData\Local\Programs\Python\Python313\Lib\site-packages\jinja2\environment.py", line 490, in getattr
    return getattr(obj, attribute)
jinja2.exceptions.UndefinedError: 'products' is undefined


--- 2026-06-17 14:24:08,937 ---
127.0.0.1 - - [17/Jun/2026 14:24:08] "[32mGET / HTTP/1.1[0m" 302 -

--- 2026-06-17 14:24:08,947 ---
L\u1ed7i \u1edf \u0111\u01b0\u1eddng d\u1eabn: /
Traceback (most recent call last):
  File "C:\Users\Administrator\AppData\Local\Programs\Python\Python313\Lib\site-packages\flask\app.py", line 917, in full_dispatch_request
    rv = self.dispatch_request()
  File "C:\Users\Administrator\AppData\Local\Programs\Python\Python313\Lib\site-packages\flask\app.py", line 902, in dispatch_request
    return self.ensure_sync(self.view_functions[rule.endpoint])(**view_args)  # type: ignore[no-any-return]
           ~~~~~~~~~~~~~~~~~~~~~~~~~~~~~~~~~~~~~~~~~~~~~~~~~~~~^^^^^^^^^^^^^
  File "D:\web_sell\app\routes.py", line 13, in home
    return render_template('index.html')
  File "C:\Users\Administrator\AppData\Local\Programs\Python\Python313\Lib\site-packages\flask\templating.py", line 151, in render_template
    return _render(app, template, context)
  File "C:\Users\Administrator\AppData\Local\Programs\Python\Python313\Lib\site-packages\flask\templating.py", line 132, in _render
    rv = template.render(context)
  File "C:\Users\Administrator\AppData\Local\Programs\Python\Python313\Lib\site-packages\jinja2\environment.py", line 1295, in render
    self.environment.handle_exception()
    ~~~~~~~~~~~~~~~~~~~~~~~~~~~~~~~~~^^
  File "C:\Users\Administrator\AppData\Local\Programs\Python\Python313\Lib\site-packages\jinja2\environment.py", line 942, in handle_exception
    raise rewrite_traceback_stack(source=source)
  File "D:\web_sell\app\templates\index.html", line 1, in top-level template code
    {% extends 'base.html' %}
  File "D:\web_sell\app\templates\base.html", line 96, in top-level template code
    {% block content %}
    ^^^^^^^^^^^^^^^^^
  File "D:\web_sell\app\templates\index.html", line 19, in block 'content'
    {% for product in products.items %}
    ^^^^^^^^^^^^^^^^^^^^^
  File "C:\Users\Administrator\AppData\Local\Programs\Python\Python313\Lib\site-packages\jinja2\environment.py", line 490, in getattr
    return getattr(obj, attribute)
jinja2.exceptions.UndefinedError: 'products' is undefined


--- 2026-06-17 14:24:08,947 ---
127.0.0.1 - - [17/Jun/2026 14:24:08] "[32mGET / HTTP/1.1[0m" 302 -

--- 2026-06-17 14:24:08,959 ---
L\u1ed7i \u1edf \u0111\u01b0\u1eddng d\u1eabn: /
Traceback (most recent call last):
  File "C:\Users\Administrator\AppData\Local\Programs\Python\Python313\Lib\site-packages\flask\app.py", line 917, in full_dispatch_request
    rv = self.dispatch_request()
  File "C:\Users\Administrator\AppData\Local\Programs\Python\Python313\Lib\site-packages\flask\app.py", line 902, in dispatch_request
    return self.ensure_sync(self.view_functions[rule.endpoint])(**view_args)  # type: ignore[no-any-return]
           ~~~~~~~~~~~~~~~~~~~~~~~~~~~~~~~~~~~~~~~~~~~~~~~~~~~~^^^^^^^^^^^^^
  File "D:\web_sell\app\routes.py", line 13, in home
    return render_template('index.html')
  File "C:\Users\Administrator\AppData\Local\Programs\Python\Python313\Lib\site-packages\flask\templating.py", line 151, in render_template
    return _render(app, template, context)
  File "C:\Users\Administrator\AppData\Local\Programs\Python\Python313\Lib\site-packages\flask\templating.py", line 132, in _render
    rv = template.render(context)
  File "C:\Users\Administrator\AppData\Local\Programs\Python\Python313\Lib\site-packages\jinja2\environment.py", line 1295, in render
    self.environment.handle_exception()
    ~~~~~~~~~~~~~~~~~~~~~~~~~~~~~~~~~^^
  File "C:\Users\Administrator\AppData\Local\Programs\Python\Python313\Lib\site-packages\jinja2\environment.py", line 942, in handle_exception
    raise rewrite_traceback_stack(source=source)
  File "D:\web_sell\app\templates\index.html", line 1, in top-level template code
    {% extends 'base.html' %}
  File "D:\web_sell\app\templates\base.html", line 96, in top-level template code
    {% block content %}
    ^^^^^^^^^^^^^^^^^
  File "D:\web_sell\app\templates\index.html", line 19, in block 'content'
    {% for product in products.items %}
    ^^^^^^^^^^^^^^^^^^^^^
  File "C:\Users\Administrator\AppData\Local\Programs\Python\Python313\Lib\site-packages\jinja2\environment.py", line 490, in getattr
    return getattr(obj, attribute)
jinja2.exceptions.UndefinedError: 'products' is undefined


--- 2026-06-17 14:24:08,959 ---
127.0.0.1 - - [17/Jun/2026 14:24:08] "[32mGET / HTTP/1.1[0m" 302 -

--- 2026-06-17 14:24:08,971 ---
L\u1ed7i \u1edf \u0111\u01b0\u1eddng d\u1eabn: /
Traceback (most recent call last):
  File "C:\Users\Administrator\AppData\Local\Programs\Python\Python313\Lib\site-packages\flask\app.py", line 917, in full_dispatch_request
    rv = self.dispatch_request()
  File "C:\Users\Administrator\AppData\Local\Programs\Python\Python313\Lib\site-packages\flask\app.py", line 902, in dispatch_request
    return self.ensure_sync(self.view_functions[rule.endpoint])(**view_args)  # type: ignore[no-any-return]
           ~~~~~~~~~~~~~~~~~~~~~~~~~~~~~~~~~~~~~~~~~~~~~~~~~~~~^^^^^^^^^^^^^
  File "D:\web_sell\app\routes.py", line 13, in home
    return render_template('index.html')
  File "C:\Users\Administrator\AppData\Local\Programs\Python\Python313\Lib\site-packages\flask\templating.py", line 151, in render_template
    return _render(app, template, context)
  File "C:\Users\Administrator\AppData\Local\Programs\Python\Python313\Lib\site-packages\flask\templating.py", line 132, in _render
    rv = template.render(context)
  File "C:\Users\Administrator\AppData\Local\Programs\Python\Python313\Lib\site-packages\jinja2\environment.py", line 1295, in render
    self.environment.handle_exception()
    ~~~~~~~~~~~~~~~~~~~~~~~~~~~~~~~~~^^
  File "C:\Users\Administrator\AppData\Local\Programs\Python\Python313\Lib\site-packages\jinja2\environment.py", line 942, in handle_exception
    raise rewrite_traceback_stack(source=source)
  File "D:\web_sell\app\templates\index.html", line 1, in top-level template code
    {% extends 'base.html' %}
  File "D:\web_sell\app\templates\base.html", line 96, in top-level template code
    {% block content %}
    ^^^^^^^^^^^^^^^^^
  File "D:\web_sell\app\templates\index.html", line 19, in block 'content'
    {% for product in products.items %}
    ^^^^^^^^^^^^^^^^^^^^^
  File "C:\Users\Administrator\AppData\Local\Programs\Python\Python313\Lib\site-packages\jinja2\environment.py", line 490, in getattr
    return getattr(obj, attribute)
jinja2.exceptions.UndefinedError: 'products' is undefined


--- 2026-06-17 14:24:08,971 ---
127.0.0.1 - - [17/Jun/2026 14:24:08] "[32mGET / HTTP/1.1[0m" 302 -

--- 2026-06-17 14:24:08,982 ---
L\u1ed7i \u1edf \u0111\u01b0\u1eddng d\u1eabn: /
Traceback (most recent call last):
  File "C:\Users\Administrator\AppData\Local\Programs\Python\Python313\Lib\site-packages\flask\app.py", line 917, in full_dispatch_request
    rv = self.dispatch_request()
  File "C:\Users\Administrator\AppData\Local\Programs\Python\Python313\Lib\site-packages\flask\app.py", line 902, in dispatch_request
    return self.ensure_sync(self.view_functions[rule.endpoint])(**view_args)  # type: ignore[no-any-return]
           ~~~~~~~~~~~~~~~~~~~~~~~~~~~~~~~~~~~~~~~~~~~~~~~~~~~~^^^^^^^^^^^^^
  File "D:\web_sell\app\routes.py", line 13, in home
    return render_template('index.html')
  File "C:\Users\Administrator\AppData\Local\Programs\Python\Python313\Lib\site-packages\flask\templating.py", line 151, in render_template
    return _render(app, template, context)
  File "C:\Users\Administrator\AppData\Local\Programs\Python\Python313\Lib\site-packages\flask\templating.py", line 132, in _render
    rv = template.render(context)
  File "C:\Users\Administrator\AppData\Local\Programs\Python\Python313\Lib\site-packages\jinja2\environment.py", line 1295, in render
    self.environment.handle_exception()
    ~~~~~~~~~~~~~~~~~~~~~~~~~~~~~~~~~^^
  File "C:\Users\Administrator\AppData\Local\Programs\Python\Python313\Lib\site-packages\jinja2\environment.py", line 942, in handle_exception
    raise rewrite_traceback_stack(source=source)
  File "D:\web_sell\app\templates\index.html", line 1, in top-level template code
    {% extends 'base.html' %}
  File "D:\web_sell\app\templates\base.html", line 96, in top-level template code
    {% block content %}
    ^^^^^^^^^^^^^^^^^
  File "D:\web_sell\app\templates\index.html", line 19, in block 'content'
    {% for product in products.items %}
    ^^^^^^^^^^^^^^^^^^^^^
  File "C:\Users\Administrator\AppData\Local\Programs\Python\Python313\Lib\site-packages\jinja2\environment.py", line 490, in getattr
    return getattr(obj, attribute)
jinja2.exceptions.UndefinedError: 'products' is undefined


--- 2026-06-17 14:24:08,983 ---
127.0.0.1 - - [17/Jun/2026 14:24:08] "[32mGET / HTTP/1.1[0m" 302 -

--- 2026-06-17 14:24:08,994 ---
L\u1ed7i \u1edf \u0111\u01b0\u1eddng d\u1eabn: /
Traceback (most recent call last):
  File "C:\Users\Administrator\AppData\Local\Programs\Python\Python313\Lib\site-packages\flask\app.py", line 917, in full_dispatch_request
    rv = self.dispatch_request()
  File "C:\Users\Administrator\AppData\Local\Programs\Python\Python313\Lib\site-packages\flask\app.py", line 902, in dispatch_request
    return self.ensure_sync(self.view_functions[rule.endpoint])(**view_args)  # type: ignore[no-any-return]
           ~~~~~~~~~~~~~~~~~~~~~~~~~~~~~~~~~~~~~~~~~~~~~~~~~~~~^^^^^^^^^^^^^
  File "D:\web_sell\app\routes.py", line 13, in home
    return render_template('index.html')
  File "C:\Users\Administrator\AppData\Local\Programs\Python\Python313\Lib\site-packages\flask\templating.py", line 151, in render_template
    return _render(app, template, context)
  File "C:\Users\Administrator\AppData\Local\Programs\Python\Python313\Lib\site-packages\flask\templating.py", line 132, in _render
    rv = template.render(context)
  File "C:\Users\Administrator\AppData\Local\Programs\Python\Python313\Lib\site-packages\jinja2\environment.py", line 1295, in render
    self.environment.handle_exception()
    ~~~~~~~~~~~~~~~~~~~~~~~~~~~~~~~~~^^
  File "C:\Users\Administrator\AppData\Local\Programs\Python\Python313\Lib\site-packages\jinja2\environment.py", line 942, in handle_exception
    raise rewrite_traceback_stack(source=source)
  File "D:\web_sell\app\templates\index.html", line 1, in top-level template code
    {% extends 'base.html' %}
  File "D:\web_sell\app\templates\base.html", line 96, in top-level template code
    {% block content %}
    ^^^^^^^^^^^^^^^^^
  File "D:\web_sell\app\templates\index.html", line 19, in block 'content'
    {% for product in products.items %}
    ^^^^^^^^^^^^^^^^^^^^^
  File "C:\Users\Administrator\AppData\Local\Programs\Python\Python313\Lib\site-packages\jinja2\environment.py", line 490, in getattr
    return getattr(obj, attribute)
jinja2.exceptions.UndefinedError: 'products' is undefined


--- 2026-06-17 14:24:08,995 ---
127.0.0.1 - - [17/Jun/2026 14:24:08] "[32mGET / HTTP/1.1[0m" 302 -

--- 2026-06-17 14:24:09,006 ---
L\u1ed7i \u1edf \u0111\u01b0\u1eddng d\u1eabn: /
Traceback (most recent call last):
  File "C:\Users\Administrator\AppData\Local\Programs\Python\Python313\Lib\site-packages\flask\app.py", line 917, in full_dispatch_request
    rv = self.dispatch_request()
  File "C:\Users\Administrator\AppData\Local\Programs\Python\Python313\Lib\site-packages\flask\app.py", line 902, in dispatch_request
    return self.ensure_sync(self.view_functions[rule.endpoint])(**view_args)  # type: ignore[no-any-return]
           ~~~~~~~~~~~~~~~~~~~~~~~~~~~~~~~~~~~~~~~~~~~~~~~~~~~~^^^^^^^^^^^^^
  File "D:\web_sell\app\routes.py", line 13, in home
    return render_template('index.html')
  File "C:\Users\Administrator\AppData\Local\Programs\Python\Python313\Lib\site-packages\flask\templating.py", line 151, in render_template
    return _render(app, template, context)
  File "C:\Users\Administrator\AppData\Local\Programs\Python\Python313\Lib\site-packages\flask\templating.py", line 132, in _render
    rv = template.render(context)
  File "C:\Users\Administrator\AppData\Local\Programs\Python\Python313\Lib\site-packages\jinja2\environment.py", line 1295, in render
    self.environment.handle_exception()
    ~~~~~~~~~~~~~~~~~~~~~~~~~~~~~~~~~^^
  File "C:\Users\Administrator\AppData\Local\Programs\Python\Python313\Lib\site-packages\jinja2\environment.py", line 942, in handle_exception
    raise rewrite_traceback_stack(source=source)
  File "D:\web_sell\app\templates\index.html", line 1, in top-level template code
    {% extends 'base.html' %}
  File "D:\web_sell\app\templates\base.html", line 96, in top-level template code
    {% block content %}
    ^^^^^^^^^^^^^^^^^
  File "D:\web_sell\app\templates\index.html", line 19, in block 'content'
    {% for product in products.items %}
    ^^^^^^^^^^^^^^^^^^^^^
  File "C:\Users\Administrator\AppData\Local\Programs\Python\Python313\Lib\site-packages\jinja2\environment.py", line 490, in getattr
    return getattr(obj, attribute)
jinja2.exceptions.UndefinedError: 'products' is undefined


--- 2026-06-17 14:24:09,006 ---
127.0.0.1 - - [17/Jun/2026 14:24:09] "[32mGET / HTTP/1.1[0m" 302 -

--- 2026-06-17 14:24:09,017 ---
L\u1ed7i \u1edf \u0111\u01b0\u1eddng d\u1eabn: /
Traceback (most recent call last):
  File "C:\Users\Administrator\AppData\Local\Programs\Python\Python313\Lib\site-packages\flask\app.py", line 917, in full_dispatch_request
    rv = self.dispatch_request()
  File "C:\Users\Administrator\AppData\Local\Programs\Python\Python313\Lib\site-packages\flask\app.py", line 902, in dispatch_request
    return self.ensure_sync(self.view_functions[rule.endpoint])(**view_args)  # type: ignore[no-any-return]
           ~~~~~~~~~~~~~~~~~~~~~~~~~~~~~~~~~~~~~~~~~~~~~~~~~~~~^^^^^^^^^^^^^
  File "D:\web_sell\app\routes.py", line 13, in home
    return render_template('index.html')
  File "C:\Users\Administrator\AppData\Local\Programs\Python\Python313\Lib\site-packages\flask\templating.py", line 151, in render_template
    return _render(app, template, context)
  File "C:\Users\Administrator\AppData\Local\Programs\Python\Python313\Lib\site-packages\flask\templating.py", line 132, in _render
    rv = template.render(context)
  File "C:\Users\Administrator\AppData\Local\Programs\Python\Python313\Lib\site-packages\jinja2\environment.py", line 1295, in render
    self.environment.handle_exception()
    ~~~~~~~~~~~~~~~~~~~~~~~~~~~~~~~~~^^
  File "C:\Users\Administrator\AppData\Local\Programs\Python\Python313\Lib\site-packages\jinja2\environment.py", line 942, in handle_exception
    raise rewrite_traceback_stack(source=source)
  File "D:\web_sell\app\templates\index.html", line 1, in top-level template code
    {% extends 'base.html' %}
  File "D:\web_sell\app\templates\base.html", line 96, in top-level template code
    {% block content %}
    ^^^^^^^^^^^^^^^^^
  File "D:\web_sell\app\templates\index.html", line 19, in block 'content'
    {% for product in products.items %}
    ^^^^^^^^^^^^^^^^^^^^^
  File "C:\Users\Administrator\AppData\Local\Programs\Python\Python313\Lib\site-packages\jinja2\environment.py", line 490, in getattr
    return getattr(obj, attribute)
jinja2.exceptions.UndefinedError: 'products' is undefined


--- 2026-06-17 14:24:09,017 ---
127.0.0.1 - - [17/Jun/2026 14:24:09] "[32mGET / HTTP/1.1[0m" 302 -

--- 2026-06-17 14:24:09,028 ---
L\u1ed7i \u1edf \u0111\u01b0\u1eddng d\u1eabn: /
Traceback (most recent call last):
  File "C:\Users\Administrator\AppData\Local\Programs\Python\Python313\Lib\site-packages\flask\app.py", line 917, in full_dispatch_request
    rv = self.dispatch_request()
  File "C:\Users\Administrator\AppData\Local\Programs\Python\Python313\Lib\site-packages\flask\app.py", line 902, in dispatch_request
    return self.ensure_sync(self.view_functions[rule.endpoint])(**view_args)  # type: ignore[no-any-return]
           ~~~~~~~~~~~~~~~~~~~~~~~~~~~~~~~~~~~~~~~~~~~~~~~~~~~~^^^^^^^^^^^^^
  File "D:\web_sell\app\routes.py", line 13, in home
    return render_template('index.html')
  File "C:\Users\Administrator\AppData\Local\Programs\Python\Python313\Lib\site-packages\flask\templating.py", line 151, in render_template
    return _render(app, template, context)
  File "C:\Users\Administrator\AppData\Local\Programs\Python\Python313\Lib\site-packages\flask\templating.py", line 132, in _render
    rv = template.render(context)
  File "C:\Users\Administrator\AppData\Local\Programs\Python\Python313\Lib\site-packages\jinja2\environment.py", line 1295, in render
    self.environment.handle_exception()
    ~~~~~~~~~~~~~~~~~~~~~~~~~~~~~~~~~^^
  File "C:\Users\Administrator\AppData\Local\Programs\Python\Python313\Lib\site-packages\jinja2\environment.py", line 942, in handle_exception
    raise rewrite_traceback_stack(source=source)
  File "D:\web_sell\app\templates\index.html", line 1, in top-level template code
    {% extends 'base.html' %}
  File "D:\web_sell\app\templates\base.html", line 96, in top-level template code
    {% block content %}
    ^^^^^^^^^^^^^^^^^
  File "D:\web_sell\app\templates\index.html", line 19, in block 'content'
    {% for product in products.items %}
    ^^^^^^^^^^^^^^^^^^^^^
  File "C:\Users\Administrator\AppData\Local\Programs\Python\Python313\Lib\site-packages\jinja2\environment.py", line 490, in getattr
    return getattr(obj, attribute)
jinja2.exceptions.UndefinedError: 'products' is undefined


--- 2026-06-17 14:24:09,029 ---
127.0.0.1 - - [17/Jun/2026 14:24:09] "[32mGET / HTTP/1.1[0m" 302 -

--- 2026-06-17 14:24:09,040 ---
L\u1ed7i \u1edf \u0111\u01b0\u1eddng d\u1eabn: /
Traceback (most recent call last):
  File "C:\Users\Administrator\AppData\Local\Programs\Python\Python313\Lib\site-packages\flask\app.py", line 917, in full_dispatch_request
    rv = self.dispatch_request()
  File "C:\Users\Administrator\AppData\Local\Programs\Python\Python313\Lib\site-packages\flask\app.py", line 902, in dispatch_request
    return self.ensure_sync(self.view_functions[rule.endpoint])(**view_args)  # type: ignore[no-any-return]
           ~~~~~~~~~~~~~~~~~~~~~~~~~~~~~~~~~~~~~~~~~~~~~~~~~~~~^^^^^^^^^^^^^
  File "D:\web_sell\app\routes.py", line 13, in home
    return render_template('index.html')
  File "C:\Users\Administrator\AppData\Local\Programs\Python\Python313\Lib\site-packages\flask\templating.py", line 151, in render_template
    return _render(app, template, context)
  File "C:\Users\Administrator\AppData\Local\Programs\Python\Python313\Lib\site-packages\flask\templating.py", line 132, in _render
    rv = template.render(context)
  File "C:\Users\Administrator\AppData\Local\Programs\Python\Python313\Lib\site-packages\jinja2\environment.py", line 1295, in render
    self.environment.handle_exception()
    ~~~~~~~~~~~~~~~~~~~~~~~~~~~~~~~~~^^
  File "C:\Users\Administrator\AppData\Local\Programs\Python\Python313\Lib\site-packages\jinja2\environment.py", line 942, in handle_exception
    raise rewrite_traceback_stack(source=source)
  File "D:\web_sell\app\templates\index.html", line 1, in top-level template code
    {% extends 'base.html' %}
  File "D:\web_sell\app\templates\base.html", line 96, in top-level template code
    {% block content %}
    ^^^^^^^^^^^^^^^^^
  File "D:\web_sell\app\templates\index.html", line 19, in block 'content'
    {% for product in products.items %}
    ^^^^^^^^^^^^^^^^^^^^^
  File "C:\Users\Administrator\AppData\Local\Programs\Python\Python313\Lib\site-packages\jinja2\environment.py", line 490, in getattr
    return getattr(obj, attribute)
jinja2.exceptions.UndefinedError: 'products' is undefined


--- 2026-06-17 14:24:09,040 ---
127.0.0.1 - - [17/Jun/2026 14:24:09] "[32mGET / HTTP/1.1[0m" 302 -

--- 2026-06-17 14:24:09,051 ---
L\u1ed7i \u1edf \u0111\u01b0\u1eddng d\u1eabn: /
Traceback (most recent call last):
  File "C:\Users\Administrator\AppData\Local\Programs\Python\Python313\Lib\site-packages\flask\app.py", line 917, in full_dispatch_request
    rv = self.dispatch_request()
  File "C:\Users\Administrator\AppData\Local\Programs\Python\Python313\Lib\site-packages\flask\app.py", line 902, in dispatch_request
    return self.ensure_sync(self.view_functions[rule.endpoint])(**view_args)  # type: ignore[no-any-return]
           ~~~~~~~~~~~~~~~~~~~~~~~~~~~~~~~~~~~~~~~~~~~~~~~~~~~~^^^^^^^^^^^^^
  File "D:\web_sell\app\routes.py", line 13, in home
    return render_template('index.html')
  File "C:\Users\Administrator\AppData\Local\Programs\Python\Python313\Lib\site-packages\flask\templating.py", line 151, in render_template
    return _render(app, template, context)
  File "C:\Users\Administrator\AppData\Local\Programs\Python\Python313\Lib\site-packages\flask\templating.py", line 132, in _render
    rv = template.render(context)
  File "C:\Users\Administrator\AppData\Local\Programs\Python\Python313\Lib\site-packages\jinja2\environment.py", line 1295, in render
    self.environment.handle_exception()
    ~~~~~~~~~~~~~~~~~~~~~~~~~~~~~~~~~^^
  File "C:\Users\Administrator\AppData\Local\Programs\Python\Python313\Lib\site-packages\jinja2\environment.py", line 942, in handle_exception
    raise rewrite_traceback_stack(source=source)
  File "D:\web_sell\app\templates\index.html", line 1, in top-level template code
    {% extends 'base.html' %}
  File "D:\web_sell\app\templates\base.html", line 96, in top-level template code
    {% block content %}
    ^^^^^^^^^^^^^^^^^
  File "D:\web_sell\app\templates\index.html", line 19, in block 'content'
    {% for product in products.items %}
    ^^^^^^^^^^^^^^^^^^^^^
  File "C:\Users\Administrator\AppData\Local\Programs\Python\Python313\Lib\site-packages\jinja2\environment.py", line 490, in getattr
    return getattr(obj, attribute)
jinja2.exceptions.UndefinedError: 'products' is undefined


--- 2026-06-17 14:24:09,052 ---
127.0.0.1 - - [17/Jun/2026 14:24:09] "[32mGET / HTTP/1.1[0m" 302 -

--- 2026-06-17 14:24:09,062 ---
L\u1ed7i \u1edf \u0111\u01b0\u1eddng d\u1eabn: /
Traceback (most recent call last):
  File "C:\Users\Administrator\AppData\Local\Programs\Python\Python313\Lib\site-packages\flask\app.py", line 917, in full_dispatch_request
    rv = self.dispatch_request()
  File "C:\Users\Administrator\AppData\Local\Programs\Python\Python313\Lib\site-packages\flask\app.py", line 902, in dispatch_request
    return self.ensure_sync(self.view_functions[rule.endpoint])(**view_args)  # type: ignore[no-any-return]
           ~~~~~~~~~~~~~~~~~~~~~~~~~~~~~~~~~~~~~~~~~~~~~~~~~~~~^^^^^^^^^^^^^
  File "D:\web_sell\app\routes.py", line 13, in home
    return render_template('index.html')
  File "C:\Users\Administrator\AppData\Local\Programs\Python\Python313\Lib\site-packages\flask\templating.py", line 151, in render_template
    return _render(app, template, context)
  File "C:\Users\Administrator\AppData\Local\Programs\Python\Python313\Lib\site-packages\flask\templating.py", line 132, in _render
    rv = template.render(context)
  File "C:\Users\Administrator\AppData\Local\Programs\Python\Python313\Lib\site-packages\jinja2\environment.py", line 1295, in render
    self.environment.handle_exception()
    ~~~~~~~~~~~~~~~~~~~~~~~~~~~~~~~~~^^
  File "C:\Users\Administrator\AppData\Local\Programs\Python\Python313\Lib\site-packages\jinja2\environment.py", line 942, in handle_exception
    raise rewrite_traceback_stack(source=source)
  File "D:\web_sell\app\templates\index.html", line 1, in top-level template code
    {% extends 'base.html' %}
  File "D:\web_sell\app\templates\base.html", line 96, in top-level template code
    {% block content %}
    ^^^^^^^^^^^^^^^^^
  File "D:\web_sell\app\templates\index.html", line 19, in block 'content'
    {% for product in products.items %}
    ^^^^^^^^^^^^^^^^^^^^^
  File "C:\Users\Administrator\AppData\Local\Programs\Python\Python313\Lib\site-packages\jinja2\environment.py", line 490, in getattr
    return getattr(obj, attribute)
jinja2.exceptions.UndefinedError: 'products' is undefined


--- 2026-06-17 14:24:09,062 ---
127.0.0.1 - - [17/Jun/2026 14:24:09] "[32mGET / HTTP/1.1[0m" 302 -

--- 2026-06-17 14:24:09,074 ---
L\u1ed7i \u1edf \u0111\u01b0\u1eddng d\u1eabn: /
Traceback (most recent call last):
  File "C:\Users\Administrator\AppData\Local\Programs\Python\Python313\Lib\site-packages\flask\app.py", line 917, in full_dispatch_request
    rv = self.dispatch_request()
  File "C:\Users\Administrator\AppData\Local\Programs\Python\Python313\Lib\site-packages\flask\app.py", line 902, in dispatch_request
    return self.ensure_sync(self.view_functions[rule.endpoint])(**view_args)  # type: ignore[no-any-return]
           ~~~~~~~~~~~~~~~~~~~~~~~~~~~~~~~~~~~~~~~~~~~~~~~~~~~~^^^^^^^^^^^^^
  File "D:\web_sell\app\routes.py", line 13, in home
    return render_template('index.html')
  File "C:\Users\Administrator\AppData\Local\Programs\Python\Python313\Lib\site-packages\flask\templating.py", line 151, in render_template
    return _render(app, template, context)
  File "C:\Users\Administrator\AppData\Local\Programs\Python\Python313\Lib\site-packages\flask\templating.py", line 132, in _render
    rv = template.render(context)
  File "C:\Users\Administrator\AppData\Local\Programs\Python\Python313\Lib\site-packages\jinja2\environment.py", line 1295, in render
    self.environment.handle_exception()
    ~~~~~~~~~~~~~~~~~~~~~~~~~~~~~~~~~^^
  File "C:\Users\Administrator\AppData\Local\Programs\Python\Python313\Lib\site-packages\jinja2\environment.py", line 942, in handle_exception
    raise rewrite_traceback_stack(source=source)
  File "D:\web_sell\app\templates\index.html", line 1, in top-level template code
    {% extends 'base.html' %}
  File "D:\web_sell\app\templates\base.html", line 96, in top-level template code
    {% block content %}
    ^^^^^^^^^^^^^^^^^
  File "D:\web_sell\app\templates\index.html", line 19, in block 'content'
    {% for product in products.items %}
    ^^^^^^^^^^^^^^^^^^^^^
  File "C:\Users\Administrator\AppData\Local\Programs\Python\Python313\Lib\site-packages\jinja2\environment.py", line 490, in getattr
    return getattr(obj, attribute)
jinja2.exceptions.UndefinedError: 'products' is undefined


--- 2026-06-17 14:24:09,074 ---
127.0.0.1 - - [17/Jun/2026 14:24:09] "[32mGET / HTTP/1.1[0m" 302 -

--- 2026-06-17 14:24:09,087 ---
L\u1ed7i \u1edf \u0111\u01b0\u1eddng d\u1eabn: /
Traceback (most recent call last):
  File "C:\Users\Administrator\AppData\Local\Programs\Python\Python313\Lib\site-packages\flask\app.py", line 917, in full_dispatch_request
    rv = self.dispatch_request()
  File "C:\Users\Administrator\AppData\Local\Programs\Python\Python313\Lib\site-packages\flask\app.py", line 902, in dispatch_request
    return self.ensure_sync(self.view_functions[rule.endpoint])(**view_args)  # type: ignore[no-any-return]
           ~~~~~~~~~~~~~~~~~~~~~~~~~~~~~~~~~~~~~~~~~~~~~~~~~~~~^^^^^^^^^^^^^
  File "D:\web_sell\app\routes.py", line 13, in home
    return render_template('index.html')
  File "C:\Users\Administrator\AppData\Local\Programs\Python\Python313\Lib\site-packages\flask\templating.py", line 151, in render_template
    return _render(app, template, context)
  File "C:\Users\Administrator\AppData\Local\Programs\Python\Python313\Lib\site-packages\flask\templating.py", line 132, in _render
    rv = template.render(context)
  File "C:\Users\Administrator\AppData\Local\Programs\Python\Python313\Lib\site-packages\jinja2\environment.py", line 1295, in render
    self.environment.handle_exception()
    ~~~~~~~~~~~~~~~~~~~~~~~~~~~~~~~~~^^
  File "C:\Users\Administrator\AppData\Local\Programs\Python\Python313\Lib\site-packages\jinja2\environment.py", line 942, in handle_exception
    raise rewrite_traceback_stack(source=source)
  File "D:\web_sell\app\templates\index.html", line 1, in top-level template code
    {% extends 'base.html' %}
  File "D:\web_sell\app\templates\base.html", line 96, in top-level template code
    {% block content %}
    ^^^^^^^^^^^^^^^^^
  File "D:\web_sell\app\templates\index.html", line 19, in block 'content'
    {% for product in products.items %}
    ^^^^^^^^^^^^^^^^^^^^^
  File "C:\Users\Administrator\AppData\Local\Programs\Python\Python313\Lib\site-packages\jinja2\environment.py", line 490, in getattr
    return getattr(obj, attribute)
jinja2.exceptions.UndefinedError: 'products' is undefined


--- 2026-06-17 14:24:09,088 ---
127.0.0.1 - - [17/Jun/2026 14:24:09] "[32mGET / HTTP/1.1[0m" 302 -

--- 2026-06-17 14:24:09,098 ---
L\u1ed7i \u1edf \u0111\u01b0\u1eddng d\u1eabn: /
Traceback (most recent call last):
  File "C:\Users\Administrator\AppData\Local\Programs\Python\Python313\Lib\site-packages\flask\app.py", line 917, in full_dispatch_request
    rv = self.dispatch_request()
  File "C:\Users\Administrator\AppData\Local\Programs\Python\Python313\Lib\site-packages\flask\app.py", line 902, in dispatch_request
    return self.ensure_sync(self.view_functions[rule.endpoint])(**view_args)  # type: ignore[no-any-return]
           ~~~~~~~~~~~~~~~~~~~~~~~~~~~~~~~~~~~~~~~~~~~~~~~~~~~~^^^^^^^^^^^^^
  File "D:\web_sell\app\routes.py", line 13, in home
    return render_template('index.html')
  File "C:\Users\Administrator\AppData\Local\Programs\Python\Python313\Lib\site-packages\flask\templating.py", line 151, in render_template
    return _render(app, template, context)
  File "C:\Users\Administrator\AppData\Local\Programs\Python\Python313\Lib\site-packages\flask\templating.py", line 132, in _render
    rv = template.render(context)
  File "C:\Users\Administrator\AppData\Local\Programs\Python\Python313\Lib\site-packages\jinja2\environment.py", line 1295, in render
    self.environment.handle_exception()
    ~~~~~~~~~~~~~~~~~~~~~~~~~~~~~~~~~^^
  File "C:\Users\Administrator\AppData\Local\Programs\Python\Python313\Lib\site-packages\jinja2\environment.py", line 942, in handle_exception
    raise rewrite_traceback_stack(source=source)
  File "D:\web_sell\app\templates\index.html", line 1, in top-level template code
    {% extends 'base.html' %}
  File "D:\web_sell\app\templates\base.html", line 96, in top-level template code
    {% block content %}
    ^^^^^^^^^^^^^^^^^
  File "D:\web_sell\app\templates\index.html", line 19, in block 'content'
    {% for product in products.items %}
    ^^^^^^^^^^^^^^^^^^^^^
  File "C:\Users\Administrator\AppData\Local\Programs\Python\Python313\Lib\site-packages\jinja2\environment.py", line 490, in getattr
    return getattr(obj, attribute)
jinja2.exceptions.UndefinedError: 'products' is undefined


--- 2026-06-17 14:24:09,099 ---
127.0.0.1 - - [17/Jun/2026 14:24:09] "[32mGET / HTTP/1.1[0m" 302 -

--- 2026-06-17 14:24:09,111 ---
L\u1ed7i \u1edf \u0111\u01b0\u1eddng d\u1eabn: /
Traceback (most recent call last):
  File "C:\Users\Administrator\AppData\Local\Programs\Python\Python313\Lib\site-packages\flask\app.py", line 917, in full_dispatch_request
    rv = self.dispatch_request()
  File "C:\Users\Administrator\AppData\Local\Programs\Python\Python313\Lib\site-packages\flask\app.py", line 902, in dispatch_request
    return self.ensure_sync(self.view_functions[rule.endpoint])(**view_args)  # type: ignore[no-any-return]
           ~~~~~~~~~~~~~~~~~~~~~~~~~~~~~~~~~~~~~~~~~~~~~~~~~~~~^^^^^^^^^^^^^
  File "D:\web_sell\app\routes.py", line 13, in home
    return render_template('index.html')
  File "C:\Users\Administrator\AppData\Local\Programs\Python\Python313\Lib\site-packages\flask\templating.py", line 151, in render_template
    return _render(app, template, context)
  File "C:\Users\Administrator\AppData\Local\Programs\Python\Python313\Lib\site-packages\flask\templating.py", line 132, in _render
    rv = template.render(context)
  File "C:\Users\Administrator\AppData\Local\Programs\Python\Python313\Lib\site-packages\jinja2\environment.py", line 1295, in render
    self.environment.handle_exception()
    ~~~~~~~~~~~~~~~~~~~~~~~~~~~~~~~~~^^
  File "C:\Users\Administrator\AppData\Local\Programs\Python\Python313\Lib\site-packages\jinja2\environment.py", line 942, in handle_exception
    raise rewrite_traceback_stack(source=source)
  File "D:\web_sell\app\templates\index.html", line 1, in top-level template code
    {% extends 'base.html' %}
  File "D:\web_sell\app\templates\base.html", line 96, in top-level template code
    {% block content %}
    ^^^^^^^^^^^^^^^^^
  File "D:\web_sell\app\templates\index.html", line 19, in block 'content'
    {% for product in products.items %}
    ^^^^^^^^^^^^^^^^^^^^^
  File "C:\Users\Administrator\AppData\Local\Programs\Python\Python313\Lib\site-packages\jinja2\environment.py", line 490, in getattr
    return getattr(obj, attribute)
jinja2.exceptions.UndefinedError: 'products' is undefined


--- 2026-06-17 14:24:09,111 ---
127.0.0.1 - - [17/Jun/2026 14:24:09] "[32mGET / HTTP/1.1[0m" 302 -

--- 2026-06-17 14:24:09,123 ---
L\u1ed7i \u1edf \u0111\u01b0\u1eddng d\u1eabn: /
Traceback (most recent call last):
  File "C:\Users\Administrator\AppData\Local\Programs\Python\Python313\Lib\site-packages\flask\app.py", line 917, in full_dispatch_request
    rv = self.dispatch_request()
  File "C:\Users\Administrator\AppData\Local\Programs\Python\Python313\Lib\site-packages\flask\app.py", line 902, in dispatch_request
    return self.ensure_sync(self.view_functions[rule.endpoint])(**view_args)  # type: ignore[no-any-return]
           ~~~~~~~~~~~~~~~~~~~~~~~~~~~~~~~~~~~~~~~~~~~~~~~~~~~~^^^^^^^^^^^^^
  File "D:\web_sell\app\routes.py", line 13, in home
    return render_template('index.html')
  File "C:\Users\Administrator\AppData\Local\Programs\Python\Python313\Lib\site-packages\flask\templating.py", line 151, in render_template
    return _render(app, template, context)
  File "C:\Users\Administrator\AppData\Local\Programs\Python\Python313\Lib\site-packages\flask\templating.py", line 132, in _render
    rv = template.render(context)
  File "C:\Users\Administrator\AppData\Local\Programs\Python\Python313\Lib\site-packages\jinja2\environment.py", line 1295, in render
    self.environment.handle_exception()
    ~~~~~~~~~~~~~~~~~~~~~~~~~~~~~~~~~^^
  File "C:\Users\Administrator\AppData\Local\Programs\Python\Python313\Lib\site-packages\jinja2\environment.py", line 942, in handle_exception
    raise rewrite_traceback_stack(source=source)
  File "D:\web_sell\app\templates\index.html", line 1, in top-level template code
    {% extends 'base.html' %}
  File "D:\web_sell\app\templates\base.html", line 96, in top-level template code
    {% block content %}
    ^^^^^^^^^^^^^^^^^
  File "D:\web_sell\app\templates\index.html", line 19, in block 'content'
    {% for product in products.items %}
    ^^^^^^^^^^^^^^^^^^^^^
  File "C:\Users\Administrator\AppData\Local\Programs\Python\Python313\Lib\site-packages\jinja2\environment.py", line 490, in getattr
    return getattr(obj, attribute)
jinja2.exceptions.UndefinedError: 'products' is undefined


--- 2026-06-17 14:24:09,124 ---
127.0.0.1 - - [17/Jun/2026 14:24:09] "[32mGET / HTTP/1.1[0m" 302 -

--- 2026-06-17 14:24:09,135 ---
L\u1ed7i \u1edf \u0111\u01b0\u1eddng d\u1eabn: /
Traceback (most recent call last):
  File "C:\Users\Administrator\AppData\Local\Programs\Python\Python313\Lib\site-packages\flask\app.py", line 917, in full_dispatch_request
    rv = self.dispatch_request()
  File "C:\Users\Administrator\AppData\Local\Programs\Python\Python313\Lib\site-packages\flask\app.py", line 902, in dispatch_request
    return self.ensure_sync(self.view_functions[rule.endpoint])(**view_args)  # type: ignore[no-any-return]
           ~~~~~~~~~~~~~~~~~~~~~~~~~~~~~~~~~~~~~~~~~~~~~~~~~~~~^^^^^^^^^^^^^
  File "D:\web_sell\app\routes.py", line 13, in home
    return render_template('index.html')
  File "C:\Users\Administrator\AppData\Local\Programs\Python\Python313\Lib\site-packages\flask\templating.py", line 151, in render_template
    return _render(app, template, context)
  File "C:\Users\Administrator\AppData\Local\Programs\Python\Python313\Lib\site-packages\flask\templating.py", line 132, in _render
    rv = template.render(context)
  File "C:\Users\Administrator\AppData\Local\Programs\Python\Python313\Lib\site-packages\jinja2\environment.py", line 1295, in render
    self.environment.handle_exception()
    ~~~~~~~~~~~~~~~~~~~~~~~~~~~~~~~~~^^
  File "C:\Users\Administrator\AppData\Local\Programs\Python\Python313\Lib\site-packages\jinja2\environment.py", line 942, in handle_exception
    raise rewrite_traceback_stack(source=source)
  File "D:\web_sell\app\templates\index.html", line 1, in top-level template code
    {% extends 'base.html' %}
  File "D:\web_sell\app\templates\base.html", line 96, in top-level template code
    {% block content %}
    ^^^^^^^^^^^^^^^^^
  File "D:\web_sell\app\templates\index.html", line 19, in block 'content'
    {% for product in products.items %}
    ^^^^^^^^^^^^^^^^^^^^^
  File "C:\Users\Administrator\AppData\Local\Programs\Python\Python313\Lib\site-packages\jinja2\environment.py", line 490, in getattr
    return getattr(obj, attribute)
jinja2.exceptions.UndefinedError: 'products' is undefined


--- 2026-06-17 14:24:09,136 ---
127.0.0.1 - - [17/Jun/2026 14:24:09] "[32mGET / HTTP/1.1[0m" 302 -

--- 2026-06-17 14:24:09,146 ---
L\u1ed7i \u1edf \u0111\u01b0\u1eddng d\u1eabn: /
Traceback (most recent call last):
  File "C:\Users\Administrator\AppData\Local\Programs\Python\Python313\Lib\site-packages\flask\app.py", line 917, in full_dispatch_request
    rv = self.dispatch_request()
  File "C:\Users\Administrator\AppData\Local\Programs\Python\Python313\Lib\site-packages\flask\app.py", line 902, in dispatch_request
    return self.ensure_sync(self.view_functions[rule.endpoint])(**view_args)  # type: ignore[no-any-return]
           ~~~~~~~~~~~~~~~~~~~~~~~~~~~~~~~~~~~~~~~~~~~~~~~~~~~~^^^^^^^^^^^^^
  File "D:\web_sell\app\routes.py", line 13, in home
    return render_template('index.html')
  File "C:\Users\Administrator\AppData\Local\Programs\Python\Python313\Lib\site-packages\flask\templating.py", line 151, in render_template
    return _render(app, template, context)
  File "C:\Users\Administrator\AppData\Local\Programs\Python\Python313\Lib\site-packages\flask\templating.py", line 132, in _render
    rv = template.render(context)
  File "C:\Users\Administrator\AppData\Local\Programs\Python\Python313\Lib\site-packages\jinja2\environment.py", line 1295, in render
    self.environment.handle_exception()
    ~~~~~~~~~~~~~~~~~~~~~~~~~~~~~~~~~^^
  File "C:\Users\Administrator\AppData\Local\Programs\Python\Python313\Lib\site-packages\jinja2\environment.py", line 942, in handle_exception
    raise rewrite_traceback_stack(source=source)
  File "D:\web_sell\app\templates\index.html", line 1, in top-level template code
    {% extends 'base.html' %}
  File "D:\web_sell\app\templates\base.html", line 96, in top-level template code
    {% block content %}
    ^^^^^^^^^^^^^^^^^
  File "D:\web_sell\app\templates\index.html", line 19, in block 'content'
    {% for product in products.items %}
    ^^^^^^^^^^^^^^^^^^^^^
  File "C:\Users\Administrator\AppData\Local\Programs\Python\Python313\Lib\site-packages\jinja2\environment.py", line 490, in getattr
    return getattr(obj, attribute)
jinja2.exceptions.UndefinedError: 'products' is undefined


--- 2026-06-17 14:24:09,147 ---
127.0.0.1 - - [17/Jun/2026 14:24:09] "[32mGET / HTTP/1.1[0m" 302 -

--- 2026-06-17 14:24:09,159 ---
L\u1ed7i \u1edf \u0111\u01b0\u1eddng d\u1eabn: /
Traceback (most recent call last):
  File "C:\Users\Administrator\AppData\Local\Programs\Python\Python313\Lib\site-packages\flask\app.py", line 917, in full_dispatch_request
    rv = self.dispatch_request()
  File "C:\Users\Administrator\AppData\Local\Programs\Python\Python313\Lib\site-packages\flask\app.py", line 902, in dispatch_request
    return self.ensure_sync(self.view_functions[rule.endpoint])(**view_args)  # type: ignore[no-any-return]
           ~~~~~~~~~~~~~~~~~~~~~~~~~~~~~~~~~~~~~~~~~~~~~~~~~~~~^^^^^^^^^^^^^
  File "D:\web_sell\app\routes.py", line 13, in home
    return render_template('index.html')
  File "C:\Users\Administrator\AppData\Local\Programs\Python\Python313\Lib\site-packages\flask\templating.py", line 151, in render_template
    return _render(app, template, context)
  File "C:\Users\Administrator\AppData\Local\Programs\Python\Python313\Lib\site-packages\flask\templating.py", line 132, in _render
    rv = template.render(context)
  File "C:\Users\Administrator\AppData\Local\Programs\Python\Python313\Lib\site-packages\jinja2\environment.py", line 1295, in render
    self.environment.handle_exception()
    ~~~~~~~~~~~~~~~~~~~~~~~~~~~~~~~~~^^
  File "C:\Users\Administrator\AppData\Local\Programs\Python\Python313\Lib\site-packages\jinja2\environment.py", line 942, in handle_exception
    raise rewrite_traceback_stack(source=source)
  File "D:\web_sell\app\templates\index.html", line 1, in top-level template code
    {% extends 'base.html' %}
  File "D:\web_sell\app\templates\base.html", line 96, in top-level template code
    {% block content %}
    ^^^^^^^^^^^^^^^^^
  File "D:\web_sell\app\templates\index.html", line 19, in block 'content'
    {% for product in products.items %}
    ^^^^^^^^^^^^^^^^^^^^^
  File "C:\Users\Administrator\AppData\Local\Programs\Python\Python313\Lib\site-packages\jinja2\environment.py", line 490, in getattr
    return getattr(obj, attribute)
jinja2.exceptions.UndefinedError: 'products' is undefined


--- 2026-06-17 14:24:09,160 ---
127.0.0.1 - - [17/Jun/2026 14:24:09] "[32mGET / HTTP/1.1[0m" 302 -

--- 2026-06-17 14:24:09,171 ---
L\u1ed7i \u1edf \u0111\u01b0\u1eddng d\u1eabn: /
Traceback (most recent call last):
  File "C:\Users\Administrator\AppData\Local\Programs\Python\Python313\Lib\site-packages\flask\app.py", line 917, in full_dispatch_request
    rv = self.dispatch_request()
  File "C:\Users\Administrator\AppData\Local\Programs\Python\Python313\Lib\site-packages\flask\app.py", line 902, in dispatch_request
    return self.ensure_sync(self.view_functions[rule.endpoint])(**view_args)  # type: ignore[no-any-return]
           ~~~~~~~~~~~~~~~~~~~~~~~~~~~~~~~~~~~~~~~~~~~~~~~~~~~~^^^^^^^^^^^^^
  File "D:\web_sell\app\routes.py", line 13, in home
    return render_template('index.html')
  File "C:\Users\Administrator\AppData\Local\Programs\Python\Python313\Lib\site-packages\flask\templating.py", line 151, in render_template
    return _render(app, template, context)
  File "C:\Users\Administrator\AppData\Local\Programs\Python\Python313\Lib\site-packages\flask\templating.py", line 132, in _render
    rv = template.render(context)
  File "C:\Users\Administrator\AppData\Local\Programs\Python\Python313\Lib\site-packages\jinja2\environment.py", line 1295, in render
    self.environment.handle_exception()
    ~~~~~~~~~~~~~~~~~~~~~~~~~~~~~~~~~^^
  File "C:\Users\Administrator\AppData\Local\Programs\Python\Python313\Lib\site-packages\jinja2\environment.py", line 942, in handle_exception
    raise rewrite_traceback_stack(source=source)
  File "D:\web_sell\app\templates\index.html", line 1, in top-level template code
    {% extends 'base.html' %}
  File "D:\web_sell\app\templates\base.html", line 96, in top-level template code
    {% block content %}
    ^^^^^^^^^^^^^^^^^
  File "D:\web_sell\app\templates\index.html", line 19, in block 'content'
    {% for product in products.items %}
    ^^^^^^^^^^^^^^^^^^^^^
  File "C:\Users\Administrator\AppData\Local\Programs\Python\Python313\Lib\site-packages\jinja2\environment.py", line 490, in getattr
    return getattr(obj, attribute)
jinja2.exceptions.UndefinedError: 'products' is undefined


--- 2026-06-17 14:24:09,171 ---
127.0.0.1 - - [17/Jun/2026 14:24:09] "[32mGET / HTTP/1.1[0m" 302 -

--- 2026-06-17 14:24:09,383 ---
L\u1ed7i \u1edf \u0111\u01b0\u1eddng d\u1eabn: /
Traceback (most recent call last):
  File "C:\Users\Administrator\AppData\Local\Programs\Python\Python313\Lib\site-packages\flask\app.py", line 917, in full_dispatch_request
    rv = self.dispatch_request()
  File "C:\Users\Administrator\AppData\Local\Programs\Python\Python313\Lib\site-packages\flask\app.py", line 902, in dispatch_request
    return self.ensure_sync(self.view_functions[rule.endpoint])(**view_args)  # type: ignore[no-any-return]
           ~~~~~~~~~~~~~~~~~~~~~~~~~~~~~~~~~~~~~~~~~~~~~~~~~~~~^^^^^^^^^^^^^
  File "D:\web_sell\app\routes.py", line 13, in home
    return render_template('index.html')
  File "C:\Users\Administrator\AppData\Local\Programs\Python\Python313\Lib\site-packages\flask\templating.py", line 151, in render_template
    return _render(app, template, context)
  File "C:\Users\Administrator\AppData\Local\Programs\Python\Python313\Lib\site-packages\flask\templating.py", line 132, in _render
    rv = template.render(context)
  File "C:\Users\Administrator\AppData\Local\Programs\Python\Python313\Lib\site-packages\jinja2\environment.py", line 1295, in render
    self.environment.handle_exception()
    ~~~~~~~~~~~~~~~~~~~~~~~~~~~~~~~~~^^
  File "C:\Users\Administrator\AppData\Local\Programs\Python\Python313\Lib\site-packages\jinja2\environment.py", line 942, in handle_exception
    raise rewrite_traceback_stack(source=source)
  File "D:\web_sell\app\templates\index.html", line 1, in top-level template code
    {% extends 'base.html' %}
  File "D:\web_sell\app\templates\base.html", line 96, in top-level template code
    {% block content %}
    ^^^^^^^^^^^^^^^^^
  File "D:\web_sell\app\templates\index.html", line 19, in block 'content'
    {% for product in products.items %}
    ^^^^^^^^^^^^^^^^^^^^^
  File "C:\Users\Administrator\AppData\Local\Programs\Python\Python313\Lib\site-packages\jinja2\environment.py", line 490, in getattr
    return getattr(obj, attribute)
jinja2.exceptions.UndefinedError: 'products' is undefined


--- 2026-06-17 14:24:09,384 ---
127.0.0.1 - - [17/Jun/2026 14:24:09] "[32mGET / HTTP/1.1[0m" 302 -

--- 2026-06-17 14:24:09,394 ---
L\u1ed7i \u1edf \u0111\u01b0\u1eddng d\u1eabn: /
Traceback (most recent call last):
  File "C:\Users\Administrator\AppData\Local\Programs\Python\Python313\Lib\site-packages\flask\app.py", line 917, in full_dispatch_request
    rv = self.dispatch_request()
  File "C:\Users\Administrator\AppData\Local\Programs\Python\Python313\Lib\site-packages\flask\app.py", line 902, in dispatch_request
    return self.ensure_sync(self.view_functions[rule.endpoint])(**view_args)  # type: ignore[no-any-return]
           ~~~~~~~~~~~~~~~~~~~~~~~~~~~~~~~~~~~~~~~~~~~~~~~~~~~~^^^^^^^^^^^^^
  File "D:\web_sell\app\routes.py", line 13, in home
    return render_template('index.html')
  File "C:\Users\Administrator\AppData\Local\Programs\Python\Python313\Lib\site-packages\flask\templating.py", line 151, in render_template
    return _render(app, template, context)
  File "C:\Users\Administrator\AppData\Local\Programs\Python\Python313\Lib\site-packages\flask\templating.py", line 132, in _render
    rv = template.render(context)
  File "C:\Users\Administrator\AppData\Local\Programs\Python\Python313\Lib\site-packages\jinja2\environment.py", line 1295, in render
    self.environment.handle_exception()
    ~~~~~~~~~~~~~~~~~~~~~~~~~~~~~~~~~^^
  File "C:\Users\Administrator\AppData\Local\Programs\Python\Python313\Lib\site-packages\jinja2\environment.py", line 942, in handle_exception
    raise rewrite_traceback_stack(source=source)
  File "D:\web_sell\app\templates\index.html", line 1, in top-level template code
    {% extends 'base.html' %}
  File "D:\web_sell\app\templates\base.html", line 96, in top-level template code
    {% block content %}
    ^^^^^^^^^^^^^^^^^
  File "D:\web_sell\app\templates\index.html", line 19, in block 'content'
    {% for product in products.items %}
    ^^^^^^^^^^^^^^^^^^^^^
  File "C:\Users\Administrator\AppData\Local\Programs\Python\Python313\Lib\site-packages\jinja2\environment.py", line 490, in getattr
    return getattr(obj, attribute)
jinja2.exceptions.UndefinedError: 'products' is undefined


--- 2026-06-17 14:24:09,395 ---
127.0.0.1 - - [17/Jun/2026 14:24:09] "[32mGET / HTTP/1.1[0m" 302 -

--- 2026-06-17 14:24:09,408 ---
L\u1ed7i \u1edf \u0111\u01b0\u1eddng d\u1eabn: /
Traceback (most recent call last):
  File "C:\Users\Administrator\AppData\Local\Programs\Python\Python313\Lib\site-packages\flask\app.py", line 917, in full_dispatch_request
    rv = self.dispatch_request()
  File "C:\Users\Administrator\AppData\Local\Programs\Python\Python313\Lib\site-packages\flask\app.py", line 902, in dispatch_request
    return self.ensure_sync(self.view_functions[rule.endpoint])(**view_args)  # type: ignore[no-any-return]
           ~~~~~~~~~~~~~~~~~~~~~~~~~~~~~~~~~~~~~~~~~~~~~~~~~~~~^^^^^^^^^^^^^
  File "D:\web_sell\app\routes.py", line 13, in home
    return render_template('index.html')
  File "C:\Users\Administrator\AppData\Local\Programs\Python\Python313\Lib\site-packages\flask\templating.py", line 151, in render_template
    return _render(app, template, context)
  File "C:\Users\Administrator\AppData\Local\Programs\Python\Python313\Lib\site-packages\flask\templating.py", line 132, in _render
    rv = template.render(context)
  File "C:\Users\Administrator\AppData\Local\Programs\Python\Python313\Lib\site-packages\jinja2\environment.py", line 1295, in render
    self.environment.handle_exception()
    ~~~~~~~~~~~~~~~~~~~~~~~~~~~~~~~~~^^
  File "C:\Users\Administrator\AppData\Local\Programs\Python\Python313\Lib\site-packages\jinja2\environment.py", line 942, in handle_exception
    raise rewrite_traceback_stack(source=source)
  File "D:\web_sell\app\templates\index.html", line 1, in top-level template code
    {% extends 'base.html' %}
  File "D:\web_sell\app\templates\base.html", line 96, in top-level template code
    {% block content %}
    ^^^^^^^^^^^^^^^^^
  File "D:\web_sell\app\templates\index.html", line 19, in block 'content'
    {% for product in products.items %}
    ^^^^^^^^^^^^^^^^^^^^^
  File "C:\Users\Administrator\AppData\Local\Programs\Python\Python313\Lib\site-packages\jinja2\environment.py", line 490, in getattr
    return getattr(obj, attribute)
jinja2.exceptions.UndefinedError: 'products' is undefined


--- 2026-06-17 14:24:09,408 ---
127.0.0.1 - - [17/Jun/2026 14:24:09] "[32mGET / HTTP/1.1[0m" 302 -

--- 2026-06-17 14:24:09,421 ---
L\u1ed7i \u1edf \u0111\u01b0\u1eddng d\u1eabn: /
Traceback (most recent call last):
  File "C:\Users\Administrator\AppData\Local\Programs\Python\Python313\Lib\site-packages\flask\app.py", line 917, in full_dispatch_request
    rv = self.dispatch_request()
  File "C:\Users\Administrator\AppData\Local\Programs\Python\Python313\Lib\site-packages\flask\app.py", line 902, in dispatch_request
    return self.ensure_sync(self.view_functions[rule.endpoint])(**view_args)  # type: ignore[no-any-return]
           ~~~~~~~~~~~~~~~~~~~~~~~~~~~~~~~~~~~~~~~~~~~~~~~~~~~~^^^^^^^^^^^^^
  File "D:\web_sell\app\routes.py", line 13, in home
    return render_template('index.html')
  File "C:\Users\Administrator\AppData\Local\Programs\Python\Python313\Lib\site-packages\flask\templating.py", line 151, in render_template
    return _render(app, template, context)
  File "C:\Users\Administrator\AppData\Local\Programs\Python\Python313\Lib\site-packages\flask\templating.py", line 132, in _render
    rv = template.render(context)
  File "C:\Users\Administrator\AppData\Local\Programs\Python\Python313\Lib\site-packages\jinja2\environment.py", line 1295, in render
    self.environment.handle_exception()
    ~~~~~~~~~~~~~~~~~~~~~~~~~~~~~~~~~^^
  File "C:\Users\Administrator\AppData\Local\Programs\Python\Python313\Lib\site-packages\jinja2\environment.py", line 942, in handle_exception
    raise rewrite_traceback_stack(source=source)
  File "D:\web_sell\app\templates\index.html", line 1, in top-level template code
    {% extends 'base.html' %}
  File "D:\web_sell\app\templates\base.html", line 96, in top-level template code
    {% block content %}
    ^^^^^^^^^^^^^^^^^
  File "D:\web_sell\app\templates\index.html", line 19, in block 'content'
    {% for product in products.items %}
    ^^^^^^^^^^^^^^^^^^^^^
  File "C:\Users\Administrator\AppData\Local\Programs\Python\Python313\Lib\site-packages\jinja2\environment.py", line 490, in getattr
    return getattr(obj, attribute)
jinja2.exceptions.UndefinedError: 'products' is undefined


--- 2026-06-17 14:24:09,421 ---
127.0.0.1 - - [17/Jun/2026 14:24:09] "[32mGET / HTTP/1.1[0m" 302 -

--- 2026-06-17 14:24:09,433 ---
L\u1ed7i \u1edf \u0111\u01b0\u1eddng d\u1eabn: /
Traceback (most recent call last):
  File "C:\Users\Administrator\AppData\Local\Programs\Python\Python313\Lib\site-packages\flask\app.py", line 917, in full_dispatch_request
    rv = self.dispatch_request()
  File "C:\Users\Administrator\AppData\Local\Programs\Python\Python313\Lib\site-packages\flask\app.py", line 902, in dispatch_request
    return self.ensure_sync(self.view_functions[rule.endpoint])(**view_args)  # type: ignore[no-any-return]
           ~~~~~~~~~~~~~~~~~~~~~~~~~~~~~~~~~~~~~~~~~~~~~~~~~~~~^^^^^^^^^^^^^
  File "D:\web_sell\app\routes.py", line 13, in home
    return render_template('index.html')
  File "C:\Users\Administrator\AppData\Local\Programs\Python\Python313\Lib\site-packages\flask\templating.py", line 151, in render_template
    return _render(app, template, context)
  File "C:\Users\Administrator\AppData\Local\Programs\Python\Python313\Lib\site-packages\flask\templating.py", line 132, in _render
    rv = template.render(context)
  File "C:\Users\Administrator\AppData\Local\Programs\Python\Python313\Lib\site-packages\jinja2\environment.py", line 1295, in render
    self.environment.handle_exception()
    ~~~~~~~~~~~~~~~~~~~~~~~~~~~~~~~~~^^
  File "C:\Users\Administrator\AppData\Local\Programs\Python\Python313\Lib\site-packages\jinja2\environment.py", line 942, in handle_exception
    raise rewrite_traceback_stack(source=source)
  File "D:\web_sell\app\templates\index.html", line 1, in top-level template code
    {% extends 'base.html' %}
  File "D:\web_sell\app\templates\base.html", line 96, in top-level template code
    {% block content %}
    ^^^^^^^^^^^^^^^^^
  File "D:\web_sell\app\templates\index.html", line 19, in block 'content'
    {% for product in products.items %}
    ^^^^^^^^^^^^^^^^^^^^^
  File "C:\Users\Administrator\AppData\Local\Programs\Python\Python313\Lib\site-packages\jinja2\environment.py", line 490, in getattr
    return getattr(obj, attribute)
jinja2.exceptions.UndefinedError: 'products' is undefined


--- 2026-06-17 14:24:09,434 ---
127.0.0.1 - - [17/Jun/2026 14:24:09] "[32mGET / HTTP/1.1[0m" 302 -

--- 2026-06-17 14:24:09,446 ---
L\u1ed7i \u1edf \u0111\u01b0\u1eddng d\u1eabn: /
Traceback (most recent call last):
  File "C:\Users\Administrator\AppData\Local\Programs\Python\Python313\Lib\site-packages\flask\app.py", line 917, in full_dispatch_request
    rv = self.dispatch_request()
  File "C:\Users\Administrator\AppData\Local\Programs\Python\Python313\Lib\site-packages\flask\app.py", line 902, in dispatch_request
    return self.ensure_sync(self.view_functions[rule.endpoint])(**view_args)  # type: ignore[no-any-return]
           ~~~~~~~~~~~~~~~~~~~~~~~~~~~~~~~~~~~~~~~~~~~~~~~~~~~~^^^^^^^^^^^^^
  File "D:\web_sell\app\routes.py", line 13, in home
    return render_template('index.html')
  File "C:\Users\Administrator\AppData\Local\Programs\Python\Python313\Lib\site-packages\flask\templating.py", line 151, in render_template
    return _render(app, template, context)
  File "C:\Users\Administrator\AppData\Local\Programs\Python\Python313\Lib\site-packages\flask\templating.py", line 132, in _render
    rv = template.render(context)
  File "C:\Users\Administrator\AppData\Local\Programs\Python\Python313\Lib\site-packages\jinja2\environment.py", line 1295, in render
    self.environment.handle_exception()
    ~~~~~~~~~~~~~~~~~~~~~~~~~~~~~~~~~^^
  File "C:\Users\Administrator\AppData\Local\Programs\Python\Python313\Lib\site-packages\jinja2\environment.py", line 942, in handle_exception
    raise rewrite_traceback_stack(source=source)
  File "D:\web_sell\app\templates\index.html", line 1, in top-level template code
    {% extends 'base.html' %}
  File "D:\web_sell\app\templates\base.html", line 96, in top-level template code
    {% block content %}
    ^^^^^^^^^^^^^^^^^
  File "D:\web_sell\app\templates\index.html", line 19, in block 'content'
    {% for product in products.items %}
    ^^^^^^^^^^^^^^^^^^^^^
  File "C:\Users\Administrator\AppData\Local\Programs\Python\Python313\Lib\site-packages\jinja2\environment.py", line 490, in getattr
    return getattr(obj, attribute)
jinja2.exceptions.UndefinedError: 'products' is undefined


--- 2026-06-17 14:24:09,446 ---
127.0.0.1 - - [17/Jun/2026 14:24:09] "[32mGET / HTTP/1.1[0m" 302 -

--- 2026-06-17 14:24:09,459 ---
L\u1ed7i \u1edf \u0111\u01b0\u1eddng d\u1eabn: /
Traceback (most recent call last):
  File "C:\Users\Administrator\AppData\Local\Programs\Python\Python313\Lib\site-packages\flask\app.py", line 917, in full_dispatch_request
    rv = self.dispatch_request()
  File "C:\Users\Administrator\AppData\Local\Programs\Python\Python313\Lib\site-packages\flask\app.py", line 902, in dispatch_request
    return self.ensure_sync(self.view_functions[rule.endpoint])(**view_args)  # type: ignore[no-any-return]
           ~~~~~~~~~~~~~~~~~~~~~~~~~~~~~~~~~~~~~~~~~~~~~~~~~~~~^^^^^^^^^^^^^
  File "D:\web_sell\app\routes.py", line 13, in home
    return render_template('index.html')
  File "C:\Users\Administrator\AppData\Local\Programs\Python\Python313\Lib\site-packages\flask\templating.py", line 151, in render_template
    return _render(app, template, context)
  File "C:\Users\Administrator\AppData\Local\Programs\Python\Python313\Lib\site-packages\flask\templating.py", line 132, in _render
    rv = template.render(context)
  File "C:\Users\Administrator\AppData\Local\Programs\Python\Python313\Lib\site-packages\jinja2\environment.py", line 1295, in render
    self.environment.handle_exception()
    ~~~~~~~~~~~~~~~~~~~~~~~~~~~~~~~~~^^
  File "C:\Users\Administrator\AppData\Local\Programs\Python\Python313\Lib\site-packages\jinja2\environment.py", line 942, in handle_exception
    raise rewrite_traceback_stack(source=source)
  File "D:\web_sell\app\templates\index.html", line 1, in top-level template code
    {% extends 'base.html' %}
  File "D:\web_sell\app\templates\base.html", line 96, in top-level template code
    {% block content %}
    ^^^^^^^^^^^^^^^^^
  File "D:\web_sell\app\templates\index.html", line 19, in block 'content'
    {% for product in products.items %}
    ^^^^^^^^^^^^^^^^^^^^^
  File "C:\Users\Administrator\AppData\Local\Programs\Python\Python313\Lib\site-packages\jinja2\environment.py", line 490, in getattr
    return getattr(obj, attribute)
jinja2.exceptions.UndefinedError: 'products' is undefined


--- 2026-06-17 14:24:09,459 ---
127.0.0.1 - - [17/Jun/2026 14:24:09] "[32mGET / HTTP/1.1[0m" 302 -

--- 2026-06-17 14:24:09,471 ---
L\u1ed7i \u1edf \u0111\u01b0\u1eddng d\u1eabn: /
Traceback (most recent call last):
  File "C:\Users\Administrator\AppData\Local\Programs\Python\Python313\Lib\site-packages\flask\app.py", line 917, in full_dispatch_request
    rv = self.dispatch_request()
  File "C:\Users\Administrator\AppData\Local\Programs\Python\Python313\Lib\site-packages\flask\app.py", line 902, in dispatch_request
    return self.ensure_sync(self.view_functions[rule.endpoint])(**view_args)  # type: ignore[no-any-return]
           ~~~~~~~~~~~~~~~~~~~~~~~~~~~~~~~~~~~~~~~~~~~~~~~~~~~~^^^^^^^^^^^^^
  File "D:\web_sell\app\routes.py", line 13, in home
    return render_template('index.html')
  File "C:\Users\Administrator\AppData\Local\Programs\Python\Python313\Lib\site-packages\flask\templating.py", line 151, in render_template
    return _render(app, template, context)
  File "C:\Users\Administrator\AppData\Local\Programs\Python\Python313\Lib\site-packages\flask\templating.py", line 132, in _render
    rv = template.render(context)
  File "C:\Users\Administrator\AppData\Local\Programs\Python\Python313\Lib\site-packages\jinja2\environment.py", line 1295, in render
    self.environment.handle_exception()
    ~~~~~~~~~~~~~~~~~~~~~~~~~~~~~~~~~^^
  File "C:\Users\Administrator\AppData\Local\Programs\Python\Python313\Lib\site-packages\jinja2\environment.py", line 942, in handle_exception
    raise rewrite_traceback_stack(source=source)
  File "D:\web_sell\app\templates\index.html", line 1, in top-level template code
    {% extends 'base.html' %}
  File "D:\web_sell\app\templates\base.html", line 96, in top-level template code
    {% block content %}
    ^^^^^^^^^^^^^^^^^
  File "D:\web_sell\app\templates\index.html", line 19, in block 'content'
    {% for product in products.items %}
    ^^^^^^^^^^^^^^^^^^^^^
  File "C:\Users\Administrator\AppData\Local\Programs\Python\Python313\Lib\site-packages\jinja2\environment.py", line 490, in getattr
    return getattr(obj, attribute)
jinja2.exceptions.UndefinedError: 'products' is undefined


--- 2026-06-17 14:24:09,472 ---
127.0.0.1 - - [17/Jun/2026 14:24:09] "[32mGET / HTTP/1.1[0m" 302 -

--- 2026-06-17 14:24:09,482 ---
L\u1ed7i \u1edf \u0111\u01b0\u1eddng d\u1eabn: /
Traceback (most recent call last):
  File "C:\Users\Administrator\AppData\Local\Programs\Python\Python313\Lib\site-packages\flask\app.py", line 917, in full_dispatch_request
    rv = self.dispatch_request()
  File "C:\Users\Administrator\AppData\Local\Programs\Python\Python313\Lib\site-packages\flask\app.py", line 902, in dispatch_request
    return self.ensure_sync(self.view_functions[rule.endpoint])(**view_args)  # type: ignore[no-any-return]
           ~~~~~~~~~~~~~~~~~~~~~~~~~~~~~~~~~~~~~~~~~~~~~~~~~~~~^^^^^^^^^^^^^
  File "D:\web_sell\app\routes.py", line 13, in home
    return render_template('index.html')
  File "C:\Users\Administrator\AppData\Local\Programs\Python\Python313\Lib\site-packages\flask\templating.py", line 151, in render_template
    return _render(app, template, context)
  File "C:\Users\Administrator\AppData\Local\Programs\Python\Python313\Lib\site-packages\flask\templating.py", line 132, in _render
    rv = template.render(context)
  File "C:\Users\Administrator\AppData\Local\Programs\Python\Python313\Lib\site-packages\jinja2\environment.py", line 1295, in render
    self.environment.handle_exception()
    ~~~~~~~~~~~~~~~~~~~~~~~~~~~~~~~~~^^
  File "C:\Users\Administrator\AppData\Local\Programs\Python\Python313\Lib\site-packages\jinja2\environment.py", line 942, in handle_exception
    raise rewrite_traceback_stack(source=source)
  File "D:\web_sell\app\templates\index.html", line 1, in top-level template code
    {% extends 'base.html' %}
  File "D:\web_sell\app\templates\base.html", line 96, in top-level template code
    {% block content %}
    ^^^^^^^^^^^^^^^^^
  File "D:\web_sell\app\templates\index.html", line 19, in block 'content'
    {% for product in products.items %}
    ^^^^^^^^^^^^^^^^^^^^^
  File "C:\Users\Administrator\AppData\Local\Programs\Python\Python313\Lib\site-packages\jinja2\environment.py", line 490, in getattr
    return getattr(obj, attribute)
jinja2.exceptions.UndefinedError: 'products' is undefined


--- 2026-06-17 14:24:09,483 ---
127.0.0.1 - - [17/Jun/2026 14:24:09] "[32mGET / HTTP/1.1[0m" 302 -

--- 2026-06-17 14:24:09,494 ---
L\u1ed7i \u1edf \u0111\u01b0\u1eddng d\u1eabn: /
Traceback (most recent call last):
  File "C:\Users\Administrator\AppData\Local\Programs\Python\Python313\Lib\site-packages\flask\app.py", line 917, in full_dispatch_request
    rv = self.dispatch_request()
  File "C:\Users\Administrator\AppData\Local\Programs\Python\Python313\Lib\site-packages\flask\app.py", line 902, in dispatch_request
    return self.ensure_sync(self.view_functions[rule.endpoint])(**view_args)  # type: ignore[no-any-return]
           ~~~~~~~~~~~~~~~~~~~~~~~~~~~~~~~~~~~~~~~~~~~~~~~~~~~~^^^^^^^^^^^^^
  File "D:\web_sell\app\routes.py", line 13, in home
    return render_template('index.html')
  File "C:\Users\Administrator\AppData\Local\Programs\Python\Python313\Lib\site-packages\flask\templating.py", line 151, in render_template
    return _render(app, template, context)
  File "C:\Users\Administrator\AppData\Local\Programs\Python\Python313\Lib\site-packages\flask\templating.py", line 132, in _render
    rv = template.render(context)
  File "C:\Users\Administrator\AppData\Local\Programs\Python\Python313\Lib\site-packages\jinja2\environment.py", line 1295, in render
    self.environment.handle_exception()
    ~~~~~~~~~~~~~~~~~~~~~~~~~~~~~~~~~^^
  File "C:\Users\Administrator\AppData\Local\Programs\Python\Python313\Lib\site-packages\jinja2\environment.py", line 942, in handle_exception
    raise rewrite_traceback_stack(source=source)
  File "D:\web_sell\app\templates\index.html", line 1, in top-level template code
    {% extends 'base.html' %}
  File "D:\web_sell\app\templates\base.html", line 96, in top-level template code
    {% block content %}
    ^^^^^^^^^^^^^^^^^
  File "D:\web_sell\app\templates\index.html", line 19, in block 'content'
    {% for product in products.items %}
    ^^^^^^^^^^^^^^^^^^^^^
  File "C:\Users\Administrator\AppData\Local\Programs\Python\Python313\Lib\site-packages\jinja2\environment.py", line 490, in getattr
    return getattr(obj, attribute)
jinja2.exceptions.UndefinedError: 'products' is undefined


--- 2026-06-17 14:24:09,495 ---
127.0.0.1 - - [17/Jun/2026 14:24:09] "[32mGET / HTTP/1.1[0m" 302 -

--- 2026-06-17 14:24:09,506 ---
L\u1ed7i \u1edf \u0111\u01b0\u1eddng d\u1eabn: /
Traceback (most recent call last):
  File "C:\Users\Administrator\AppData\Local\Programs\Python\Python313\Lib\site-packages\flask\app.py", line 917, in full_dispatch_request
    rv = self.dispatch_request()
  File "C:\Users\Administrator\AppData\Local\Programs\Python\Python313\Lib\site-packages\flask\app.py", line 902, in dispatch_request
    return self.ensure_sync(self.view_functions[rule.endpoint])(**view_args)  # type: ignore[no-any-return]
           ~~~~~~~~~~~~~~~~~~~~~~~~~~~~~~~~~~~~~~~~~~~~~~~~~~~~^^^^^^^^^^^^^
  File "D:\web_sell\app\routes.py", line 13, in home
    return render_template('index.html')
  File "C:\Users\Administrator\AppData\Local\Programs\Python\Python313\Lib\site-packages\flask\templating.py", line 151, in render_template
    return _render(app, template, context)
  File "C:\Users\Administrator\AppData\Local\Programs\Python\Python313\Lib\site-packages\flask\templating.py", line 132, in _render
    rv = template.render(context)
  File "C:\Users\Administrator\AppData\Local\Programs\Python\Python313\Lib\site-packages\jinja2\environment.py", line 1295, in render
    self.environment.handle_exception()
    ~~~~~~~~~~~~~~~~~~~~~~~~~~~~~~~~~^^
  File "C:\Users\Administrator\AppData\Local\Programs\Python\Python313\Lib\site-packages\jinja2\environment.py", line 942, in handle_exception
    raise rewrite_traceback_stack(source=source)
  File "D:\web_sell\app\templates\index.html", line 1, in top-level template code
    {% extends 'base.html' %}
  File "D:\web_sell\app\templates\base.html", line 96, in top-level template code
    {% block content %}
    ^^^^^^^^^^^^^^^^^
  File "D:\web_sell\app\templates\index.html", line 19, in block 'content'
    {% for product in products.items %}
    ^^^^^^^^^^^^^^^^^^^^^
  File "C:\Users\Administrator\AppData\Local\Programs\Python\Python313\Lib\site-packages\jinja2\environment.py", line 490, in getattr
    return getattr(obj, attribute)
jinja2.exceptions.UndefinedError: 'products' is undefined


--- 2026-06-17 14:24:09,507 ---
127.0.0.1 - - [17/Jun/2026 14:24:09] "[32mGET / HTTP/1.1[0m" 302 -

--- 2026-06-17 14:24:09,518 ---
L\u1ed7i \u1edf \u0111\u01b0\u1eddng d\u1eabn: /
Traceback (most recent call last):
  File "C:\Users\Administrator\AppData\Local\Programs\Python\Python313\Lib\site-packages\flask\app.py", line 917, in full_dispatch_request
    rv = self.dispatch_request()
  File "C:\Users\Administrator\AppData\Local\Programs\Python\Python313\Lib\site-packages\flask\app.py", line 902, in dispatch_request
    return self.ensure_sync(self.view_functions[rule.endpoint])(**view_args)  # type: ignore[no-any-return]
           ~~~~~~~~~~~~~~~~~~~~~~~~~~~~~~~~~~~~~~~~~~~~~~~~~~~~^^^^^^^^^^^^^
  File "D:\web_sell\app\routes.py", line 13, in home
    return render_template('index.html')
  File "C:\Users\Administrator\AppData\Local\Programs\Python\Python313\Lib\site-packages\flask\templating.py", line 151, in render_template
    return _render(app, template, context)
  File "C:\Users\Administrator\AppData\Local\Programs\Python\Python313\Lib\site-packages\flask\templating.py", line 132, in _render
    rv = template.render(context)
  File "C:\Users\Administrator\AppData\Local\Programs\Python\Python313\Lib\site-packages\jinja2\environment.py", line 1295, in render
    self.environment.handle_exception()
    ~~~~~~~~~~~~~~~~~~~~~~~~~~~~~~~~~^^
  File "C:\Users\Administrator\AppData\Local\Programs\Python\Python313\Lib\site-packages\jinja2\environment.py", line 942, in handle_exception
    raise rewrite_traceback_stack(source=source)
  File "D:\web_sell\app\templates\index.html", line 1, in top-level template code
    {% extends 'base.html' %}
  File "D:\web_sell\app\templates\base.html", line 96, in top-level template code
    {% block content %}
    ^^^^^^^^^^^^^^^^^
  File "D:\web_sell\app\templates\index.html", line 19, in block 'content'
    {% for product in products.items %}
    ^^^^^^^^^^^^^^^^^^^^^
  File "C:\Users\Administrator\AppData\Local\Programs\Python\Python313\Lib\site-packages\jinja2\environment.py", line 490, in getattr
    return getattr(obj, attribute)
jinja2.exceptions.UndefinedError: 'products' is undefined


--- 2026-06-17 14:24:09,519 ---
127.0.0.1 - - [17/Jun/2026 14:24:09] "[32mGET / HTTP/1.1[0m" 302 -

--- 2026-06-17 14:24:09,529 ---
L\u1ed7i \u1edf \u0111\u01b0\u1eddng d\u1eabn: /
Traceback (most recent call last):
  File "C:\Users\Administrator\AppData\Local\Programs\Python\Python313\Lib\site-packages\flask\app.py", line 917, in full_dispatch_request
    rv = self.dispatch_request()
  File "C:\Users\Administrator\AppData\Local\Programs\Python\Python313\Lib\site-packages\flask\app.py", line 902, in dispatch_request
    return self.ensure_sync(self.view_functions[rule.endpoint])(**view_args)  # type: ignore[no-any-return]
           ~~~~~~~~~~~~~~~~~~~~~~~~~~~~~~~~~~~~~~~~~~~~~~~~~~~~^^^^^^^^^^^^^
  File "D:\web_sell\app\routes.py", line 13, in home
    return render_template('index.html')
  File "C:\Users\Administrator\AppData\Local\Programs\Python\Python313\Lib\site-packages\flask\templating.py", line 151, in render_template
    return _render(app, template, context)
  File "C:\Users\Administrator\AppData\Local\Programs\Python\Python313\Lib\site-packages\flask\templating.py", line 132, in _render
    rv = template.render(context)
  File "C:\Users\Administrator\AppData\Local\Programs\Python\Python313\Lib\site-packages\jinja2\environment.py", line 1295, in render
    self.environment.handle_exception()
    ~~~~~~~~~~~~~~~~~~~~~~~~~~~~~~~~~^^
  File "C:\Users\Administrator\AppData\Local\Programs\Python\Python313\Lib\site-packages\jinja2\environment.py", line 942, in handle_exception
    raise rewrite_traceback_stack(source=source)
  File "D:\web_sell\app\templates\index.html", line 1, in top-level template code
    {% extends 'base.html' %}
  File "D:\web_sell\app\templates\base.html", line 96, in top-level template code
    {% block content %}
    ^^^^^^^^^^^^^^^^^
  File "D:\web_sell\app\templates\index.html", line 19, in block 'content'
    {% for product in products.items %}
    ^^^^^^^^^^^^^^^^^^^^^
  File "C:\Users\Administrator\AppData\Local\Programs\Python\Python313\Lib\site-packages\jinja2\environment.py", line 490, in getattr
    return getattr(obj, attribute)
jinja2.exceptions.UndefinedError: 'products' is undefined


--- 2026-06-17 14:24:09,530 ---
127.0.0.1 - - [17/Jun/2026 14:24:09] "[32mGET / HTTP/1.1[0m" 302 -

--- 2026-06-17 14:24:09,541 ---
L\u1ed7i \u1edf \u0111\u01b0\u1eddng d\u1eabn: /
Traceback (most recent call last):
  File "C:\Users\Administrator\AppData\Local\Programs\Python\Python313\Lib\site-packages\flask\app.py", line 917, in full_dispatch_request
    rv = self.dispatch_request()
  File "C:\Users\Administrator\AppData\Local\Programs\Python\Python313\Lib\site-packages\flask\app.py", line 902, in dispatch_request
    return self.ensure_sync(self.view_functions[rule.endpoint])(**view_args)  # type: ignore[no-any-return]
           ~~~~~~~~~~~~~~~~~~~~~~~~~~~~~~~~~~~~~~~~~~~~~~~~~~~~^^^^^^^^^^^^^
  File "D:\web_sell\app\routes.py", line 13, in home
    return render_template('index.html')
  File "C:\Users\Administrator\AppData\Local\Programs\Python\Python313\Lib\site-packages\flask\templating.py", line 151, in render_template
    return _render(app, template, context)
  File "C:\Users\Administrator\AppData\Local\Programs\Python\Python313\Lib\site-packages\flask\templating.py", line 132, in _render
    rv = template.render(context)
  File "C:\Users\Administrator\AppData\Local\Programs\Python\Python313\Lib\site-packages\jinja2\environment.py", line 1295, in render
    self.environment.handle_exception()
    ~~~~~~~~~~~~~~~~~~~~~~~~~~~~~~~~~^^
  File "C:\Users\Administrator\AppData\Local\Programs\Python\Python313\Lib\site-packages\jinja2\environment.py", line 942, in handle_exception
    raise rewrite_traceback_stack(source=source)
  File "D:\web_sell\app\templates\index.html", line 1, in top-level template code
    {% extends 'base.html' %}
  File "D:\web_sell\app\templates\base.html", line 96, in top-level template code
    {% block content %}
    ^^^^^^^^^^^^^^^^^
  File "D:\web_sell\app\templates\index.html", line 19, in block 'content'
    {% for product in products.items %}
    ^^^^^^^^^^^^^^^^^^^^^
  File "C:\Users\Administrator\AppData\Local\Programs\Python\Python313\Lib\site-packages\jinja2\environment.py", line 490, in getattr
    return getattr(obj, attribute)
jinja2.exceptions.UndefinedError: 'products' is undefined


--- 2026-06-17 14:24:09,542 ---
127.0.0.1 - - [17/Jun/2026 14:24:09] "[32mGET / HTTP/1.1[0m" 302 -

--- 2026-06-17 14:24:09,557 ---
L\u1ed7i \u1edf \u0111\u01b0\u1eddng d\u1eabn: /
Traceback (most recent call last):
  File "C:\Users\Administrator\AppData\Local\Programs\Python\Python313\Lib\site-packages\flask\app.py", line 917, in full_dispatch_request
    rv = self.dispatch_request()
  File "C:\Users\Administrator\AppData\Local\Programs\Python\Python313\Lib\site-packages\flask\app.py", line 902, in dispatch_request
    return self.ensure_sync(self.view_functions[rule.endpoint])(**view_args)  # type: ignore[no-any-return]
           ~~~~~~~~~~~~~~~~~~~~~~~~~~~~~~~~~~~~~~~~~~~~~~~~~~~~^^^^^^^^^^^^^
  File "D:\web_sell\app\routes.py", line 13, in home
    return render_template('index.html')
  File "C:\Users\Administrator\AppData\Local\Programs\Python\Python313\Lib\site-packages\flask\templating.py", line 151, in render_template
    return _render(app, template, context)
  File "C:\Users\Administrator\AppData\Local\Programs\Python\Python313\Lib\site-packages\flask\templating.py", line 132, in _render
    rv = template.render(context)
  File "C:\Users\Administrator\AppData\Local\Programs\Python\Python313\Lib\site-packages\jinja2\environment.py", line 1295, in render
    self.environment.handle_exception()
    ~~~~~~~~~~~~~~~~~~~~~~~~~~~~~~~~~^^
  File "C:\Users\Administrator\AppData\Local\Programs\Python\Python313\Lib\site-packages\jinja2\environment.py", line 942, in handle_exception
    raise rewrite_traceback_stack(source=source)
  File "D:\web_sell\app\templates\index.html", line 1, in top-level template code
    {% extends 'base.html' %}
  File "D:\web_sell\app\templates\base.html", line 96, in top-level template code
    {% block content %}
    ^^^^^^^^^^^^^^^^^
  File "D:\web_sell\app\templates\index.html", line 19, in block 'content'
    {% for product in products.items %}
    ^^^^^^^^^^^^^^^^^^^^^
  File "C:\Users\Administrator\AppData\Local\Programs\Python\Python313\Lib\site-packages\jinja2\environment.py", line 490, in getattr
    return getattr(obj, attribute)
jinja2.exceptions.UndefinedError: 'products' is undefined


--- 2026-06-17 14:24:09,558 ---
127.0.0.1 - - [17/Jun/2026 14:24:09] "[32mGET / HTTP/1.1[0m" 302 -

--- 2026-06-17 14:24:09,571 ---
L\u1ed7i \u1edf \u0111\u01b0\u1eddng d\u1eabn: /
Traceback (most recent call last):
  File "C:\Users\Administrator\AppData\Local\Programs\Python\Python313\Lib\site-packages\flask\app.py", line 917, in full_dispatch_request
    rv = self.dispatch_request()
  File "C:\Users\Administrator\AppData\Local\Programs\Python\Python313\Lib\site-packages\flask\app.py", line 902, in dispatch_request
    return self.ensure_sync(self.view_functions[rule.endpoint])(**view_args)  # type: ignore[no-any-return]
           ~~~~~~~~~~~~~~~~~~~~~~~~~~~~~~~~~~~~~~~~~~~~~~~~~~~~^^^^^^^^^^^^^
  File "D:\web_sell\app\routes.py", line 13, in home
    return render_template('index.html')
  File "C:\Users\Administrator\AppData\Local\Programs\Python\Python313\Lib\site-packages\flask\templating.py", line 151, in render_template
    return _render(app, template, context)
  File "C:\Users\Administrator\AppData\Local\Programs\Python\Python313\Lib\site-packages\flask\templating.py", line 132, in _render
    rv = template.render(context)
  File "C:\Users\Administrator\AppData\Local\Programs\Python\Python313\Lib\site-packages\jinja2\environment.py", line 1295, in render
    self.environment.handle_exception()
    ~~~~~~~~~~~~~~~~~~~~~~~~~~~~~~~~~^^
  File "C:\Users\Administrator\AppData\Local\Programs\Python\Python313\Lib\site-packages\jinja2\environment.py", line 942, in handle_exception
    raise rewrite_traceback_stack(source=source)
  File "D:\web_sell\app\templates\index.html", line 1, in top-level template code
    {% extends 'base.html' %}
  File "D:\web_sell\app\templates\base.html", line 96, in top-level template code
    {% block content %}
    ^^^^^^^^^^^^^^^^^
  File "D:\web_sell\app\templates\index.html", line 19, in block 'content'
    {% for product in products.items %}
    ^^^^^^^^^^^^^^^^^^^^^
  File "C:\Users\Administrator\AppData\Local\Programs\Python\Python313\Lib\site-packages\jinja2\environment.py", line 490, in getattr
    return getattr(obj, attribute)
jinja2.exceptions.UndefinedError: 'products' is undefined


--- 2026-06-17 14:24:09,572 ---
127.0.0.1 - - [17/Jun/2026 14:24:09] "[32mGET / HTTP/1.1[0m" 302 -

--- 2026-06-17 14:24:09,582 ---
L\u1ed7i \u1edf \u0111\u01b0\u1eddng d\u1eabn: /
Traceback (most recent call last):
  File "C:\Users\Administrator\AppData\Local\Programs\Python\Python313\Lib\site-packages\flask\app.py", line 917, in full_dispatch_request
    rv = self.dispatch_request()
  File "C:\Users\Administrator\AppData\Local\Programs\Python\Python313\Lib\site-packages\flask\app.py", line 902, in dispatch_request
    return self.ensure_sync(self.view_functions[rule.endpoint])(**view_args)  # type: ignore[no-any-return]
           ~~~~~~~~~~~~~~~~~~~~~~~~~~~~~~~~~~~~~~~~~~~~~~~~~~~~^^^^^^^^^^^^^
  File "D:\web_sell\app\routes.py", line 13, in home
    return render_template('index.html')
  File "C:\Users\Administrator\AppData\Local\Programs\Python\Python313\Lib\site-packages\flask\templating.py", line 151, in render_template
    return _render(app, template, context)
  File "C:\Users\Administrator\AppData\Local\Programs\Python\Python313\Lib\site-packages\flask\templating.py", line 132, in _render
    rv = template.render(context)
  File "C:\Users\Administrator\AppData\Local\Programs\Python\Python313\Lib\site-packages\jinja2\environment.py", line 1295, in render
    self.environment.handle_exception()
    ~~~~~~~~~~~~~~~~~~~~~~~~~~~~~~~~~^^
  File "C:\Users\Administrator\AppData\Local\Programs\Python\Python313\Lib\site-packages\jinja2\environment.py", line 942, in handle_exception
    raise rewrite_traceback_stack(source=source)
  File "D:\web_sell\app\templates\index.html", line 1, in top-level template code
    {% extends 'base.html' %}
  File "D:\web_sell\app\templates\base.html", line 96, in top-level template code
    {% block content %}
    ^^^^^^^^^^^^^^^^^
  File "D:\web_sell\app\templates\index.html", line 19, in block 'content'
    {% for product in products.items %}
    ^^^^^^^^^^^^^^^^^^^^^
  File "C:\Users\Administrator\AppData\Local\Programs\Python\Python313\Lib\site-packages\jinja2\environment.py", line 490, in getattr
    return getattr(obj, attribute)
jinja2.exceptions.UndefinedError: 'products' is undefined


--- 2026-06-17 14:24:09,583 ---
127.0.0.1 - - [17/Jun/2026 14:24:09] "[32mGET / HTTP/1.1[0m" 302 -

--- 2026-06-17 14:24:09,595 ---
L\u1ed7i \u1edf \u0111\u01b0\u1eddng d\u1eabn: /
Traceback (most recent call last):
  File "C:\Users\Administrator\AppData\Local\Programs\Python\Python313\Lib\site-packages\flask\app.py", line 917, in full_dispatch_request
    rv = self.dispatch_request()
  File "C:\Users\Administrator\AppData\Local\Programs\Python\Python313\Lib\site-packages\flask\app.py", line 902, in dispatch_request
    return self.ensure_sync(self.view_functions[rule.endpoint])(**view_args)  # type: ignore[no-any-return]
           ~~~~~~~~~~~~~~~~~~~~~~~~~~~~~~~~~~~~~~~~~~~~~~~~~~~~^^^^^^^^^^^^^
  File "D:\web_sell\app\routes.py", line 13, in home
    return render_template('index.html')
  File "C:\Users\Administrator\AppData\Local\Programs\Python\Python313\Lib\site-packages\flask\templating.py", line 151, in render_template
    return _render(app, template, context)
  File "C:\Users\Administrator\AppData\Local\Programs\Python\Python313\Lib\site-packages\flask\templating.py", line 132, in _render
    rv = template.render(context)
  File "C:\Users\Administrator\AppData\Local\Programs\Python\Python313\Lib\site-packages\jinja2\environment.py", line 1295, in render
    self.environment.handle_exception()
    ~~~~~~~~~~~~~~~~~~~~~~~~~~~~~~~~~^^
  File "C:\Users\Administrator\AppData\Local\Programs\Python\Python313\Lib\site-packages\jinja2\environment.py", line 942, in handle_exception
    raise rewrite_traceback_stack(source=source)
  File "D:\web_sell\app\templates\index.html", line 1, in top-level template code
    {% extends 'base.html' %}
  File "D:\web_sell\app\templates\base.html", line 96, in top-level template code
    {% block content %}
    ^^^^^^^^^^^^^^^^^
  File "D:\web_sell\app\templates\index.html", line 19, in block 'content'
    {% for product in products.items %}
    ^^^^^^^^^^^^^^^^^^^^^
  File "C:\Users\Administrator\AppData\Local\Programs\Python\Python313\Lib\site-packages\jinja2\environment.py", line 490, in getattr
    return getattr(obj, attribute)
jinja2.exceptions.UndefinedError: 'products' is undefined


--- 2026-06-17 14:24:09,595 ---
127.0.0.1 - - [17/Jun/2026 14:24:09] "[32mGET / HTTP/1.1[0m" 302 -

--- 2026-06-17 14:24:09,607 ---
L\u1ed7i \u1edf \u0111\u01b0\u1eddng d\u1eabn: /
Traceback (most recent call last):
  File "C:\Users\Administrator\AppData\Local\Programs\Python\Python313\Lib\site-packages\flask\app.py", line 917, in full_dispatch_request
    rv = self.dispatch_request()
  File "C:\Users\Administrator\AppData\Local\Programs\Python\Python313\Lib\site-packages\flask\app.py", line 902, in dispatch_request
    return self.ensure_sync(self.view_functions[rule.endpoint])(**view_args)  # type: ignore[no-any-return]
           ~~~~~~~~~~~~~~~~~~~~~~~~~~~~~~~~~~~~~~~~~~~~~~~~~~~~^^^^^^^^^^^^^
  File "D:\web_sell\app\routes.py", line 13, in home
    return render_template('index.html')
  File "C:\Users\Administrator\AppData\Local\Programs\Python\Python313\Lib\site-packages\flask\templating.py", line 151, in render_template
    return _render(app, template, context)
  File "C:\Users\Administrator\AppData\Local\Programs\Python\Python313\Lib\site-packages\flask\templating.py", line 132, in _render
    rv = template.render(context)
  File "C:\Users\Administrator\AppData\Local\Programs\Python\Python313\Lib\site-packages\jinja2\environment.py", line 1295, in render
    self.environment.handle_exception()
    ~~~~~~~~~~~~~~~~~~~~~~~~~~~~~~~~~^^
  File "C:\Users\Administrator\AppData\Local\Programs\Python\Python313\Lib\site-packages\jinja2\environment.py", line 942, in handle_exception
    raise rewrite_traceback_stack(source=source)
  File "D:\web_sell\app\templates\index.html", line 1, in top-level template code
    {% extends 'base.html' %}
  File "D:\web_sell\app\templates\base.html", line 96, in top-level template code
    {% block content %}
    ^^^^^^^^^^^^^^^^^
  File "D:\web_sell\app\templates\index.html", line 19, in block 'content'
    {% for product in products.items %}
    ^^^^^^^^^^^^^^^^^^^^^
  File "C:\Users\Administrator\AppData\Local\Programs\Python\Python313\Lib\site-packages\jinja2\environment.py", line 490, in getattr
    return getattr(obj, attribute)
jinja2.exceptions.UndefinedError: 'products' is undefined


--- 2026-06-17 14:24:09,607 ---
127.0.0.1 - - [17/Jun/2026 14:24:09] "[32mGET / HTTP/1.1[0m" 302 -

--- 2026-06-17 14:24:09,620 ---
L\u1ed7i \u1edf \u0111\u01b0\u1eddng d\u1eabn: /
Traceback (most recent call last):
  File "C:\Users\Administrator\AppData\Local\Programs\Python\Python313\Lib\site-packages\flask\app.py", line 917, in full_dispatch_request
    rv = self.dispatch_request()
  File "C:\Users\Administrator\AppData\Local\Programs\Python\Python313\Lib\site-packages\flask\app.py", line 902, in dispatch_request
    return self.ensure_sync(self.view_functions[rule.endpoint])(**view_args)  # type: ignore[no-any-return]
           ~~~~~~~~~~~~~~~~~~~~~~~~~~~~~~~~~~~~~~~~~~~~~~~~~~~~^^^^^^^^^^^^^
  File "D:\web_sell\app\routes.py", line 13, in home
    return render_template('index.html')
  File "C:\Users\Administrator\AppData\Local\Programs\Python\Python313\Lib\site-packages\flask\templating.py", line 151, in render_template
    return _render(app, template, context)
  File "C:\Users\Administrator\AppData\Local\Programs\Python\Python313\Lib\site-packages\flask\templating.py", line 132, in _render
    rv = template.render(context)
  File "C:\Users\Administrator\AppData\Local\Programs\Python\Python313\Lib\site-packages\jinja2\environment.py", line 1295, in render
    self.environment.handle_exception()
    ~~~~~~~~~~~~~~~~~~~~~~~~~~~~~~~~~^^
  File "C:\Users\Administrator\AppData\Local\Programs\Python\Python313\Lib\site-packages\jinja2\environment.py", line 942, in handle_exception
    raise rewrite_traceback_stack(source=source)
  File "D:\web_sell\app\templates\index.html", line 1, in top-level template code
    {% extends 'base.html' %}
  File "D:\web_sell\app\templates\base.html", line 96, in top-level template code
    {% block content %}
    ^^^^^^^^^^^^^^^^^
  File "D:\web_sell\app\templates\index.html", line 19, in block 'content'
    {% for product in products.items %}
    ^^^^^^^^^^^^^^^^^^^^^
  File "C:\Users\Administrator\AppData\Local\Programs\Python\Python313\Lib\site-packages\jinja2\environment.py", line 490, in getattr
    return getattr(obj, attribute)
jinja2.exceptions.UndefinedError: 'products' is undefined


--- 2026-06-17 14:24:09,620 ---
127.0.0.1 - - [17/Jun/2026 14:24:09] "[32mGET / HTTP/1.1[0m" 302 -

--- 2026-06-17 14:24:09,630 ---
L\u1ed7i \u1edf \u0111\u01b0\u1eddng d\u1eabn: /
Traceback (most recent call last):
  File "C:\Users\Administrator\AppData\Local\Programs\Python\Python313\Lib\site-packages\flask\app.py", line 917, in full_dispatch_request
    rv = self.dispatch_request()
  File "C:\Users\Administrator\AppData\Local\Programs\Python\Python313\Lib\site-packages\flask\app.py", line 902, in dispatch_request
    return self.ensure_sync(self.view_functions[rule.endpoint])(**view_args)  # type: ignore[no-any-return]
           ~~~~~~~~~~~~~~~~~~~~~~~~~~~~~~~~~~~~~~~~~~~~~~~~~~~~^^^^^^^^^^^^^
  File "D:\web_sell\app\routes.py", line 13, in home
    return render_template('index.html')
  File "C:\Users\Administrator\AppData\Local\Programs\Python\Python313\Lib\site-packages\flask\templating.py", line 151, in render_template
    return _render(app, template, context)
  File "C:\Users\Administrator\AppData\Local\Programs\Python\Python313\Lib\site-packages\flask\templating.py", line 132, in _render
    rv = template.render(context)
  File "C:\Users\Administrator\AppData\Local\Programs\Python\Python313\Lib\site-packages\jinja2\environment.py", line 1295, in render
    self.environment.handle_exception()
    ~~~~~~~~~~~~~~~~~~~~~~~~~~~~~~~~~^^
  File "C:\Users\Administrator\AppData\Local\Programs\Python\Python313\Lib\site-packages\jinja2\environment.py", line 942, in handle_exception
    raise rewrite_traceback_stack(source=source)
  File "D:\web_sell\app\templates\index.html", line 1, in top-level template code
    {% extends 'base.html' %}
  File "D:\web_sell\app\templates\base.html", line 96, in top-level template code
    {% block content %}
    ^^^^^^^^^^^^^^^^^
  File "D:\web_sell\app\templates\index.html", line 19, in block 'content'
    {% for product in products.items %}
    ^^^^^^^^^^^^^^^^^^^^^
  File "C:\Users\Administrator\AppData\Local\Programs\Python\Python313\Lib\site-packages\jinja2\environment.py", line 490, in getattr
    return getattr(obj, attribute)
jinja2.exceptions.UndefinedError: 'products' is undefined


--- 2026-06-17 14:24:09,630 ---
127.0.0.1 - - [17/Jun/2026 14:24:09] "[32mGET / HTTP/1.1[0m" 302 -

--- 2026-06-17 14:24:11,825 ---
L\u1ed7i \u1edf \u0111\u01b0\u1eddng d\u1eabn: /
Traceback (most recent call last):
  File "C:\Users\Administrator\AppData\Local\Programs\Python\Python313\Lib\site-packages\flask\app.py", line 917, in full_dispatch_request
    rv = self.dispatch_request()
  File "C:\Users\Administrator\AppData\Local\Programs\Python\Python313\Lib\site-packages\flask\app.py", line 902, in dispatch_request
    return self.ensure_sync(self.view_functions[rule.endpoint])(**view_args)  # type: ignore[no-any-return]
           ~~~~~~~~~~~~~~~~~~~~~~~~~~~~~~~~~~~~~~~~~~~~~~~~~~~~^^^^^^^^^^^^^
  File "D:\web_sell\app\routes.py", line 13, in home
    return render_template('index.html')
  File "C:\Users\Administrator\AppData\Local\Programs\Python\Python313\Lib\site-packages\flask\templating.py", line 151, in render_template
    return _render(app, template, context)
  File "C:\Users\Administrator\AppData\Local\Programs\Python\Python313\Lib\site-packages\flask\templating.py", line 132, in _render
    rv = template.render(context)
  File "C:\Users\Administrator\AppData\Local\Programs\Python\Python313\Lib\site-packages\jinja2\environment.py", line 1295, in render
    self.environment.handle_exception()
    ~~~~~~~~~~~~~~~~~~~~~~~~~~~~~~~~~^^
  File "C:\Users\Administrator\AppData\Local\Programs\Python\Python313\Lib\site-packages\jinja2\environment.py", line 942, in handle_exception
    raise rewrite_traceback_stack(source=source)
  File "D:\web_sell\app\templates\index.html", line 1, in top-level template code
    {% extends 'base.html' %}
  File "D:\web_sell\app\templates\base.html", line 96, in top-level template code
    {% block content %}
    ^^^^^^^^^^^^^^^^^
  File "D:\web_sell\app\templates\index.html", line 19, in block 'content'
    {% for product in products.items %}
    ^^^^^^^^^^^^^^^^^^^^^
  File "C:\Users\Administrator\AppData\Local\Programs\Python\Python313\Lib\site-packages\jinja2\environment.py", line 490, in getattr
    return getattr(obj, attribute)
jinja2.exceptions.UndefinedError: 'products' is undefined


--- 2026-06-17 14:24:11,825 ---
127.0.0.1 - - [17/Jun/2026 14:24:11] "[32mGET / HTTP/1.1[0m" 302 -

--- 2026-06-17 14:24:11,839 ---
L\u1ed7i \u1edf \u0111\u01b0\u1eddng d\u1eabn: /
Traceback (most recent call last):
  File "C:\Users\Administrator\AppData\Local\Programs\Python\Python313\Lib\site-packages\flask\app.py", line 917, in full_dispatch_request
    rv = self.dispatch_request()
  File "C:\Users\Administrator\AppData\Local\Programs\Python\Python313\Lib\site-packages\flask\app.py", line 902, in dispatch_request
    return self.ensure_sync(self.view_functions[rule.endpoint])(**view_args)  # type: ignore[no-any-return]
           ~~~~~~~~~~~~~~~~~~~~~~~~~~~~~~~~~~~~~~~~~~~~~~~~~~~~^^^^^^^^^^^^^
  File "D:\web_sell\app\routes.py", line 13, in home
    return render_template('index.html')
  File "C:\Users\Administrator\AppData\Local\Programs\Python\Python313\Lib\site-packages\flask\templating.py", line 151, in render_template
    return _render(app, template, context)
  File "C:\Users\Administrator\AppData\Local\Programs\Python\Python313\Lib\site-packages\flask\templating.py", line 132, in _render
    rv = template.render(context)
  File "C:\Users\Administrator\AppData\Local\Programs\Python\Python313\Lib\site-packages\jinja2\environment.py", line 1295, in render
    self.environment.handle_exception()
    ~~~~~~~~~~~~~~~~~~~~~~~~~~~~~~~~~^^
  File "C:\Users\Administrator\AppData\Local\Programs\Python\Python313\Lib\site-packages\jinja2\environment.py", line 942, in handle_exception
    raise rewrite_traceback_stack(source=source)
  File "D:\web_sell\app\templates\index.html", line 1, in top-level template code
    {% extends 'base.html' %}
  File "D:\web_sell\app\templates\base.html", line 96, in top-level template code
    {% block content %}
    ^^^^^^^^^^^^^^^^^
  File "D:\web_sell\app\templates\index.html", line 19, in block 'content'
    {% for product in products.items %}
    ^^^^^^^^^^^^^^^^^^^^^
  File "C:\Users\Administrator\AppData\Local\Programs\Python\Python313\Lib\site-packages\jinja2\environment.py", line 490, in getattr
    return getattr(obj, attribute)
jinja2.exceptions.UndefinedError: 'products' is undefined


--- 2026-06-17 14:24:11,839 ---
127.0.0.1 - - [17/Jun/2026 14:24:11] "[32mGET / HTTP/1.1[0m" 302 -

--- 2026-06-17 14:24:11,849 ---
L\u1ed7i \u1edf \u0111\u01b0\u1eddng d\u1eabn: /
Traceback (most recent call last):
  File "C:\Users\Administrator\AppData\Local\Programs\Python\Python313\Lib\site-packages\flask\app.py", line 917, in full_dispatch_request
    rv = self.dispatch_request()
  File "C:\Users\Administrator\AppData\Local\Programs\Python\Python313\Lib\site-packages\flask\app.py", line 902, in dispatch_request
    return self.ensure_sync(self.view_functions[rule.endpoint])(**view_args)  # type: ignore[no-any-return]
           ~~~~~~~~~~~~~~~~~~~~~~~~~~~~~~~~~~~~~~~~~~~~~~~~~~~~^^^^^^^^^^^^^
  File "D:\web_sell\app\routes.py", line 13, in home
    return render_template('index.html')
  File "C:\Users\Administrator\AppData\Local\Programs\Python\Python313\Lib\site-packages\flask\templating.py", line 151, in render_template
    return _render(app, template, context)
  File "C:\Users\Administrator\AppData\Local\Programs\Python\Python313\Lib\site-packages\flask\templating.py", line 132, in _render
    rv = template.render(context)
  File "C:\Users\Administrator\AppData\Local\Programs\Python\Python313\Lib\site-packages\jinja2\environment.py", line 1295, in render
    self.environment.handle_exception()
    ~~~~~~~~~~~~~~~~~~~~~~~~~~~~~~~~~^^
  File "C:\Users\Administrator\AppData\Local\Programs\Python\Python313\Lib\site-packages\jinja2\environment.py", line 942, in handle_exception
    raise rewrite_traceback_stack(source=source)
  File "D:\web_sell\app\templates\index.html", line 1, in top-level template code
    {% extends 'base.html' %}
  File "D:\web_sell\app\templates\base.html", line 96, in top-level template code
    {% block content %}
    ^^^^^^^^^^^^^^^^^
  File "D:\web_sell\app\templates\index.html", line 19, in block 'content'
    {% for product in products.items %}
    ^^^^^^^^^^^^^^^^^^^^^
  File "C:\Users\Administrator\AppData\Local\Programs\Python\Python313\Lib\site-packages\jinja2\environment.py", line 490, in getattr
    return getattr(obj, attribute)
jinja2.exceptions.UndefinedError: 'products' is undefined


--- 2026-06-17 14:24:11,850 ---
127.0.0.1 - - [17/Jun/2026 14:24:11] "[32mGET / HTTP/1.1[0m" 302 -

--- 2026-06-17 14:24:11,861 ---
L\u1ed7i \u1edf \u0111\u01b0\u1eddng d\u1eabn: /
Traceback (most recent call last):
  File "C:\Users\Administrator\AppData\Local\Programs\Python\Python313\Lib\site-packages\flask\app.py", line 917, in full_dispatch_request
    rv = self.dispatch_request()
  File "C:\Users\Administrator\AppData\Local\Programs\Python\Python313\Lib\site-packages\flask\app.py", line 902, in dispatch_request
    return self.ensure_sync(self.view_functions[rule.endpoint])(**view_args)  # type: ignore[no-any-return]
           ~~~~~~~~~~~~~~~~~~~~~~~~~~~~~~~~~~~~~~~~~~~~~~~~~~~~^^^^^^^^^^^^^
  File "D:\web_sell\app\routes.py", line 13, in home
    return render_template('index.html')
  File "C:\Users\Administrator\AppData\Local\Programs\Python\Python313\Lib\site-packages\flask\templating.py", line 151, in render_template
    return _render(app, template, context)
  File "C:\Users\Administrator\AppData\Local\Programs\Python\Python313\Lib\site-packages\flask\templating.py", line 132, in _render
    rv = template.render(context)
  File "C:\Users\Administrator\AppData\Local\Programs\Python\Python313\Lib\site-packages\jinja2\environment.py", line 1295, in render
    self.environment.handle_exception()
    ~~~~~~~~~~~~~~~~~~~~~~~~~~~~~~~~~^^
  File "C:\Users\Administrator\AppData\Local\Programs\Python\Python313\Lib\site-packages\jinja2\environment.py", line 942, in handle_exception
    raise rewrite_traceback_stack(source=source)
  File "D:\web_sell\app\templates\index.html", line 1, in top-level template code
    {% extends 'base.html' %}
  File "D:\web_sell\app\templates\base.html", line 96, in top-level template code
    {% block content %}
    ^^^^^^^^^^^^^^^^^
  File "D:\web_sell\app\templates\index.html", line 19, in block 'content'
    {% for product in products.items %}
    ^^^^^^^^^^^^^^^^^^^^^
  File "C:\Users\Administrator\AppData\Local\Programs\Python\Python313\Lib\site-packages\jinja2\environment.py", line 490, in getattr
    return getattr(obj, attribute)
jinja2.exceptions.UndefinedError: 'products' is undefined


--- 2026-06-17 14:24:11,861 ---
127.0.0.1 - - [17/Jun/2026 14:24:11] "[32mGET / HTTP/1.1[0m" 302 -

--- 2026-06-17 14:24:11,873 ---
L\u1ed7i \u1edf \u0111\u01b0\u1eddng d\u1eabn: /
Traceback (most recent call last):
  File "C:\Users\Administrator\AppData\Local\Programs\Python\Python313\Lib\site-packages\flask\app.py", line 917, in full_dispatch_request
    rv = self.dispatch_request()
  File "C:\Users\Administrator\AppData\Local\Programs\Python\Python313\Lib\site-packages\flask\app.py", line 902, in dispatch_request
    return self.ensure_sync(self.view_functions[rule.endpoint])(**view_args)  # type: ignore[no-any-return]
           ~~~~~~~~~~~~~~~~~~~~~~~~~~~~~~~~~~~~~~~~~~~~~~~~~~~~^^^^^^^^^^^^^
  File "D:\web_sell\app\routes.py", line 13, in home
    return render_template('index.html')
  File "C:\Users\Administrator\AppData\Local\Programs\Python\Python313\Lib\site-packages\flask\templating.py", line 151, in render_template
    return _render(app, template, context)
  File "C:\Users\Administrator\AppData\Local\Programs\Python\Python313\Lib\site-packages\flask\templating.py", line 132, in _render
    rv = template.render(context)
  File "C:\Users\Administrator\AppData\Local\Programs\Python\Python313\Lib\site-packages\jinja2\environment.py", line 1295, in render
    self.environment.handle_exception()
    ~~~~~~~~~~~~~~~~~~~~~~~~~~~~~~~~~^^
  File "C:\Users\Administrator\AppData\Local\Programs\Python\Python313\Lib\site-packages\jinja2\environment.py", line 942, in handle_exception
    raise rewrite_traceback_stack(source=source)
  File "D:\web_sell\app\templates\index.html", line 1, in top-level template code
    {% extends 'base.html' %}
  File "D:\web_sell\app\templates\base.html", line 96, in top-level template code
    {% block content %}
    ^^^^^^^^^^^^^^^^^
  File "D:\web_sell\app\templates\index.html", line 19, in block 'content'
    {% for product in products.items %}
    ^^^^^^^^^^^^^^^^^^^^^
  File "C:\Users\Administrator\AppData\Local\Programs\Python\Python313\Lib\site-packages\jinja2\environment.py", line 490, in getattr
    return getattr(obj, attribute)
jinja2.exceptions.UndefinedError: 'products' is undefined


--- 2026-06-17 14:24:11,873 ---
127.0.0.1 - - [17/Jun/2026 14:24:11] "[32mGET / HTTP/1.1[0m" 302 -

--- 2026-06-17 14:24:11,884 ---
L\u1ed7i \u1edf \u0111\u01b0\u1eddng d\u1eabn: /
Traceback (most recent call last):
  File "C:\Users\Administrator\AppData\Local\Programs\Python\Python313\Lib\site-packages\flask\app.py", line 917, in full_dispatch_request
    rv = self.dispatch_request()
  File "C:\Users\Administrator\AppData\Local\Programs\Python\Python313\Lib\site-packages\flask\app.py", line 902, in dispatch_request
    return self.ensure_sync(self.view_functions[rule.endpoint])(**view_args)  # type: ignore[no-any-return]
           ~~~~~~~~~~~~~~~~~~~~~~~~~~~~~~~~~~~~~~~~~~~~~~~~~~~~^^^^^^^^^^^^^
  File "D:\web_sell\app\routes.py", line 13, in home
    return render_template('index.html')
  File "C:\Users\Administrator\AppData\Local\Programs\Python\Python313\Lib\site-packages\flask\templating.py", line 151, in render_template
    return _render(app, template, context)
  File "C:\Users\Administrator\AppData\Local\Programs\Python\Python313\Lib\site-packages\flask\templating.py", line 132, in _render
    rv = template.render(context)
  File "C:\Users\Administrator\AppData\Local\Programs\Python\Python313\Lib\site-packages\jinja2\environment.py", line 1295, in render
    self.environment.handle_exception()
    ~~~~~~~~~~~~~~~~~~~~~~~~~~~~~~~~~^^
  File "C:\Users\Administrator\AppData\Local\Programs\Python\Python313\Lib\site-packages\jinja2\environment.py", line 942, in handle_exception
    raise rewrite_traceback_stack(source=source)
  File "D:\web_sell\app\templates\index.html", line 1, in top-level template code
    {% extends 'base.html' %}
  File "D:\web_sell\app\templates\base.html", line 96, in top-level template code
    {% block content %}
    ^^^^^^^^^^^^^^^^^
  File "D:\web_sell\app\templates\index.html", line 19, in block 'content'
    {% for product in products.items %}
    ^^^^^^^^^^^^^^^^^^^^^
  File "C:\Users\Administrator\AppData\Local\Programs\Python\Python313\Lib\site-packages\jinja2\environment.py", line 490, in getattr
    return getattr(obj, attribute)
jinja2.exceptions.UndefinedError: 'products' is undefined


--- 2026-06-17 14:24:11,885 ---
127.0.0.1 - - [17/Jun/2026 14:24:11] "[32mGET / HTTP/1.1[0m" 302 -

--- 2026-06-17 14:24:11,895 ---
L\u1ed7i \u1edf \u0111\u01b0\u1eddng d\u1eabn: /
Traceback (most recent call last):
  File "C:\Users\Administrator\AppData\Local\Programs\Python\Python313\Lib\site-packages\flask\app.py", line 917, in full_dispatch_request
    rv = self.dispatch_request()
  File "C:\Users\Administrator\AppData\Local\Programs\Python\Python313\Lib\site-packages\flask\app.py", line 902, in dispatch_request
    return self.ensure_sync(self.view_functions[rule.endpoint])(**view_args)  # type: ignore[no-any-return]
           ~~~~~~~~~~~~~~~~~~~~~~~~~~~~~~~~~~~~~~~~~~~~~~~~~~~~^^^^^^^^^^^^^
  File "D:\web_sell\app\routes.py", line 13, in home
    return render_template('index.html')
  File "C:\Users\Administrator\AppData\Local\Programs\Python\Python313\Lib\site-packages\flask\templating.py", line 151, in render_template
    return _render(app, template, context)
  File "C:\Users\Administrator\AppData\Local\Programs\Python\Python313\Lib\site-packages\flask\templating.py", line 132, in _render
    rv = template.render(context)
  File "C:\Users\Administrator\AppData\Local\Programs\Python\Python313\Lib\site-packages\jinja2\environment.py", line 1295, in render
    self.environment.handle_exception()
    ~~~~~~~~~~~~~~~~~~~~~~~~~~~~~~~~~^^
  File "C:\Users\Administrator\AppData\Local\Programs\Python\Python313\Lib\site-packages\jinja2\environment.py", line 942, in handle_exception
    raise rewrite_traceback_stack(source=source)
  File "D:\web_sell\app\templates\index.html", line 1, in top-level template code
    {% extends 'base.html' %}
  File "D:\web_sell\app\templates\base.html", line 96, in top-level template code
    {% block content %}
    ^^^^^^^^^^^^^^^^^
  File "D:\web_sell\app\templates\index.html", line 19, in block 'content'
    {% for product in products.items %}
    ^^^^^^^^^^^^^^^^^^^^^
  File "C:\Users\Administrator\AppData\Local\Programs\Python\Python313\Lib\site-packages\jinja2\environment.py", line 490, in getattr
    return getattr(obj, attribute)
jinja2.exceptions.UndefinedError: 'products' is undefined


--- 2026-06-17 14:24:11,896 ---
127.0.0.1 - - [17/Jun/2026 14:24:11] "[32mGET / HTTP/1.1[0m" 302 -

--- 2026-06-17 14:24:11,907 ---
L\u1ed7i \u1edf \u0111\u01b0\u1eddng d\u1eabn: /
Traceback (most recent call last):
  File "C:\Users\Administrator\AppData\Local\Programs\Python\Python313\Lib\site-packages\flask\app.py", line 917, in full_dispatch_request
    rv = self.dispatch_request()
  File "C:\Users\Administrator\AppData\Local\Programs\Python\Python313\Lib\site-packages\flask\app.py", line 902, in dispatch_request
    return self.ensure_sync(self.view_functions[rule.endpoint])(**view_args)  # type: ignore[no-any-return]
           ~~~~~~~~~~~~~~~~~~~~~~~~~~~~~~~~~~~~~~~~~~~~~~~~~~~~^^^^^^^^^^^^^
  File "D:\web_sell\app\routes.py", line 13, in home
    return render_template('index.html')
  File "C:\Users\Administrator\AppData\Local\Programs\Python\Python313\Lib\site-packages\flask\templating.py", line 151, in render_template
    return _render(app, template, context)
  File "C:\Users\Administrator\AppData\Local\Programs\Python\Python313\Lib\site-packages\flask\templating.py", line 132, in _render
    rv = template.render(context)
  File "C:\Users\Administrator\AppData\Local\Programs\Python\Python313\Lib\site-packages\jinja2\environment.py", line 1295, in render
    self.environment.handle_exception()
    ~~~~~~~~~~~~~~~~~~~~~~~~~~~~~~~~~^^
  File "C:\Users\Administrator\AppData\Local\Programs\Python\Python313\Lib\site-packages\jinja2\environment.py", line 942, in handle_exception
    raise rewrite_traceback_stack(source=source)
  File "D:\web_sell\app\templates\index.html", line 1, in top-level template code
    {% extends 'base.html' %}
  File "D:\web_sell\app\templates\base.html", line 96, in top-level template code
    {% block content %}
    ^^^^^^^^^^^^^^^^^
  File "D:\web_sell\app\templates\index.html", line 19, in block 'content'
    {% for product in products.items %}
    ^^^^^^^^^^^^^^^^^^^^^
  File "C:\Users\Administrator\AppData\Local\Programs\Python\Python313\Lib\site-packages\jinja2\environment.py", line 490, in getattr
    return getattr(obj, attribute)
jinja2.exceptions.UndefinedError: 'products' is undefined


--- 2026-06-17 14:24:11,907 ---
127.0.0.1 - - [17/Jun/2026 14:24:11] "[32mGET / HTTP/1.1[0m" 302 -

--- 2026-06-17 14:24:11,918 ---
L\u1ed7i \u1edf \u0111\u01b0\u1eddng d\u1eabn: /
Traceback (most recent call last):
  File "C:\Users\Administrator\AppData\Local\Programs\Python\Python313\Lib\site-packages\flask\app.py", line 917, in full_dispatch_request
    rv = self.dispatch_request()
  File "C:\Users\Administrator\AppData\Local\Programs\Python\Python313\Lib\site-packages\flask\app.py", line 902, in dispatch_request
    return self.ensure_sync(self.view_functions[rule.endpoint])(**view_args)  # type: ignore[no-any-return]
           ~~~~~~~~~~~~~~~~~~~~~~~~~~~~~~~~~~~~~~~~~~~~~~~~~~~~^^^^^^^^^^^^^
  File "D:\web_sell\app\routes.py", line 13, in home
    return render_template('index.html')
  File "C:\Users\Administrator\AppData\Local\Programs\Python\Python313\Lib\site-packages\flask\templating.py", line 151, in render_template
    return _render(app, template, context)
  File "C:\Users\Administrator\AppData\Local\Programs\Python\Python313\Lib\site-packages\flask\templating.py", line 132, in _render
    rv = template.render(context)
  File "C:\Users\Administrator\AppData\Local\Programs\Python\Python313\Lib\site-packages\jinja2\environment.py", line 1295, in render
    self.environment.handle_exception()
    ~~~~~~~~~~~~~~~~~~~~~~~~~~~~~~~~~^^
  File "C:\Users\Administrator\AppData\Local\Programs\Python\Python313\Lib\site-packages\jinja2\environment.py", line 942, in handle_exception
    raise rewrite_traceback_stack(source=source)
  File "D:\web_sell\app\templates\index.html", line 1, in top-level template code
    {% extends 'base.html' %}
  File "D:\web_sell\app\templates\base.html", line 96, in top-level template code
    {% block content %}
    ^^^^^^^^^^^^^^^^^
  File "D:\web_sell\app\templates\index.html", line 19, in block 'content'
    {% for product in products.items %}
    ^^^^^^^^^^^^^^^^^^^^^
  File "C:\Users\Administrator\AppData\Local\Programs\Python\Python313\Lib\site-packages\jinja2\environment.py", line 490, in getattr
    return getattr(obj, attribute)
jinja2.exceptions.UndefinedError: 'products' is undefined


--- 2026-06-17 14:24:11,919 ---
127.0.0.1 - - [17/Jun/2026 14:24:11] "[32mGET / HTTP/1.1[0m" 302 -

--- 2026-06-17 14:24:11,933 ---
L\u1ed7i \u1edf \u0111\u01b0\u1eddng d\u1eabn: /
Traceback (most recent call last):
  File "C:\Users\Administrator\AppData\Local\Programs\Python\Python313\Lib\site-packages\flask\app.py", line 917, in full_dispatch_request
    rv = self.dispatch_request()
  File "C:\Users\Administrator\AppData\Local\Programs\Python\Python313\Lib\site-packages\flask\app.py", line 902, in dispatch_request
    return self.ensure_sync(self.view_functions[rule.endpoint])(**view_args)  # type: ignore[no-any-return]
           ~~~~~~~~~~~~~~~~~~~~~~~~~~~~~~~~~~~~~~~~~~~~~~~~~~~~^^^^^^^^^^^^^
  File "D:\web_sell\app\routes.py", line 13, in home
    return render_template('index.html')
  File "C:\Users\Administrator\AppData\Local\Programs\Python\Python313\Lib\site-packages\flask\templating.py", line 151, in render_template
    return _render(app, template, context)
  File "C:\Users\Administrator\AppData\Local\Programs\Python\Python313\Lib\site-packages\flask\templating.py", line 132, in _render
    rv = template.render(context)
  File "C:\Users\Administrator\AppData\Local\Programs\Python\Python313\Lib\site-packages\jinja2\environment.py", line 1295, in render
    self.environment.handle_exception()
    ~~~~~~~~~~~~~~~~~~~~~~~~~~~~~~~~~^^
  File "C:\Users\Administrator\AppData\Local\Programs\Python\Python313\Lib\site-packages\jinja2\environment.py", line 942, in handle_exception
    raise rewrite_traceback_stack(source=source)
  File "D:\web_sell\app\templates\index.html", line 1, in top-level template code
    {% extends 'base.html' %}
  File "D:\web_sell\app\templates\base.html", line 96, in top-level template code
    {% block content %}
    ^^^^^^^^^^^^^^^^^
  File "D:\web_sell\app\templates\index.html", line 19, in block 'content'
    {% for product in products.items %}
    ^^^^^^^^^^^^^^^^^^^^^
  File "C:\Users\Administrator\AppData\Local\Programs\Python\Python313\Lib\site-packages\jinja2\environment.py", line 490, in getattr
    return getattr(obj, attribute)
jinja2.exceptions.UndefinedError: 'products' is undefined


--- 2026-06-17 14:24:11,933 ---
127.0.0.1 - - [17/Jun/2026 14:24:11] "[32mGET / HTTP/1.1[0m" 302 -

--- 2026-06-17 14:24:11,944 ---
L\u1ed7i \u1edf \u0111\u01b0\u1eddng d\u1eabn: /
Traceback (most recent call last):
  File "C:\Users\Administrator\AppData\Local\Programs\Python\Python313\Lib\site-packages\flask\app.py", line 917, in full_dispatch_request
    rv = self.dispatch_request()
  File "C:\Users\Administrator\AppData\Local\Programs\Python\Python313\Lib\site-packages\flask\app.py", line 902, in dispatch_request
    return self.ensure_sync(self.view_functions[rule.endpoint])(**view_args)  # type: ignore[no-any-return]
           ~~~~~~~~~~~~~~~~~~~~~~~~~~~~~~~~~~~~~~~~~~~~~~~~~~~~^^^^^^^^^^^^^
  File "D:\web_sell\app\routes.py", line 13, in home
    return render_template('index.html')
  File "C:\Users\Administrator\AppData\Local\Programs\Python\Python313\Lib\site-packages\flask\templating.py", line 151, in render_template
    return _render(app, template, context)
  File "C:\Users\Administrator\AppData\Local\Programs\Python\Python313\Lib\site-packages\flask\templating.py", line 132, in _render
    rv = template.render(context)
  File "C:\Users\Administrator\AppData\Local\Programs\Python\Python313\Lib\site-packages\jinja2\environment.py", line 1295, in render
    self.environment.handle_exception()
    ~~~~~~~~~~~~~~~~~~~~~~~~~~~~~~~~~^^
  File "C:\Users\Administrator\AppData\Local\Programs\Python\Python313\Lib\site-packages\jinja2\environment.py", line 942, in handle_exception
    raise rewrite_traceback_stack(source=source)
  File "D:\web_sell\app\templates\index.html", line 1, in top-level template code
    {% extends 'base.html' %}
  File "D:\web_sell\app\templates\base.html", line 96, in top-level template code
    {% block content %}
    ^^^^^^^^^^^^^^^^^
  File "D:\web_sell\app\templates\index.html", line 19, in block 'content'
    {% for product in products.items %}
    ^^^^^^^^^^^^^^^^^^^^^
  File "C:\Users\Administrator\AppData\Local\Programs\Python\Python313\Lib\site-packages\jinja2\environment.py", line 490, in getattr
    return getattr(obj, attribute)
jinja2.exceptions.UndefinedError: 'products' is undefined


--- 2026-06-17 14:24:11,945 ---
127.0.0.1 - - [17/Jun/2026 14:24:11] "[32mGET / HTTP/1.1[0m" 302 -

--- 2026-06-17 14:24:11,956 ---
L\u1ed7i \u1edf \u0111\u01b0\u1eddng d\u1eabn: /
Traceback (most recent call last):
  File "C:\Users\Administrator\AppData\Local\Programs\Python\Python313\Lib\site-packages\flask\app.py", line 917, in full_dispatch_request
    rv = self.dispatch_request()
  File "C:\Users\Administrator\AppData\Local\Programs\Python\Python313\Lib\site-packages\flask\app.py", line 902, in dispatch_request
    return self.ensure_sync(self.view_functions[rule.endpoint])(**view_args)  # type: ignore[no-any-return]
           ~~~~~~~~~~~~~~~~~~~~~~~~~~~~~~~~~~~~~~~~~~~~~~~~~~~~^^^^^^^^^^^^^
  File "D:\web_sell\app\routes.py", line 13, in home
    return render_template('index.html')
  File "C:\Users\Administrator\AppData\Local\Programs\Python\Python313\Lib\site-packages\flask\templating.py", line 151, in render_template
    return _render(app, template, context)
  File "C:\Users\Administrator\AppData\Local\Programs\Python\Python313\Lib\site-packages\flask\templating.py", line 132, in _render
    rv = template.render(context)
  File "C:\Users\Administrator\AppData\Local\Programs\Python\Python313\Lib\site-packages\jinja2\environment.py", line 1295, in render
    self.environment.handle_exception()
    ~~~~~~~~~~~~~~~~~~~~~~~~~~~~~~~~~^^
  File "C:\Users\Administrator\AppData\Local\Programs\Python\Python313\Lib\site-packages\jinja2\environment.py", line 942, in handle_exception
    raise rewrite_traceback_stack(source=source)
  File "D:\web_sell\app\templates\index.html", line 1, in top-level template code
    {% extends 'base.html' %}
  File "D:\web_sell\app\templates\base.html", line 96, in top-level template code
    {% block content %}
    ^^^^^^^^^^^^^^^^^
  File "D:\web_sell\app\templates\index.html", line 19, in block 'content'
    {% for product in products.items %}
    ^^^^^^^^^^^^^^^^^^^^^
  File "C:\Users\Administrator\AppData\Local\Programs\Python\Python313\Lib\site-packages\jinja2\environment.py", line 490, in getattr
    return getattr(obj, attribute)
jinja2.exceptions.UndefinedError: 'products' is undefined


--- 2026-06-17 14:24:11,956 ---
127.0.0.1 - - [17/Jun/2026 14:24:11] "[32mGET / HTTP/1.1[0m" 302 -

--- 2026-06-17 14:24:11,967 ---
L\u1ed7i \u1edf \u0111\u01b0\u1eddng d\u1eabn: /
Traceback (most recent call last):
  File "C:\Users\Administrator\AppData\Local\Programs\Python\Python313\Lib\site-packages\flask\app.py", line 917, in full_dispatch_request
    rv = self.dispatch_request()
  File "C:\Users\Administrator\AppData\Local\Programs\Python\Python313\Lib\site-packages\flask\app.py", line 902, in dispatch_request
    return self.ensure_sync(self.view_functions[rule.endpoint])(**view_args)  # type: ignore[no-any-return]
           ~~~~~~~~~~~~~~~~~~~~~~~~~~~~~~~~~~~~~~~~~~~~~~~~~~~~^^^^^^^^^^^^^
  File "D:\web_sell\app\routes.py", line 13, in home
    return render_template('index.html')
  File "C:\Users\Administrator\AppData\Local\Programs\Python\Python313\Lib\site-packages\flask\templating.py", line 151, in render_template
    return _render(app, template, context)
  File "C:\Users\Administrator\AppData\Local\Programs\Python\Python313\Lib\site-packages\flask\templating.py", line 132, in _render
    rv = template.render(context)
  File "C:\Users\Administrator\AppData\Local\Programs\Python\Python313\Lib\site-packages\jinja2\environment.py", line 1295, in render
    self.environment.handle_exception()
    ~~~~~~~~~~~~~~~~~~~~~~~~~~~~~~~~~^^
  File "C:\Users\Administrator\AppData\Local\Programs\Python\Python313\Lib\site-packages\jinja2\environment.py", line 942, in handle_exception
    raise rewrite_traceback_stack(source=source)
  File "D:\web_sell\app\templates\index.html", line 1, in top-level template code
    {% extends 'base.html' %}
  File "D:\web_sell\app\templates\base.html", line 96, in top-level template code
    {% block content %}
    ^^^^^^^^^^^^^^^^^
  File "D:\web_sell\app\templates\index.html", line 19, in block 'content'
    {% for product in products.items %}
    ^^^^^^^^^^^^^^^^^^^^^
  File "C:\Users\Administrator\AppData\Local\Programs\Python\Python313\Lib\site-packages\jinja2\environment.py", line 490, in getattr
    return getattr(obj, attribute)
jinja2.exceptions.UndefinedError: 'products' is undefined


--- 2026-06-17 14:24:11,967 ---
127.0.0.1 - - [17/Jun/2026 14:24:11] "[32mGET / HTTP/1.1[0m" 302 -

--- 2026-06-17 14:24:11,978 ---
L\u1ed7i \u1edf \u0111\u01b0\u1eddng d\u1eabn: /
Traceback (most recent call last):
  File "C:\Users\Administrator\AppData\Local\Programs\Python\Python313\Lib\site-packages\flask\app.py", line 917, in full_dispatch_request
    rv = self.dispatch_request()
  File "C:\Users\Administrator\AppData\Local\Programs\Python\Python313\Lib\site-packages\flask\app.py", line 902, in dispatch_request
    return self.ensure_sync(self.view_functions[rule.endpoint])(**view_args)  # type: ignore[no-any-return]
           ~~~~~~~~~~~~~~~~~~~~~~~~~~~~~~~~~~~~~~~~~~~~~~~~~~~~^^^^^^^^^^^^^
  File "D:\web_sell\app\routes.py", line 13, in home
    return render_template('index.html')
  File "C:\Users\Administrator\AppData\Local\Programs\Python\Python313\Lib\site-packages\flask\templating.py", line 151, in render_template
    return _render(app, template, context)
  File "C:\Users\Administrator\AppData\Local\Programs\Python\Python313\Lib\site-packages\flask\templating.py", line 132, in _render
    rv = template.render(context)
  File "C:\Users\Administrator\AppData\Local\Programs\Python\Python313\Lib\site-packages\jinja2\environment.py", line 1295, in render
    self.environment.handle_exception()
    ~~~~~~~~~~~~~~~~~~~~~~~~~~~~~~~~~^^
  File "C:\Users\Administrator\AppData\Local\Programs\Python\Python313\Lib\site-packages\jinja2\environment.py", line 942, in handle_exception
    raise rewrite_traceback_stack(source=source)
  File "D:\web_sell\app\templates\index.html", line 1, in top-level template code
    {% extends 'base.html' %}
  File "D:\web_sell\app\templates\base.html", line 96, in top-level template code
    {% block content %}
    ^^^^^^^^^^^^^^^^^
  File "D:\web_sell\app\templates\index.html", line 19, in block 'content'
    {% for product in products.items %}
    ^^^^^^^^^^^^^^^^^^^^^
  File "C:\Users\Administrator\AppData\Local\Programs\Python\Python313\Lib\site-packages\jinja2\environment.py", line 490, in getattr
    return getattr(obj, attribute)
jinja2.exceptions.UndefinedError: 'products' is undefined


--- 2026-06-17 14:24:11,979 ---
127.0.0.1 - - [17/Jun/2026 14:24:11] "[32mGET / HTTP/1.1[0m" 302 -

--- 2026-06-17 14:24:11,990 ---
L\u1ed7i \u1edf \u0111\u01b0\u1eddng d\u1eabn: /
Traceback (most recent call last):
  File "C:\Users\Administrator\AppData\Local\Programs\Python\Python313\Lib\site-packages\flask\app.py", line 917, in full_dispatch_request
    rv = self.dispatch_request()
  File "C:\Users\Administrator\AppData\Local\Programs\Python\Python313\Lib\site-packages\flask\app.py", line 902, in dispatch_request
    return self.ensure_sync(self.view_functions[rule.endpoint])(**view_args)  # type: ignore[no-any-return]
           ~~~~~~~~~~~~~~~~~~~~~~~~~~~~~~~~~~~~~~~~~~~~~~~~~~~~^^^^^^^^^^^^^
  File "D:\web_sell\app\routes.py", line 13, in home
    return render_template('index.html')
  File "C:\Users\Administrator\AppData\Local\Programs\Python\Python313\Lib\site-packages\flask\templating.py", line 151, in render_template
    return _render(app, template, context)
  File "C:\Users\Administrator\AppData\Local\Programs\Python\Python313\Lib\site-packages\flask\templating.py", line 132, in _render
    rv = template.render(context)
  File "C:\Users\Administrator\AppData\Local\Programs\Python\Python313\Lib\site-packages\jinja2\environment.py", line 1295, in render
    self.environment.handle_exception()
    ~~~~~~~~~~~~~~~~~~~~~~~~~~~~~~~~~^^
  File "C:\Users\Administrator\AppData\Local\Programs\Python\Python313\Lib\site-packages\jinja2\environment.py", line 942, in handle_exception
    raise rewrite_traceback_stack(source=source)
  File "D:\web_sell\app\templates\index.html", line 1, in top-level template code
    {% extends 'base.html' %}
  File "D:\web_sell\app\templates\base.html", line 96, in top-level template code
    {% block content %}
    ^^^^^^^^^^^^^^^^^
  File "D:\web_sell\app\templates\index.html", line 19, in block 'content'
    {% for product in products.items %}
    ^^^^^^^^^^^^^^^^^^^^^
  File "C:\Users\Administrator\AppData\Local\Programs\Python\Python313\Lib\site-packages\jinja2\environment.py", line 490, in getattr
    return getattr(obj, attribute)
jinja2.exceptions.UndefinedError: 'products' is undefined


--- 2026-06-17 14:24:11,991 ---
127.0.0.1 - - [17/Jun/2026 14:24:11] "[32mGET / HTTP/1.1[0m" 302 -

--- 2026-06-17 14:24:12,007 ---
L\u1ed7i \u1edf \u0111\u01b0\u1eddng d\u1eabn: /
Traceback (most recent call last):
  File "C:\Users\Administrator\AppData\Local\Programs\Python\Python313\Lib\site-packages\flask\app.py", line 917, in full_dispatch_request
    rv = self.dispatch_request()
  File "C:\Users\Administrator\AppData\Local\Programs\Python\Python313\Lib\site-packages\flask\app.py", line 902, in dispatch_request
    return self.ensure_sync(self.view_functions[rule.endpoint])(**view_args)  # type: ignore[no-any-return]
           ~~~~~~~~~~~~~~~~~~~~~~~~~~~~~~~~~~~~~~~~~~~~~~~~~~~~^^^^^^^^^^^^^
  File "D:\web_sell\app\routes.py", line 13, in home
    return render_template('index.html')
  File "C:\Users\Administrator\AppData\Local\Programs\Python\Python313\Lib\site-packages\flask\templating.py", line 151, in render_template
    return _render(app, template, context)
  File "C:\Users\Administrator\AppData\Local\Programs\Python\Python313\Lib\site-packages\flask\templating.py", line 132, in _render
    rv = template.render(context)
  File "C:\Users\Administrator\AppData\Local\Programs\Python\Python313\Lib\site-packages\jinja2\environment.py", line 1295, in render
    self.environment.handle_exception()
    ~~~~~~~~~~~~~~~~~~~~~~~~~~~~~~~~~^^
  File "C:\Users\Administrator\AppData\Local\Programs\Python\Python313\Lib\site-packages\jinja2\environment.py", line 942, in handle_exception
    raise rewrite_traceback_stack(source=source)
  File "D:\web_sell\app\templates\index.html", line 1, in top-level template code
    {% extends 'base.html' %}
  File "D:\web_sell\app\templates\base.html", line 96, in top-level template code
    {% block content %}
    ^^^^^^^^^^^^^^^^^
  File "D:\web_sell\app\templates\index.html", line 19, in block 'content'
    {% for product in products.items %}
    ^^^^^^^^^^^^^^^^^^^^^
  File "C:\Users\Administrator\AppData\Local\Programs\Python\Python313\Lib\site-packages\jinja2\environment.py", line 490, in getattr
    return getattr(obj, attribute)
jinja2.exceptions.UndefinedError: 'products' is undefined


--- 2026-06-17 14:24:12,007 ---
127.0.0.1 - - [17/Jun/2026 14:24:12] "[32mGET / HTTP/1.1[0m" 302 -

--- 2026-06-17 14:24:12,018 ---
L\u1ed7i \u1edf \u0111\u01b0\u1eddng d\u1eabn: /
Traceback (most recent call last):
  File "C:\Users\Administrator\AppData\Local\Programs\Python\Python313\Lib\site-packages\flask\app.py", line 917, in full_dispatch_request
    rv = self.dispatch_request()
  File "C:\Users\Administrator\AppData\Local\Programs\Python\Python313\Lib\site-packages\flask\app.py", line 902, in dispatch_request
    return self.ensure_sync(self.view_functions[rule.endpoint])(**view_args)  # type: ignore[no-any-return]
           ~~~~~~~~~~~~~~~~~~~~~~~~~~~~~~~~~~~~~~~~~~~~~~~~~~~~^^^^^^^^^^^^^
  File "D:\web_sell\app\routes.py", line 13, in home
    return render_template('index.html')
  File "C:\Users\Administrator\AppData\Local\Programs\Python\Python313\Lib\site-packages\flask\templating.py", line 151, in render_template
    return _render(app, template, context)
  File "C:\Users\Administrator\AppData\Local\Programs\Python\Python313\Lib\site-packages\flask\templating.py", line 132, in _render
    rv = template.render(context)
  File "C:\Users\Administrator\AppData\Local\Programs\Python\Python313\Lib\site-packages\jinja2\environment.py", line 1295, in render
    self.environment.handle_exception()
    ~~~~~~~~~~~~~~~~~~~~~~~~~~~~~~~~~^^
  File "C:\Users\Administrator\AppData\Local\Programs\Python\Python313\Lib\site-packages\jinja2\environment.py", line 942, in handle_exception
    raise rewrite_traceback_stack(source=source)
  File "D:\web_sell\app\templates\index.html", line 1, in top-level template code
    {% extends 'base.html' %}
  File "D:\web_sell\app\templates\base.html", line 96, in top-level template code
    {% block content %}
    ^^^^^^^^^^^^^^^^^
  File "D:\web_sell\app\templates\index.html", line 19, in block 'content'
    {% for product in products.items %}
    ^^^^^^^^^^^^^^^^^^^^^
  File "C:\Users\Administrator\AppData\Local\Programs\Python\Python313\Lib\site-packages\jinja2\environment.py", line 490, in getattr
    return getattr(obj, attribute)
jinja2.exceptions.UndefinedError: 'products' is undefined


--- 2026-06-17 14:24:12,018 ---
127.0.0.1 - - [17/Jun/2026 14:24:12] "[32mGET / HTTP/1.1[0m" 302 -

--- 2026-06-17 14:24:12,028 ---
L\u1ed7i \u1edf \u0111\u01b0\u1eddng d\u1eabn: /
Traceback (most recent call last):
  File "C:\Users\Administrator\AppData\Local\Programs\Python\Python313\Lib\site-packages\flask\app.py", line 917, in full_dispatch_request
    rv = self.dispatch_request()
  File "C:\Users\Administrator\AppData\Local\Programs\Python\Python313\Lib\site-packages\flask\app.py", line 902, in dispatch_request
    return self.ensure_sync(self.view_functions[rule.endpoint])(**view_args)  # type: ignore[no-any-return]
           ~~~~~~~~~~~~~~~~~~~~~~~~~~~~~~~~~~~~~~~~~~~~~~~~~~~~^^^^^^^^^^^^^
  File "D:\web_sell\app\routes.py", line 13, in home
    return render_template('index.html')
  File "C:\Users\Administrator\AppData\Local\Programs\Python\Python313\Lib\site-packages\flask\templating.py", line 151, in render_template
    return _render(app, template, context)
  File "C:\Users\Administrator\AppData\Local\Programs\Python\Python313\Lib\site-packages\flask\templating.py", line 132, in _render
    rv = template.render(context)
  File "C:\Users\Administrator\AppData\Local\Programs\Python\Python313\Lib\site-packages\jinja2\environment.py", line 1295, in render
    self.environment.handle_exception()
    ~~~~~~~~~~~~~~~~~~~~~~~~~~~~~~~~~^^
  File "C:\Users\Administrator\AppData\Local\Programs\Python\Python313\Lib\site-packages\jinja2\environment.py", line 942, in handle_exception
    raise rewrite_traceback_stack(source=source)
  File "D:\web_sell\app\templates\index.html", line 1, in top-level template code
    {% extends 'base.html' %}
  File "D:\web_sell\app\templates\base.html", line 96, in top-level template code
    {% block content %}
    ^^^^^^^^^^^^^^^^^
  File "D:\web_sell\app\templates\index.html", line 19, in block 'content'
    {% for product in products.items %}
    ^^^^^^^^^^^^^^^^^^^^^
  File "C:\Users\Administrator\AppData\Local\Programs\Python\Python313\Lib\site-packages\jinja2\environment.py", line 490, in getattr
    return getattr(obj, attribute)
jinja2.exceptions.UndefinedError: 'products' is undefined


--- 2026-06-17 14:24:12,029 ---
127.0.0.1 - - [17/Jun/2026 14:24:12] "[32mGET / HTTP/1.1[0m" 302 -

--- 2026-06-17 14:24:12,040 ---
L\u1ed7i \u1edf \u0111\u01b0\u1eddng d\u1eabn: /
Traceback (most recent call last):
  File "C:\Users\Administrator\AppData\Local\Programs\Python\Python313\Lib\site-packages\flask\app.py", line 917, in full_dispatch_request
    rv = self.dispatch_request()
  File "C:\Users\Administrator\AppData\Local\Programs\Python\Python313\Lib\site-packages\flask\app.py", line 902, in dispatch_request
    return self.ensure_sync(self.view_functions[rule.endpoint])(**view_args)  # type: ignore[no-any-return]
           ~~~~~~~~~~~~~~~~~~~~~~~~~~~~~~~~~~~~~~~~~~~~~~~~~~~~^^^^^^^^^^^^^
  File "D:\web_sell\app\routes.py", line 13, in home
    return render_template('index.html')
  File "C:\Users\Administrator\AppData\Local\Programs\Python\Python313\Lib\site-packages\flask\templating.py", line 151, in render_template
    return _render(app, template, context)
  File "C:\Users\Administrator\AppData\Local\Programs\Python\Python313\Lib\site-packages\flask\templating.py", line 132, in _render
    rv = template.render(context)
  File "C:\Users\Administrator\AppData\Local\Programs\Python\Python313\Lib\site-packages\jinja2\environment.py", line 1295, in render
    self.environment.handle_exception()
    ~~~~~~~~~~~~~~~~~~~~~~~~~~~~~~~~~^^
  File "C:\Users\Administrator\AppData\Local\Programs\Python\Python313\Lib\site-packages\jinja2\environment.py", line 942, in handle_exception
    raise rewrite_traceback_stack(source=source)
  File "D:\web_sell\app\templates\index.html", line 1, in top-level template code
    {% extends 'base.html' %}
  File "D:\web_sell\app\templates\base.html", line 96, in top-level template code
    {% block content %}
    ^^^^^^^^^^^^^^^^^
  File "D:\web_sell\app\templates\index.html", line 19, in block 'content'
    {% for product in products.items %}
    ^^^^^^^^^^^^^^^^^^^^^
  File "C:\Users\Administrator\AppData\Local\Programs\Python\Python313\Lib\site-packages\jinja2\environment.py", line 490, in getattr
    return getattr(obj, attribute)
jinja2.exceptions.UndefinedError: 'products' is undefined


--- 2026-06-17 14:24:12,041 ---
127.0.0.1 - - [17/Jun/2026 14:24:12] "[32mGET / HTTP/1.1[0m" 302 -

--- 2026-06-17 14:24:12,051 ---
L\u1ed7i \u1edf \u0111\u01b0\u1eddng d\u1eabn: /
Traceback (most recent call last):
  File "C:\Users\Administrator\AppData\Local\Programs\Python\Python313\Lib\site-packages\flask\app.py", line 917, in full_dispatch_request
    rv = self.dispatch_request()
  File "C:\Users\Administrator\AppData\Local\Programs\Python\Python313\Lib\site-packages\flask\app.py", line 902, in dispatch_request
    return self.ensure_sync(self.view_functions[rule.endpoint])(**view_args)  # type: ignore[no-any-return]
           ~~~~~~~~~~~~~~~~~~~~~~~~~~~~~~~~~~~~~~~~~~~~~~~~~~~~^^^^^^^^^^^^^
  File "D:\web_sell\app\routes.py", line 13, in home
    return render_template('index.html')
  File "C:\Users\Administrator\AppData\Local\Programs\Python\Python313\Lib\site-packages\flask\templating.py", line 151, in render_template
    return _render(app, template, context)
  File "C:\Users\Administrator\AppData\Local\Programs\Python\Python313\Lib\site-packages\flask\templating.py", line 132, in _render
    rv = template.render(context)
  File "C:\Users\Administrator\AppData\Local\Programs\Python\Python313\Lib\site-packages\jinja2\environment.py", line 1295, in render
    self.environment.handle_exception()
    ~~~~~~~~~~~~~~~~~~~~~~~~~~~~~~~~~^^
  File "C:\Users\Administrator\AppData\Local\Programs\Python\Python313\Lib\site-packages\jinja2\environment.py", line 942, in handle_exception
    raise rewrite_traceback_stack(source=source)
  File "D:\web_sell\app\templates\index.html", line 1, in top-level template code
    {% extends 'base.html' %}
  File "D:\web_sell\app\templates\base.html", line 96, in top-level template code
    {% block content %}
    ^^^^^^^^^^^^^^^^^
  File "D:\web_sell\app\templates\index.html", line 19, in block 'content'
    {% for product in products.items %}
    ^^^^^^^^^^^^^^^^^^^^^
  File "C:\Users\Administrator\AppData\Local\Programs\Python\Python313\Lib\site-packages\jinja2\environment.py", line 490, in getattr
    return getattr(obj, attribute)
jinja2.exceptions.UndefinedError: 'products' is undefined


--- 2026-06-17 14:24:12,051 ---
127.0.0.1 - - [17/Jun/2026 14:24:12] "[32mGET / HTTP/1.1[0m" 302 -

--- 2026-06-17 14:24:35,293 ---
L\u1ed7i \u1edf \u0111\u01b0\u1eddng d\u1eabn: /
Traceback (most recent call last):
  File "C:\Users\Administrator\AppData\Local\Programs\Python\Python313\Lib\site-packages\flask\app.py", line 917, in full_dispatch_request
    rv = self.dispatch_request()
  File "C:\Users\Administrator\AppData\Local\Programs\Python\Python313\Lib\site-packages\flask\app.py", line 902, in dispatch_request
    return self.ensure_sync(self.view_functions[rule.endpoint])(**view_args)  # type: ignore[no-any-return]
           ~~~~~~~~~~~~~~~~~~~~~~~~~~~~~~~~~~~~~~~~~~~~~~~~~~~~^^^^^^^^^^^^^
  File "D:\web_sell\app\routes.py", line 13, in home
    return render_template('index.html')
  File "C:\Users\Administrator\AppData\Local\Programs\Python\Python313\Lib\site-packages\flask\templating.py", line 151, in render_template
    return _render(app, template, context)
  File "C:\Users\Administrator\AppData\Local\Programs\Python\Python313\Lib\site-packages\flask\templating.py", line 132, in _render
    rv = template.render(context)
  File "C:\Users\Administrator\AppData\Local\Programs\Python\Python313\Lib\site-packages\jinja2\environment.py", line 1295, in render
    self.environment.handle_exception()
    ~~~~~~~~~~~~~~~~~~~~~~~~~~~~~~~~~^^
  File "C:\Users\Administrator\AppData\Local\Programs\Python\Python313\Lib\site-packages\jinja2\environment.py", line 942, in handle_exception
    raise rewrite_traceback_stack(source=source)
  File "D:\web_sell\app\templates\index.html", line 1, in top-level template code
    {% extends 'base.html' %}
  File "D:\web_sell\app\templates\base.html", line 96, in top-level template code
    {% block content %}
    ^^^^^^^^^^^^^^^^^
  File "D:\web_sell\app\templates\index.html", line 19, in block 'content'
    {% for product in products.items %}
    ^^^^^^^^^^^^^^^^^^^^^
  File "C:\Users\Administrator\AppData\Local\Programs\Python\Python313\Lib\site-packages\jinja2\environment.py", line 490, in getattr
    return getattr(obj, attribute)
jinja2.exceptions.UndefinedError: 'products' is undefined


--- 2026-06-17 14:24:35,293 ---
127.0.0.1 - - [17/Jun/2026 14:24:35] "[32mGET / HTTP/1.1[0m" 302 -

--- 2026-06-17 14:24:35,306 ---
L\u1ed7i \u1edf \u0111\u01b0\u1eddng d\u1eabn: /
Traceback (most recent call last):
  File "C:\Users\Administrator\AppData\Local\Programs\Python\Python313\Lib\site-packages\flask\app.py", line 917, in full_dispatch_request
    rv = self.dispatch_request()
  File "C:\Users\Administrator\AppData\Local\Programs\Python\Python313\Lib\site-packages\flask\app.py", line 902, in dispatch_request
    return self.ensure_sync(self.view_functions[rule.endpoint])(**view_args)  # type: ignore[no-any-return]
           ~~~~~~~~~~~~~~~~~~~~~~~~~~~~~~~~~~~~~~~~~~~~~~~~~~~~^^^^^^^^^^^^^
  File "D:\web_sell\app\routes.py", line 13, in home
    return render_template('index.html')
  File "C:\Users\Administrator\AppData\Local\Programs\Python\Python313\Lib\site-packages\flask\templating.py", line 151, in render_template
    return _render(app, template, context)
  File "C:\Users\Administrator\AppData\Local\Programs\Python\Python313\Lib\site-packages\flask\templating.py", line 132, in _render
    rv = template.render(context)
  File "C:\Users\Administrator\AppData\Local\Programs\Python\Python313\Lib\site-packages\jinja2\environment.py", line 1295, in render
    self.environment.handle_exception()
    ~~~~~~~~~~~~~~~~~~~~~~~~~~~~~~~~~^^
  File "C:\Users\Administrator\AppData\Local\Programs\Python\Python313\Lib\site-packages\jinja2\environment.py", line 942, in handle_exception
    raise rewrite_traceback_stack(source=source)
  File "D:\web_sell\app\templates\index.html", line 1, in top-level template code
    {% extends 'base.html' %}
  File "D:\web_sell\app\templates\base.html", line 96, in top-level template code
    {% block content %}
    ^^^^^^^^^^^^^^^^^
  File "D:\web_sell\app\templates\index.html", line 19, in block 'content'
    {% for product in products.items %}
    ^^^^^^^^^^^^^^^^^^^^^
  File "C:\Users\Administrator\AppData\Local\Programs\Python\Python313\Lib\site-packages\jinja2\environment.py", line 490, in getattr
    return getattr(obj, attribute)
jinja2.exceptions.UndefinedError: 'products' is undefined


--- 2026-06-17 14:24:35,306 ---
127.0.0.1 - - [17/Jun/2026 14:24:35] "[32mGET / HTTP/1.1[0m" 302 -

--- 2026-06-17 14:24:35,321 ---
L\u1ed7i \u1edf \u0111\u01b0\u1eddng d\u1eabn: /
Traceback (most recent call last):
  File "C:\Users\Administrator\AppData\Local\Programs\Python\Python313\Lib\site-packages\flask\app.py", line 917, in full_dispatch_request
    rv = self.dispatch_request()
  File "C:\Users\Administrator\AppData\Local\Programs\Python\Python313\Lib\site-packages\flask\app.py", line 902, in dispatch_request
    return self.ensure_sync(self.view_functions[rule.endpoint])(**view_args)  # type: ignore[no-any-return]
           ~~~~~~~~~~~~~~~~~~~~~~~~~~~~~~~~~~~~~~~~~~~~~~~~~~~~^^^^^^^^^^^^^
  File "D:\web_sell\app\routes.py", line 13, in home
    return render_template('index.html')
  File "C:\Users\Administrator\AppData\Local\Programs\Python\Python313\Lib\site-packages\flask\templating.py", line 151, in render_template
    return _render(app, template, context)
  File "C:\Users\Administrator\AppData\Local\Programs\Python\Python313\Lib\site-packages\flask\templating.py", line 132, in _render
    rv = template.render(context)
  File "C:\Users\Administrator\AppData\Local\Programs\Python\Python313\Lib\site-packages\jinja2\environment.py", line 1295, in render
    self.environment.handle_exception()
    ~~~~~~~~~~~~~~~~~~~~~~~~~~~~~~~~~^^
  File "C:\Users\Administrator\AppData\Local\Programs\Python\Python313\Lib\site-packages\jinja2\environment.py", line 942, in handle_exception
    raise rewrite_traceback_stack(source=source)
  File "D:\web_sell\app\templates\index.html", line 1, in top-level template code
    {% extends 'base.html' %}
  File "D:\web_sell\app\templates\base.html", line 96, in top-level template code
    {% block content %}
    ^^^^^^^^^^^^^^^^^
  File "D:\web_sell\app\templates\index.html", line 19, in block 'content'
    {% for product in products.items %}
    ^^^^^^^^^^^^^^^^^^^^^
  File "C:\Users\Administrator\AppData\Local\Programs\Python\Python313\Lib\site-packages\jinja2\environment.py", line 490, in getattr
    return getattr(obj, attribute)
jinja2.exceptions.UndefinedError: 'products' is undefined


--- 2026-06-17 14:24:35,321 ---
127.0.0.1 - - [17/Jun/2026 14:24:35] "[32mGET / HTTP/1.1[0m" 302 -

--- 2026-06-17 14:24:35,334 ---
L\u1ed7i \u1edf \u0111\u01b0\u1eddng d\u1eabn: /
Traceback (most recent call last):
  File "C:\Users\Administrator\AppData\Local\Programs\Python\Python313\Lib\site-packages\flask\app.py", line 917, in full_dispatch_request
    rv = self.dispatch_request()
  File "C:\Users\Administrator\AppData\Local\Programs\Python\Python313\Lib\site-packages\flask\app.py", line 902, in dispatch_request
    return self.ensure_sync(self.view_functions[rule.endpoint])(**view_args)  # type: ignore[no-any-return]
           ~~~~~~~~~~~~~~~~~~~~~~~~~~~~~~~~~~~~~~~~~~~~~~~~~~~~^^^^^^^^^^^^^
  File "D:\web_sell\app\routes.py", line 13, in home
    return render_template('index.html')
  File "C:\Users\Administrator\AppData\Local\Programs\Python\Python313\Lib\site-packages\flask\templating.py", line 151, in render_template
    return _render(app, template, context)
  File "C:\Users\Administrator\AppData\Local\Programs\Python\Python313\Lib\site-packages\flask\templating.py", line 132, in _render
    rv = template.render(context)
  File "C:\Users\Administrator\AppData\Local\Programs\Python\Python313\Lib\site-packages\jinja2\environment.py", line 1295, in render
    self.environment.handle_exception()
    ~~~~~~~~~~~~~~~~~~~~~~~~~~~~~~~~~^^
  File "C:\Users\Administrator\AppData\Local\Programs\Python\Python313\Lib\site-packages\jinja2\environment.py", line 942, in handle_exception
    raise rewrite_traceback_stack(source=source)
  File "D:\web_sell\app\templates\index.html", line 1, in top-level template code
    {% extends 'base.html' %}
  File "D:\web_sell\app\templates\base.html", line 96, in top-level template code
    {% block content %}
    ^^^^^^^^^^^^^^^^^
  File "D:\web_sell\app\templates\index.html", line 19, in block 'content'
    {% for product in products.items %}
    ^^^^^^^^^^^^^^^^^^^^^
  File "C:\Users\Administrator\AppData\Local\Programs\Python\Python313\Lib\site-packages\jinja2\environment.py", line 490, in getattr
    return getattr(obj, attribute)
jinja2.exceptions.UndefinedError: 'products' is undefined


--- 2026-06-17 14:24:35,334 ---
127.0.0.1 - - [17/Jun/2026 14:24:35] "[32mGET / HTTP/1.1[0m" 302 -

--- 2026-06-17 14:24:35,346 ---
L\u1ed7i \u1edf \u0111\u01b0\u1eddng d\u1eabn: /
Traceback (most recent call last):
  File "C:\Users\Administrator\AppData\Local\Programs\Python\Python313\Lib\site-packages\flask\app.py", line 917, in full_dispatch_request
    rv = self.dispatch_request()
  File "C:\Users\Administrator\AppData\Local\Programs\Python\Python313\Lib\site-packages\flask\app.py", line 902, in dispatch_request
    return self.ensure_sync(self.view_functions[rule.endpoint])(**view_args)  # type: ignore[no-any-return]
           ~~~~~~~~~~~~~~~~~~~~~~~~~~~~~~~~~~~~~~~~~~~~~~~~~~~~^^^^^^^^^^^^^
  File "D:\web_sell\app\routes.py", line 13, in home
    return render_template('index.html')
  File "C:\Users\Administrator\AppData\Local\Programs\Python\Python313\Lib\site-packages\flask\templating.py", line 151, in render_template
    return _render(app, template, context)
  File "C:\Users\Administrator\AppData\Local\Programs\Python\Python313\Lib\site-packages\flask\templating.py", line 132, in _render
    rv = template.render(context)
  File "C:\Users\Administrator\AppData\Local\Programs\Python\Python313\Lib\site-packages\jinja2\environment.py", line 1295, in render
    self.environment.handle_exception()
    ~~~~~~~~~~~~~~~~~~~~~~~~~~~~~~~~~^^
  File "C:\Users\Administrator\AppData\Local\Programs\Python\Python313\Lib\site-packages\jinja2\environment.py", line 942, in handle_exception
    raise rewrite_traceback_stack(source=source)
  File "D:\web_sell\app\templates\index.html", line 1, in top-level template code
    {% extends 'base.html' %}
  File "D:\web_sell\app\templates\base.html", line 96, in top-level template code
    {% block content %}
    ^^^^^^^^^^^^^^^^^
  File "D:\web_sell\app\templates\index.html", line 19, in block 'content'
    {% for product in products.items %}
    ^^^^^^^^^^^^^^^^^^^^^
  File "C:\Users\Administrator\AppData\Local\Programs\Python\Python313\Lib\site-packages\jinja2\environment.py", line 490, in getattr
    return getattr(obj, attribute)
jinja2.exceptions.UndefinedError: 'products' is undefined


--- 2026-06-17 14:24:35,347 ---
127.0.0.1 - - [17/Jun/2026 14:24:35] "[32mGET / HTTP/1.1[0m" 302 -

--- 2026-06-17 14:24:35,359 ---
L\u1ed7i \u1edf \u0111\u01b0\u1eddng d\u1eabn: /
Traceback (most recent call last):
  File "C:\Users\Administrator\AppData\Local\Programs\Python\Python313\Lib\site-packages\flask\app.py", line 917, in full_dispatch_request
    rv = self.dispatch_request()
  File "C:\Users\Administrator\AppData\Local\Programs\Python\Python313\Lib\site-packages\flask\app.py", line 902, in dispatch_request
    return self.ensure_sync(self.view_functions[rule.endpoint])(**view_args)  # type: ignore[no-any-return]
           ~~~~~~~~~~~~~~~~~~~~~~~~~~~~~~~~~~~~~~~~~~~~~~~~~~~~^^^^^^^^^^^^^
  File "D:\web_sell\app\routes.py", line 13, in home
    return render_template('index.html')
  File "C:\Users\Administrator\AppData\Local\Programs\Python\Python313\Lib\site-packages\flask\templating.py", line 151, in render_template
    return _render(app, template, context)
  File "C:\Users\Administrator\AppData\Local\Programs\Python\Python313\Lib\site-packages\flask\templating.py", line 132, in _render
    rv = template.render(context)
  File "C:\Users\Administrator\AppData\Local\Programs\Python\Python313\Lib\site-packages\jinja2\environment.py", line 1295, in render
    self.environment.handle_exception()
    ~~~~~~~~~~~~~~~~~~~~~~~~~~~~~~~~~^^
  File "C:\Users\Administrator\AppData\Local\Programs\Python\Python313\Lib\site-packages\jinja2\environment.py", line 942, in handle_exception
    raise rewrite_traceback_stack(source=source)
  File "D:\web_sell\app\templates\index.html", line 1, in top-level template code
    {% extends 'base.html' %}
  File "D:\web_sell\app\templates\base.html", line 96, in top-level template code
    {% block content %}
    ^^^^^^^^^^^^^^^^^
  File "D:\web_sell\app\templates\index.html", line 19, in block 'content'
    {% for product in products.items %}
    ^^^^^^^^^^^^^^^^^^^^^
  File "C:\Users\Administrator\AppData\Local\Programs\Python\Python313\Lib\site-packages\jinja2\environment.py", line 490, in getattr
    return getattr(obj, attribute)
jinja2.exceptions.UndefinedError: 'products' is undefined


--- 2026-06-17 14:24:35,360 ---
127.0.0.1 - - [17/Jun/2026 14:24:35] "[32mGET / HTTP/1.1[0m" 302 -

--- 2026-06-17 14:24:35,371 ---
L\u1ed7i \u1edf \u0111\u01b0\u1eddng d\u1eabn: /
Traceback (most recent call last):
  File "C:\Users\Administrator\AppData\Local\Programs\Python\Python313\Lib\site-packages\flask\app.py", line 917, in full_dispatch_request
    rv = self.dispatch_request()
  File "C:\Users\Administrator\AppData\Local\Programs\Python\Python313\Lib\site-packages\flask\app.py", line 902, in dispatch_request
    return self.ensure_sync(self.view_functions[rule.endpoint])(**view_args)  # type: ignore[no-any-return]
           ~~~~~~~~~~~~~~~~~~~~~~~~~~~~~~~~~~~~~~~~~~~~~~~~~~~~^^^^^^^^^^^^^
  File "D:\web_sell\app\routes.py", line 13, in home
    return render_template('index.html')
  File "C:\Users\Administrator\AppData\Local\Programs\Python\Python313\Lib\site-packages\flask\templating.py", line 151, in render_template
    return _render(app, template, context)
  File "C:\Users\Administrator\AppData\Local\Programs\Python\Python313\Lib\site-packages\flask\templating.py", line 132, in _render
    rv = template.render(context)
  File "C:\Users\Administrator\AppData\Local\Programs\Python\Python313\Lib\site-packages\jinja2\environment.py", line 1295, in render
    self.environment.handle_exception()
    ~~~~~~~~~~~~~~~~~~~~~~~~~~~~~~~~~^^
  File "C:\Users\Administrator\AppData\Local\Programs\Python\Python313\Lib\site-packages\jinja2\environment.py", line 942, in handle_exception
    raise rewrite_traceback_stack(source=source)
  File "D:\web_sell\app\templates\index.html", line 1, in top-level template code
    {% extends 'base.html' %}
  File "D:\web_sell\app\templates\base.html", line 96, in top-level template code
    {% block content %}
    ^^^^^^^^^^^^^^^^^
  File "D:\web_sell\app\templates\index.html", line 19, in block 'content'
    {% for product in products.items %}
    ^^^^^^^^^^^^^^^^^^^^^
  File "C:\Users\Administrator\AppData\Local\Programs\Python\Python313\Lib\site-packages\jinja2\environment.py", line 490, in getattr
    return getattr(obj, attribute)
jinja2.exceptions.UndefinedError: 'products' is undefined


--- 2026-06-17 14:24:35,371 ---
127.0.0.1 - - [17/Jun/2026 14:24:35] "[32mGET / HTTP/1.1[0m" 302 -

--- 2026-06-17 14:24:35,382 ---
L\u1ed7i \u1edf \u0111\u01b0\u1eddng d\u1eabn: /
Traceback (most recent call last):
  File "C:\Users\Administrator\AppData\Local\Programs\Python\Python313\Lib\site-packages\flask\app.py", line 917, in full_dispatch_request
    rv = self.dispatch_request()
  File "C:\Users\Administrator\AppData\Local\Programs\Python\Python313\Lib\site-packages\flask\app.py", line 902, in dispatch_request
    return self.ensure_sync(self.view_functions[rule.endpoint])(**view_args)  # type: ignore[no-any-return]
           ~~~~~~~~~~~~~~~~~~~~~~~~~~~~~~~~~~~~~~~~~~~~~~~~~~~~^^^^^^^^^^^^^
  File "D:\web_sell\app\routes.py", line 13, in home
    return render_template('index.html')
  File "C:\Users\Administrator\AppData\Local\Programs\Python\Python313\Lib\site-packages\flask\templating.py", line 151, in render_template
    return _render(app, template, context)
  File "C:\Users\Administrator\AppData\Local\Programs\Python\Python313\Lib\site-packages\flask\templating.py", line 132, in _render
    rv = template.render(context)
  File "C:\Users\Administrator\AppData\Local\Programs\Python\Python313\Lib\site-packages\jinja2\environment.py", line 1295, in render
    self.environment.handle_exception()
    ~~~~~~~~~~~~~~~~~~~~~~~~~~~~~~~~~^^
  File "C:\Users\Administrator\AppData\Local\Programs\Python\Python313\Lib\site-packages\jinja2\environment.py", line 942, in handle_exception
    raise rewrite_traceback_stack(source=source)
  File "D:\web_sell\app\templates\index.html", line 1, in top-level template code
    {% extends 'base.html' %}
  File "D:\web_sell\app\templates\base.html", line 96, in top-level template code
    {% block content %}
    ^^^^^^^^^^^^^^^^^
  File "D:\web_sell\app\templates\index.html", line 19, in block 'content'
    {% for product in products.items %}
    ^^^^^^^^^^^^^^^^^^^^^
  File "C:\Users\Administrator\AppData\Local\Programs\Python\Python313\Lib\site-packages\jinja2\environment.py", line 490, in getattr
    return getattr(obj, attribute)
jinja2.exceptions.UndefinedError: 'products' is undefined


--- 2026-06-17 14:24:35,382 ---
127.0.0.1 - - [17/Jun/2026 14:24:35] "[32mGET / HTTP/1.1[0m" 302 -

--- 2026-06-17 14:24:35,394 ---
L\u1ed7i \u1edf \u0111\u01b0\u1eddng d\u1eabn: /
Traceback (most recent call last):
  File "C:\Users\Administrator\AppData\Local\Programs\Python\Python313\Lib\site-packages\flask\app.py", line 917, in full_dispatch_request
    rv = self.dispatch_request()
  File "C:\Users\Administrator\AppData\Local\Programs\Python\Python313\Lib\site-packages\flask\app.py", line 902, in dispatch_request
    return self.ensure_sync(self.view_functions[rule.endpoint])(**view_args)  # type: ignore[no-any-return]
           ~~~~~~~~~~~~~~~~~~~~~~~~~~~~~~~~~~~~~~~~~~~~~~~~~~~~^^^^^^^^^^^^^
  File "D:\web_sell\app\routes.py", line 13, in home
    return render_template('index.html')
  File "C:\Users\Administrator\AppData\Local\Programs\Python\Python313\Lib\site-packages\flask\templating.py", line 151, in render_template
    return _render(app, template, context)
  File "C:\Users\Administrator\AppData\Local\Programs\Python\Python313\Lib\site-packages\flask\templating.py", line 132, in _render
    rv = template.render(context)
  File "C:\Users\Administrator\AppData\Local\Programs\Python\Python313\Lib\site-packages\jinja2\environment.py", line 1295, in render
    self.environment.handle_exception()
    ~~~~~~~~~~~~~~~~~~~~~~~~~~~~~~~~~^^
  File "C:\Users\Administrator\AppData\Local\Programs\Python\Python313\Lib\site-packages\jinja2\environment.py", line 942, in handle_exception
    raise rewrite_traceback_stack(source=source)
  File "D:\web_sell\app\templates\index.html", line 1, in top-level template code
    {% extends 'base.html' %}
  File "D:\web_sell\app\templates\base.html", line 96, in top-level template code
    {% block content %}
    ^^^^^^^^^^^^^^^^^
  File "D:\web_sell\app\templates\index.html", line 19, in block 'content'
    {% for product in products.items %}
    ^^^^^^^^^^^^^^^^^^^^^
  File "C:\Users\Administrator\AppData\Local\Programs\Python\Python313\Lib\site-packages\jinja2\environment.py", line 490, in getattr
    return getattr(obj, attribute)
jinja2.exceptions.UndefinedError: 'products' is undefined


--- 2026-06-17 14:24:35,394 ---
127.0.0.1 - - [17/Jun/2026 14:24:35] "[32mGET / HTTP/1.1[0m" 302 -

--- 2026-06-17 14:24:35,405 ---
L\u1ed7i \u1edf \u0111\u01b0\u1eddng d\u1eabn: /
Traceback (most recent call last):
  File "C:\Users\Administrator\AppData\Local\Programs\Python\Python313\Lib\site-packages\flask\app.py", line 917, in full_dispatch_request
    rv = self.dispatch_request()
  File "C:\Users\Administrator\AppData\Local\Programs\Python\Python313\Lib\site-packages\flask\app.py", line 902, in dispatch_request
    return self.ensure_sync(self.view_functions[rule.endpoint])(**view_args)  # type: ignore[no-any-return]
           ~~~~~~~~~~~~~~~~~~~~~~~~~~~~~~~~~~~~~~~~~~~~~~~~~~~~^^^^^^^^^^^^^
  File "D:\web_sell\app\routes.py", line 13, in home
    return render_template('index.html')
  File "C:\Users\Administrator\AppData\Local\Programs\Python\Python313\Lib\site-packages\flask\templating.py", line 151, in render_template
    return _render(app, template, context)
  File "C:\Users\Administrator\AppData\Local\Programs\Python\Python313\Lib\site-packages\flask\templating.py", line 132, in _render
    rv = template.render(context)
  File "C:\Users\Administrator\AppData\Local\Programs\Python\Python313\Lib\site-packages\jinja2\environment.py", line 1295, in render
    self.environment.handle_exception()
    ~~~~~~~~~~~~~~~~~~~~~~~~~~~~~~~~~^^
  File "C:\Users\Administrator\AppData\Local\Programs\Python\Python313\Lib\site-packages\jinja2\environment.py", line 942, in handle_exception
    raise rewrite_traceback_stack(source=source)
  File "D:\web_sell\app\templates\index.html", line 1, in top-level template code
    {% extends 'base.html' %}
  File "D:\web_sell\app\templates\base.html", line 96, in top-level template code
    {% block content %}
    ^^^^^^^^^^^^^^^^^
  File "D:\web_sell\app\templates\index.html", line 19, in block 'content'
    {% for product in products.items %}
    ^^^^^^^^^^^^^^^^^^^^^
  File "C:\Users\Administrator\AppData\Local\Programs\Python\Python313\Lib\site-packages\jinja2\environment.py", line 490, in getattr
    return getattr(obj, attribute)
jinja2.exceptions.UndefinedError: 'products' is undefined


--- 2026-06-17 14:24:35,406 ---
127.0.0.1 - - [17/Jun/2026 14:24:35] "[32mGET / HTTP/1.1[0m" 302 -

--- 2026-06-17 14:24:35,417 ---
L\u1ed7i \u1edf \u0111\u01b0\u1eddng d\u1eabn: /
Traceback (most recent call last):
  File "C:\Users\Administrator\AppData\Local\Programs\Python\Python313\Lib\site-packages\flask\app.py", line 917, in full_dispatch_request
    rv = self.dispatch_request()
  File "C:\Users\Administrator\AppData\Local\Programs\Python\Python313\Lib\site-packages\flask\app.py", line 902, in dispatch_request
    return self.ensure_sync(self.view_functions[rule.endpoint])(**view_args)  # type: ignore[no-any-return]
           ~~~~~~~~~~~~~~~~~~~~~~~~~~~~~~~~~~~~~~~~~~~~~~~~~~~~^^^^^^^^^^^^^
  File "D:\web_sell\app\routes.py", line 13, in home
    return render_template('index.html')
  File "C:\Users\Administrator\AppData\Local\Programs\Python\Python313\Lib\site-packages\flask\templating.py", line 151, in render_template
    return _render(app, template, context)
  File "C:\Users\Administrator\AppData\Local\Programs\Python\Python313\Lib\site-packages\flask\templating.py", line 132, in _render
    rv = template.render(context)
  File "C:\Users\Administrator\AppData\Local\Programs\Python\Python313\Lib\site-packages\jinja2\environment.py", line 1295, in render
    self.environment.handle_exception()
    ~~~~~~~~~~~~~~~~~~~~~~~~~~~~~~~~~^^
  File "C:\Users\Administrator\AppData\Local\Programs\Python\Python313\Lib\site-packages\jinja2\environment.py", line 942, in handle_exception
    raise rewrite_traceback_stack(source=source)
  File "D:\web_sell\app\templates\index.html", line 1, in top-level template code
    {% extends 'base.html' %}
  File "D:\web_sell\app\templates\base.html", line 96, in top-level template code
    {% block content %}
    ^^^^^^^^^^^^^^^^^
  File "D:\web_sell\app\templates\index.html", line 19, in block 'content'
    {% for product in products.items %}
    ^^^^^^^^^^^^^^^^^^^^^
  File "C:\Users\Administrator\AppData\Local\Programs\Python\Python313\Lib\site-packages\jinja2\environment.py", line 490, in getattr
    return getattr(obj, attribute)
jinja2.exceptions.UndefinedError: 'products' is undefined


--- 2026-06-17 14:24:35,418 ---
127.0.0.1 - - [17/Jun/2026 14:24:35] "[32mGET / HTTP/1.1[0m" 302 -

--- 2026-06-17 14:24:35,429 ---
L\u1ed7i \u1edf \u0111\u01b0\u1eddng d\u1eabn: /
Traceback (most recent call last):
  File "C:\Users\Administrator\AppData\Local\Programs\Python\Python313\Lib\site-packages\flask\app.py", line 917, in full_dispatch_request
    rv = self.dispatch_request()
  File "C:\Users\Administrator\AppData\Local\Programs\Python\Python313\Lib\site-packages\flask\app.py", line 902, in dispatch_request
    return self.ensure_sync(self.view_functions[rule.endpoint])(**view_args)  # type: ignore[no-any-return]
           ~~~~~~~~~~~~~~~~~~~~~~~~~~~~~~~~~~~~~~~~~~~~~~~~~~~~^^^^^^^^^^^^^
  File "D:\web_sell\app\routes.py", line 13, in home
    return render_template('index.html')
  File "C:\Users\Administrator\AppData\Local\Programs\Python\Python313\Lib\site-packages\flask\templating.py", line 151, in render_template
    return _render(app, template, context)
  File "C:\Users\Administrator\AppData\Local\Programs\Python\Python313\Lib\site-packages\flask\templating.py", line 132, in _render
    rv = template.render(context)
  File "C:\Users\Administrator\AppData\Local\Programs\Python\Python313\Lib\site-packages\jinja2\environment.py", line 1295, in render
    self.environment.handle_exception()
    ~~~~~~~~~~~~~~~~~~~~~~~~~~~~~~~~~^^
  File "C:\Users\Administrator\AppData\Local\Programs\Python\Python313\Lib\site-packages\jinja2\environment.py", line 942, in handle_exception
    raise rewrite_traceback_stack(source=source)
  File "D:\web_sell\app\templates\index.html", line 1, in top-level template code
    {% extends 'base.html' %}
  File "D:\web_sell\app\templates\base.html", line 96, in top-level template code
    {% block content %}
    ^^^^^^^^^^^^^^^^^
  File "D:\web_sell\app\templates\index.html", line 19, in block 'content'
    {% for product in products.items %}
    ^^^^^^^^^^^^^^^^^^^^^
  File "C:\Users\Administrator\AppData\Local\Programs\Python\Python313\Lib\site-packages\jinja2\environment.py", line 490, in getattr
    return getattr(obj, attribute)
jinja2.exceptions.UndefinedError: 'products' is undefined


--- 2026-06-17 14:24:35,430 ---
127.0.0.1 - - [17/Jun/2026 14:24:35] "[32mGET / HTTP/1.1[0m" 302 -

--- 2026-06-17 14:24:35,441 ---
L\u1ed7i \u1edf \u0111\u01b0\u1eddng d\u1eabn: /
Traceback (most recent call last):
  File "C:\Users\Administrator\AppData\Local\Programs\Python\Python313\Lib\site-packages\flask\app.py", line 917, in full_dispatch_request
    rv = self.dispatch_request()
  File "C:\Users\Administrator\AppData\Local\Programs\Python\Python313\Lib\site-packages\flask\app.py", line 902, in dispatch_request
    return self.ensure_sync(self.view_functions[rule.endpoint])(**view_args)  # type: ignore[no-any-return]
           ~~~~~~~~~~~~~~~~~~~~~~~~~~~~~~~~~~~~~~~~~~~~~~~~~~~~^^^^^^^^^^^^^
  File "D:\web_sell\app\routes.py", line 13, in home
    return render_template('index.html')
  File "C:\Users\Administrator\AppData\Local\Programs\Python\Python313\Lib\site-packages\flask\templating.py", line 151, in render_template
    return _render(app, template, context)
  File "C:\Users\Administrator\AppData\Local\Programs\Python\Python313\Lib\site-packages\flask\templating.py", line 132, in _render
    rv = template.render(context)
  File "C:\Users\Administrator\AppData\Local\Programs\Python\Python313\Lib\site-packages\jinja2\environment.py", line 1295, in render
    self.environment.handle_exception()
    ~~~~~~~~~~~~~~~~~~~~~~~~~~~~~~~~~^^
  File "C:\Users\Administrator\AppData\Local\Programs\Python\Python313\Lib\site-packages\jinja2\environment.py", line 942, in handle_exception
    raise rewrite_traceback_stack(source=source)
  File "D:\web_sell\app\templates\index.html", line 1, in top-level template code
    {% extends 'base.html' %}
  File "D:\web_sell\app\templates\base.html", line 96, in top-level template code
    {% block content %}
    ^^^^^^^^^^^^^^^^^
  File "D:\web_sell\app\templates\index.html", line 19, in block 'content'
    {% for product in products.items %}
    ^^^^^^^^^^^^^^^^^^^^^
  File "C:\Users\Administrator\AppData\Local\Programs\Python\Python313\Lib\site-packages\jinja2\environment.py", line 490, in getattr
    return getattr(obj, attribute)
jinja2.exceptions.UndefinedError: 'products' is undefined


--- 2026-06-17 14:24:35,441 ---
127.0.0.1 - - [17/Jun/2026 14:24:35] "[32mGET / HTTP/1.1[0m" 302 -

--- 2026-06-17 14:24:35,453 ---
L\u1ed7i \u1edf \u0111\u01b0\u1eddng d\u1eabn: /
Traceback (most recent call last):
  File "C:\Users\Administrator\AppData\Local\Programs\Python\Python313\Lib\site-packages\flask\app.py", line 917, in full_dispatch_request
    rv = self.dispatch_request()
  File "C:\Users\Administrator\AppData\Local\Programs\Python\Python313\Lib\site-packages\flask\app.py", line 902, in dispatch_request
    return self.ensure_sync(self.view_functions[rule.endpoint])(**view_args)  # type: ignore[no-any-return]
           ~~~~~~~~~~~~~~~~~~~~~~~~~~~~~~~~~~~~~~~~~~~~~~~~~~~~^^^^^^^^^^^^^
  File "D:\web_sell\app\routes.py", line 13, in home
    return render_template('index.html')
  File "C:\Users\Administrator\AppData\Local\Programs\Python\Python313\Lib\site-packages\flask\templating.py", line 151, in render_template
    return _render(app, template, context)
  File "C:\Users\Administrator\AppData\Local\Programs\Python\Python313\Lib\site-packages\flask\templating.py", line 132, in _render
    rv = template.render(context)
  File "C:\Users\Administrator\AppData\Local\Programs\Python\Python313\Lib\site-packages\jinja2\environment.py", line 1295, in render
    self.environment.handle_exception()
    ~~~~~~~~~~~~~~~~~~~~~~~~~~~~~~~~~^^
  File "C:\Users\Administrator\AppData\Local\Programs\Python\Python313\Lib\site-packages\jinja2\environment.py", line 942, in handle_exception
    raise rewrite_traceback_stack(source=source)
  File "D:\web_sell\app\templates\index.html", line 1, in top-level template code
    {% extends 'base.html' %}
  File "D:\web_sell\app\templates\base.html", line 96, in top-level template code
    {% block content %}
    ^^^^^^^^^^^^^^^^^
  File "D:\web_sell\app\templates\index.html", line 19, in block 'content'
    {% for product in products.items %}
    ^^^^^^^^^^^^^^^^^^^^^
  File "C:\Users\Administrator\AppData\Local\Programs\Python\Python313\Lib\site-packages\jinja2\environment.py", line 490, in getattr
    return getattr(obj, attribute)
jinja2.exceptions.UndefinedError: 'products' is undefined


--- 2026-06-17 14:24:35,453 ---
127.0.0.1 - - [17/Jun/2026 14:24:35] "[32mGET / HTTP/1.1[0m" 302 -

--- 2026-06-17 14:24:35,463 ---
L\u1ed7i \u1edf \u0111\u01b0\u1eddng d\u1eabn: /
Traceback (most recent call last):
  File "C:\Users\Administrator\AppData\Local\Programs\Python\Python313\Lib\site-packages\flask\app.py", line 917, in full_dispatch_request
    rv = self.dispatch_request()
  File "C:\Users\Administrator\AppData\Local\Programs\Python\Python313\Lib\site-packages\flask\app.py", line 902, in dispatch_request
    return self.ensure_sync(self.view_functions[rule.endpoint])(**view_args)  # type: ignore[no-any-return]
           ~~~~~~~~~~~~~~~~~~~~~~~~~~~~~~~~~~~~~~~~~~~~~~~~~~~~^^^^^^^^^^^^^
  File "D:\web_sell\app\routes.py", line 13, in home
    return render_template('index.html')
  File "C:\Users\Administrator\AppData\Local\Programs\Python\Python313\Lib\site-packages\flask\templating.py", line 151, in render_template
    return _render(app, template, context)
  File "C:\Users\Administrator\AppData\Local\Programs\Python\Python313\Lib\site-packages\flask\templating.py", line 132, in _render
    rv = template.render(context)
  File "C:\Users\Administrator\AppData\Local\Programs\Python\Python313\Lib\site-packages\jinja2\environment.py", line 1295, in render
    self.environment.handle_exception()
    ~~~~~~~~~~~~~~~~~~~~~~~~~~~~~~~~~^^
  File "C:\Users\Administrator\AppData\Local\Programs\Python\Python313\Lib\site-packages\jinja2\environment.py", line 942, in handle_exception
    raise rewrite_traceback_stack(source=source)
  File "D:\web_sell\app\templates\index.html", line 1, in top-level template code
    {% extends 'base.html' %}
  File "D:\web_sell\app\templates\base.html", line 96, in top-level template code
    {% block content %}
    ^^^^^^^^^^^^^^^^^
  File "D:\web_sell\app\templates\index.html", line 19, in block 'content'
    {% for product in products.items %}
    ^^^^^^^^^^^^^^^^^^^^^
  File "C:\Users\Administrator\AppData\Local\Programs\Python\Python313\Lib\site-packages\jinja2\environment.py", line 490, in getattr
    return getattr(obj, attribute)
jinja2.exceptions.UndefinedError: 'products' is undefined


--- 2026-06-17 14:24:35,464 ---
127.0.0.1 - - [17/Jun/2026 14:24:35] "[32mGET / HTTP/1.1[0m" 302 -

--- 2026-06-17 14:24:35,475 ---
L\u1ed7i \u1edf \u0111\u01b0\u1eddng d\u1eabn: /
Traceback (most recent call last):
  File "C:\Users\Administrator\AppData\Local\Programs\Python\Python313\Lib\site-packages\flask\app.py", line 917, in full_dispatch_request
    rv = self.dispatch_request()
  File "C:\Users\Administrator\AppData\Local\Programs\Python\Python313\Lib\site-packages\flask\app.py", line 902, in dispatch_request
    return self.ensure_sync(self.view_functions[rule.endpoint])(**view_args)  # type: ignore[no-any-return]
           ~~~~~~~~~~~~~~~~~~~~~~~~~~~~~~~~~~~~~~~~~~~~~~~~~~~~^^^^^^^^^^^^^
  File "D:\web_sell\app\routes.py", line 13, in home
    return render_template('index.html')
  File "C:\Users\Administrator\AppData\Local\Programs\Python\Python313\Lib\site-packages\flask\templating.py", line 151, in render_template
    return _render(app, template, context)
  File "C:\Users\Administrator\AppData\Local\Programs\Python\Python313\Lib\site-packages\flask\templating.py", line 132, in _render
    rv = template.render(context)
  File "C:\Users\Administrator\AppData\Local\Programs\Python\Python313\Lib\site-packages\jinja2\environment.py", line 1295, in render
    self.environment.handle_exception()
    ~~~~~~~~~~~~~~~~~~~~~~~~~~~~~~~~~^^
  File "C:\Users\Administrator\AppData\Local\Programs\Python\Python313\Lib\site-packages\jinja2\environment.py", line 942, in handle_exception
    raise rewrite_traceback_stack(source=source)
  File "D:\web_sell\app\templates\index.html", line 1, in top-level template code
    {% extends 'base.html' %}
  File "D:\web_sell\app\templates\base.html", line 96, in top-level template code
    {% block content %}
    ^^^^^^^^^^^^^^^^^
  File "D:\web_sell\app\templates\index.html", line 19, in block 'content'
    {% for product in products.items %}
    ^^^^^^^^^^^^^^^^^^^^^
  File "C:\Users\Administrator\AppData\Local\Programs\Python\Python313\Lib\site-packages\jinja2\environment.py", line 490, in getattr
    return getattr(obj, attribute)
jinja2.exceptions.UndefinedError: 'products' is undefined


--- 2026-06-17 14:24:35,475 ---
127.0.0.1 - - [17/Jun/2026 14:24:35] "[32mGET / HTTP/1.1[0m" 302 -

--- 2026-06-17 14:24:35,486 ---
L\u1ed7i \u1edf \u0111\u01b0\u1eddng d\u1eabn: /
Traceback (most recent call last):
  File "C:\Users\Administrator\AppData\Local\Programs\Python\Python313\Lib\site-packages\flask\app.py", line 917, in full_dispatch_request
    rv = self.dispatch_request()
  File "C:\Users\Administrator\AppData\Local\Programs\Python\Python313\Lib\site-packages\flask\app.py", line 902, in dispatch_request
    return self.ensure_sync(self.view_functions[rule.endpoint])(**view_args)  # type: ignore[no-any-return]
           ~~~~~~~~~~~~~~~~~~~~~~~~~~~~~~~~~~~~~~~~~~~~~~~~~~~~^^^^^^^^^^^^^
  File "D:\web_sell\app\routes.py", line 13, in home
    return render_template('index.html')
  File "C:\Users\Administrator\AppData\Local\Programs\Python\Python313\Lib\site-packages\flask\templating.py", line 151, in render_template
    return _render(app, template, context)
  File "C:\Users\Administrator\AppData\Local\Programs\Python\Python313\Lib\site-packages\flask\templating.py", line 132, in _render
    rv = template.render(context)
  File "C:\Users\Administrator\AppData\Local\Programs\Python\Python313\Lib\site-packages\jinja2\environment.py", line 1295, in render
    self.environment.handle_exception()
    ~~~~~~~~~~~~~~~~~~~~~~~~~~~~~~~~~^^
  File "C:\Users\Administrator\AppData\Local\Programs\Python\Python313\Lib\site-packages\jinja2\environment.py", line 942, in handle_exception
    raise rewrite_traceback_stack(source=source)
  File "D:\web_sell\app\templates\index.html", line 1, in top-level template code
    {% extends 'base.html' %}
  File "D:\web_sell\app\templates\base.html", line 96, in top-level template code
    {% block content %}
    ^^^^^^^^^^^^^^^^^
  File "D:\web_sell\app\templates\index.html", line 19, in block 'content'
    {% for product in products.items %}
    ^^^^^^^^^^^^^^^^^^^^^
  File "C:\Users\Administrator\AppData\Local\Programs\Python\Python313\Lib\site-packages\jinja2\environment.py", line 490, in getattr
    return getattr(obj, attribute)
jinja2.exceptions.UndefinedError: 'products' is undefined


--- 2026-06-17 14:24:35,486 ---
127.0.0.1 - - [17/Jun/2026 14:24:35] "[32mGET / HTTP/1.1[0m" 302 -

--- 2026-06-17 14:24:35,496 ---
L\u1ed7i \u1edf \u0111\u01b0\u1eddng d\u1eabn: /
Traceback (most recent call last):
  File "C:\Users\Administrator\AppData\Local\Programs\Python\Python313\Lib\site-packages\flask\app.py", line 917, in full_dispatch_request
    rv = self.dispatch_request()
  File "C:\Users\Administrator\AppData\Local\Programs\Python\Python313\Lib\site-packages\flask\app.py", line 902, in dispatch_request
    return self.ensure_sync(self.view_functions[rule.endpoint])(**view_args)  # type: ignore[no-any-return]
           ~~~~~~~~~~~~~~~~~~~~~~~~~~~~~~~~~~~~~~~~~~~~~~~~~~~~^^^^^^^^^^^^^
  File "D:\web_sell\app\routes.py", line 13, in home
    return render_template('index.html')
  File "C:\Users\Administrator\AppData\Local\Programs\Python\Python313\Lib\site-packages\flask\templating.py", line 151, in render_template
    return _render(app, template, context)
  File "C:\Users\Administrator\AppData\Local\Programs\Python\Python313\Lib\site-packages\flask\templating.py", line 132, in _render
    rv = template.render(context)
  File "C:\Users\Administrator\AppData\Local\Programs\Python\Python313\Lib\site-packages\jinja2\environment.py", line 1295, in render
    self.environment.handle_exception()
    ~~~~~~~~~~~~~~~~~~~~~~~~~~~~~~~~~^^
  File "C:\Users\Administrator\AppData\Local\Programs\Python\Python313\Lib\site-packages\jinja2\environment.py", line 942, in handle_exception
    raise rewrite_traceback_stack(source=source)
  File "D:\web_sell\app\templates\index.html", line 1, in top-level template code
    {% extends 'base.html' %}
  File "D:\web_sell\app\templates\base.html", line 96, in top-level template code
    {% block content %}
    ^^^^^^^^^^^^^^^^^
  File "D:\web_sell\app\templates\index.html", line 19, in block 'content'
    {% for product in products.items %}
    ^^^^^^^^^^^^^^^^^^^^^
  File "C:\Users\Administrator\AppData\Local\Programs\Python\Python313\Lib\site-packages\jinja2\environment.py", line 490, in getattr
    return getattr(obj, attribute)
jinja2.exceptions.UndefinedError: 'products' is undefined


--- 2026-06-17 14:24:35,497 ---
127.0.0.1 - - [17/Jun/2026 14:24:35] "[32mGET / HTTP/1.1[0m" 302 -

--- 2026-06-17 14:24:35,507 ---
L\u1ed7i \u1edf \u0111\u01b0\u1eddng d\u1eabn: /
Traceback (most recent call last):
  File "C:\Users\Administrator\AppData\Local\Programs\Python\Python313\Lib\site-packages\flask\app.py", line 917, in full_dispatch_request
    rv = self.dispatch_request()
  File "C:\Users\Administrator\AppData\Local\Programs\Python\Python313\Lib\site-packages\flask\app.py", line 902, in dispatch_request
    return self.ensure_sync(self.view_functions[rule.endpoint])(**view_args)  # type: ignore[no-any-return]
           ~~~~~~~~~~~~~~~~~~~~~~~~~~~~~~~~~~~~~~~~~~~~~~~~~~~~^^^^^^^^^^^^^
  File "D:\web_sell\app\routes.py", line 13, in home
    return render_template('index.html')
  File "C:\Users\Administrator\AppData\Local\Programs\Python\Python313\Lib\site-packages\flask\templating.py", line 151, in render_template
    return _render(app, template, context)
  File "C:\Users\Administrator\AppData\Local\Programs\Python\Python313\Lib\site-packages\flask\templating.py", line 132, in _render
    rv = template.render(context)
  File "C:\Users\Administrator\AppData\Local\Programs\Python\Python313\Lib\site-packages\jinja2\environment.py", line 1295, in render
    self.environment.handle_exception()
    ~~~~~~~~~~~~~~~~~~~~~~~~~~~~~~~~~^^
  File "C:\Users\Administrator\AppData\Local\Programs\Python\Python313\Lib\site-packages\jinja2\environment.py", line 942, in handle_exception
    raise rewrite_traceback_stack(source=source)
  File "D:\web_sell\app\templates\index.html", line 1, in top-level template code
    {% extends 'base.html' %}
  File "D:\web_sell\app\templates\base.html", line 96, in top-level template code
    {% block content %}
    ^^^^^^^^^^^^^^^^^
  File "D:\web_sell\app\templates\index.html", line 19, in block 'content'
    {% for product in products.items %}
    ^^^^^^^^^^^^^^^^^^^^^
  File "C:\Users\Administrator\AppData\Local\Programs\Python\Python313\Lib\site-packages\jinja2\environment.py", line 490, in getattr
    return getattr(obj, attribute)
jinja2.exceptions.UndefinedError: 'products' is undefined


--- 2026-06-17 14:24:35,508 ---
127.0.0.1 - - [17/Jun/2026 14:24:35] "[32mGET / HTTP/1.1[0m" 302 -

--- 2026-06-17 14:24:35,519 ---
L\u1ed7i \u1edf \u0111\u01b0\u1eddng d\u1eabn: /
Traceback (most recent call last):
  File "C:\Users\Administrator\AppData\Local\Programs\Python\Python313\Lib\site-packages\flask\app.py", line 917, in full_dispatch_request
    rv = self.dispatch_request()
  File "C:\Users\Administrator\AppData\Local\Programs\Python\Python313\Lib\site-packages\flask\app.py", line 902, in dispatch_request
    return self.ensure_sync(self.view_functions[rule.endpoint])(**view_args)  # type: ignore[no-any-return]
           ~~~~~~~~~~~~~~~~~~~~~~~~~~~~~~~~~~~~~~~~~~~~~~~~~~~~^^^^^^^^^^^^^
  File "D:\web_sell\app\routes.py", line 13, in home
    return render_template('index.html')
  File "C:\Users\Administrator\AppData\Local\Programs\Python\Python313\Lib\site-packages\flask\templating.py", line 151, in render_template
    return _render(app, template, context)
  File "C:\Users\Administrator\AppData\Local\Programs\Python\Python313\Lib\site-packages\flask\templating.py", line 132, in _render
    rv = template.render(context)
  File "C:\Users\Administrator\AppData\Local\Programs\Python\Python313\Lib\site-packages\jinja2\environment.py", line 1295, in render
    self.environment.handle_exception()
    ~~~~~~~~~~~~~~~~~~~~~~~~~~~~~~~~~^^
  File "C:\Users\Administrator\AppData\Local\Programs\Python\Python313\Lib\site-packages\jinja2\environment.py", line 942, in handle_exception
    raise rewrite_traceback_stack(source=source)
  File "D:\web_sell\app\templates\index.html", line 1, in top-level template code
    {% extends 'base.html' %}
  File "D:\web_sell\app\templates\base.html", line 96, in top-level template code
    {% block content %}
    ^^^^^^^^^^^^^^^^^
  File "D:\web_sell\app\templates\index.html", line 19, in block 'content'
    {% for product in products.items %}
    ^^^^^^^^^^^^^^^^^^^^^
  File "C:\Users\Administrator\AppData\Local\Programs\Python\Python313\Lib\site-packages\jinja2\environment.py", line 490, in getattr
    return getattr(obj, attribute)
jinja2.exceptions.UndefinedError: 'products' is undefined


--- 2026-06-17 14:24:35,520 ---
127.0.0.1 - - [17/Jun/2026 14:24:35] "[32mGET / HTTP/1.1[0m" 302 -

--- 2026-06-17 14:24:41,249 ---
L\u1ed7i \u1edf \u0111\u01b0\u1eddng d\u1eabn: /
Traceback (most recent call last):
  File "C:\Users\Administrator\AppData\Local\Programs\Python\Python313\Lib\site-packages\flask\app.py", line 917, in full_dispatch_request
    rv = self.dispatch_request()
  File "C:\Users\Administrator\AppData\Local\Programs\Python\Python313\Lib\site-packages\flask\app.py", line 902, in dispatch_request
    return self.ensure_sync(self.view_functions[rule.endpoint])(**view_args)  # type: ignore[no-any-return]
           ~~~~~~~~~~~~~~~~~~~~~~~~~~~~~~~~~~~~~~~~~~~~~~~~~~~~^^^^^^^^^^^^^
  File "D:\web_sell\app\routes.py", line 13, in home
    return render_template('index.html')
  File "C:\Users\Administrator\AppData\Local\Programs\Python\Python313\Lib\site-packages\flask\templating.py", line 151, in render_template
    return _render(app, template, context)
  File "C:\Users\Administrator\AppData\Local\Programs\Python\Python313\Lib\site-packages\flask\templating.py", line 132, in _render
    rv = template.render(context)
  File "C:\Users\Administrator\AppData\Local\Programs\Python\Python313\Lib\site-packages\jinja2\environment.py", line 1295, in render
    self.environment.handle_exception()
    ~~~~~~~~~~~~~~~~~~~~~~~~~~~~~~~~~^^
  File "C:\Users\Administrator\AppData\Local\Programs\Python\Python313\Lib\site-packages\jinja2\environment.py", line 942, in handle_exception
    raise rewrite_traceback_stack(source=source)
  File "D:\web_sell\app\templates\index.html", line 1, in top-level template code
    {% extends 'base.html' %}
  File "D:\web_sell\app\templates\base.html", line 96, in top-level template code
    {% block content %}
    ^^^^^^^^^^^^^^^^^
  File "D:\web_sell\app\templates\index.html", line 19, in block 'content'
    {% for product in products.items %}
    ^^^^^^^^^^^^^^^^^^^^^
  File "C:\Users\Administrator\AppData\Local\Programs\Python\Python313\Lib\site-packages\jinja2\environment.py", line 490, in getattr
    return getattr(obj, attribute)
jinja2.exceptions.UndefinedError: 'products' is undefined


--- 2026-06-17 14:24:41,250 ---
127.0.0.1 - - [17/Jun/2026 14:24:41] "[32mGET / HTTP/1.1[0m" 302 -

--- 2026-06-17 14:24:41,264 ---
L\u1ed7i \u1edf \u0111\u01b0\u1eddng d\u1eabn: /
Traceback (most recent call last):
  File "C:\Users\Administrator\AppData\Local\Programs\Python\Python313\Lib\site-packages\flask\app.py", line 917, in full_dispatch_request
    rv = self.dispatch_request()
  File "C:\Users\Administrator\AppData\Local\Programs\Python\Python313\Lib\site-packages\flask\app.py", line 902, in dispatch_request
    return self.ensure_sync(self.view_functions[rule.endpoint])(**view_args)  # type: ignore[no-any-return]
           ~~~~~~~~~~~~~~~~~~~~~~~~~~~~~~~~~~~~~~~~~~~~~~~~~~~~^^^^^^^^^^^^^
  File "D:\web_sell\app\routes.py", line 13, in home
    return render_template('index.html')
  File "C:\Users\Administrator\AppData\Local\Programs\Python\Python313\Lib\site-packages\flask\templating.py", line 151, in render_template
    return _render(app, template, context)
  File "C:\Users\Administrator\AppData\Local\Programs\Python\Python313\Lib\site-packages\flask\templating.py", line 132, in _render
    rv = template.render(context)
  File "C:\Users\Administrator\AppData\Local\Programs\Python\Python313\Lib\site-packages\jinja2\environment.py", line 1295, in render
    self.environment.handle_exception()
    ~~~~~~~~~~~~~~~~~~~~~~~~~~~~~~~~~^^
  File "C:\Users\Administrator\AppData\Local\Programs\Python\Python313\Lib\site-packages\jinja2\environment.py", line 942, in handle_exception
    raise rewrite_traceback_stack(source=source)
  File "D:\web_sell\app\templates\index.html", line 1, in top-level template code
    {% extends 'base.html' %}
  File "D:\web_sell\app\templates\base.html", line 96, in top-level template code
    {% block content %}
    ^^^^^^^^^^^^^^^^^
  File "D:\web_sell\app\templates\index.html", line 19, in block 'content'
    {% for product in products.items %}
    ^^^^^^^^^^^^^^^^^^^^^
  File "C:\Users\Administrator\AppData\Local\Programs\Python\Python313\Lib\site-packages\jinja2\environment.py", line 490, in getattr
    return getattr(obj, attribute)
jinja2.exceptions.UndefinedError: 'products' is undefined


--- 2026-06-17 14:24:41,265 ---
127.0.0.1 - - [17/Jun/2026 14:24:41] "[32mGET / HTTP/1.1[0m" 302 -

--- 2026-06-17 14:24:41,277 ---
L\u1ed7i \u1edf \u0111\u01b0\u1eddng d\u1eabn: /
Traceback (most recent call last):
  File "C:\Users\Administrator\AppData\Local\Programs\Python\Python313\Lib\site-packages\flask\app.py", line 917, in full_dispatch_request
    rv = self.dispatch_request()
  File "C:\Users\Administrator\AppData\Local\Programs\Python\Python313\Lib\site-packages\flask\app.py", line 902, in dispatch_request
    return self.ensure_sync(self.view_functions[rule.endpoint])(**view_args)  # type: ignore[no-any-return]
           ~~~~~~~~~~~~~~~~~~~~~~~~~~~~~~~~~~~~~~~~~~~~~~~~~~~~^^^^^^^^^^^^^
  File "D:\web_sell\app\routes.py", line 13, in home
    return render_template('index.html')
  File "C:\Users\Administrator\AppData\Local\Programs\Python\Python313\Lib\site-packages\flask\templating.py", line 151, in render_template
    return _render(app, template, context)
  File "C:\Users\Administrator\AppData\Local\Programs\Python\Python313\Lib\site-packages\flask\templating.py", line 132, in _render
    rv = template.render(context)
  File "C:\Users\Administrator\AppData\Local\Programs\Python\Python313\Lib\site-packages\jinja2\environment.py", line 1295, in render
    self.environment.handle_exception()
    ~~~~~~~~~~~~~~~~~~~~~~~~~~~~~~~~~^^
  File "C:\Users\Administrator\AppData\Local\Programs\Python\Python313\Lib\site-packages\jinja2\environment.py", line 942, in handle_exception
    raise rewrite_traceback_stack(source=source)
  File "D:\web_sell\app\templates\index.html", line 1, in top-level template code
    {% extends 'base.html' %}
  File "D:\web_sell\app\templates\base.html", line 96, in top-level template code
    {% block content %}
    ^^^^^^^^^^^^^^^^^
  File "D:\web_sell\app\templates\index.html", line 19, in block 'content'
    {% for product in products.items %}
    ^^^^^^^^^^^^^^^^^^^^^
  File "C:\Users\Administrator\AppData\Local\Programs\Python\Python313\Lib\site-packages\jinja2\environment.py", line 490, in getattr
    return getattr(obj, attribute)
jinja2.exceptions.UndefinedError: 'products' is undefined


--- 2026-06-17 14:24:41,277 ---
127.0.0.1 - - [17/Jun/2026 14:24:41] "[32mGET / HTTP/1.1[0m" 302 -

--- 2026-06-17 14:24:41,289 ---
L\u1ed7i \u1edf \u0111\u01b0\u1eddng d\u1eabn: /
Traceback (most recent call last):
  File "C:\Users\Administrator\AppData\Local\Programs\Python\Python313\Lib\site-packages\flask\app.py", line 917, in full_dispatch_request
    rv = self.dispatch_request()
  File "C:\Users\Administrator\AppData\Local\Programs\Python\Python313\Lib\site-packages\flask\app.py", line 902, in dispatch_request
    return self.ensure_sync(self.view_functions[rule.endpoint])(**view_args)  # type: ignore[no-any-return]
           ~~~~~~~~~~~~~~~~~~~~~~~~~~~~~~~~~~~~~~~~~~~~~~~~~~~~^^^^^^^^^^^^^
  File "D:\web_sell\app\routes.py", line 13, in home
    return render_template('index.html')
  File "C:\Users\Administrator\AppData\Local\Programs\Python\Python313\Lib\site-packages\flask\templating.py", line 151, in render_template
    return _render(app, template, context)
  File "C:\Users\Administrator\AppData\Local\Programs\Python\Python313\Lib\site-packages\flask\templating.py", line 132, in _render
    rv = template.render(context)
  File "C:\Users\Administrator\AppData\Local\Programs\Python\Python313\Lib\site-packages\jinja2\environment.py", line 1295, in render
    self.environment.handle_exception()
    ~~~~~~~~~~~~~~~~~~~~~~~~~~~~~~~~~^^
  File "C:\Users\Administrator\AppData\Local\Programs\Python\Python313\Lib\site-packages\jinja2\environment.py", line 942, in handle_exception
    raise rewrite_traceback_stack(source=source)
  File "D:\web_sell\app\templates\index.html", line 1, in top-level template code
    {% extends 'base.html' %}
  File "D:\web_sell\app\templates\base.html", line 96, in top-level template code
    {% block content %}
    ^^^^^^^^^^^^^^^^^
  File "D:\web_sell\app\templates\index.html", line 19, in block 'content'
    {% for product in products.items %}
    ^^^^^^^^^^^^^^^^^^^^^
  File "C:\Users\Administrator\AppData\Local\Programs\Python\Python313\Lib\site-packages\jinja2\environment.py", line 490, in getattr
    return getattr(obj, attribute)
jinja2.exceptions.UndefinedError: 'products' is undefined


--- 2026-06-17 14:24:41,290 ---
127.0.0.1 - - [17/Jun/2026 14:24:41] "[32mGET / HTTP/1.1[0m" 302 -

--- 2026-06-17 14:24:41,302 ---
L\u1ed7i \u1edf \u0111\u01b0\u1eddng d\u1eabn: /
Traceback (most recent call last):
  File "C:\Users\Administrator\AppData\Local\Programs\Python\Python313\Lib\site-packages\flask\app.py", line 917, in full_dispatch_request
    rv = self.dispatch_request()
  File "C:\Users\Administrator\AppData\Local\Programs\Python\Python313\Lib\site-packages\flask\app.py", line 902, in dispatch_request
    return self.ensure_sync(self.view_functions[rule.endpoint])(**view_args)  # type: ignore[no-any-return]
           ~~~~~~~~~~~~~~~~~~~~~~~~~~~~~~~~~~~~~~~~~~~~~~~~~~~~^^^^^^^^^^^^^
  File "D:\web_sell\app\routes.py", line 13, in home
    return render_template('index.html')
  File "C:\Users\Administrator\AppData\Local\Programs\Python\Python313\Lib\site-packages\flask\templating.py", line 151, in render_template
    return _render(app, template, context)
  File "C:\Users\Administrator\AppData\Local\Programs\Python\Python313\Lib\site-packages\flask\templating.py", line 132, in _render
    rv = template.render(context)
  File "C:\Users\Administrator\AppData\Local\Programs\Python\Python313\Lib\site-packages\jinja2\environment.py", line 1295, in render
    self.environment.handle_exception()
    ~~~~~~~~~~~~~~~~~~~~~~~~~~~~~~~~~^^
  File "C:\Users\Administrator\AppData\Local\Programs\Python\Python313\Lib\site-packages\jinja2\environment.py", line 942, in handle_exception
    raise rewrite_traceback_stack(source=source)
  File "D:\web_sell\app\templates\index.html", line 1, in top-level template code
    {% extends 'base.html' %}
  File "D:\web_sell\app\templates\base.html", line 96, in top-level template code
    {% block content %}
    ^^^^^^^^^^^^^^^^^
  File "D:\web_sell\app\templates\index.html", line 19, in block 'content'
    {% for product in products.items %}
    ^^^^^^^^^^^^^^^^^^^^^
  File "C:\Users\Administrator\AppData\Local\Programs\Python\Python313\Lib\site-packages\jinja2\environment.py", line 490, in getattr
    return getattr(obj, attribute)
jinja2.exceptions.UndefinedError: 'products' is undefined


--- 2026-06-17 14:24:41,303 ---
127.0.0.1 - - [17/Jun/2026 14:24:41] "[32mGET / HTTP/1.1[0m" 302 -

--- 2026-06-17 14:24:41,314 ---
L\u1ed7i \u1edf \u0111\u01b0\u1eddng d\u1eabn: /
Traceback (most recent call last):
  File "C:\Users\Administrator\AppData\Local\Programs\Python\Python313\Lib\site-packages\flask\app.py", line 917, in full_dispatch_request
    rv = self.dispatch_request()
  File "C:\Users\Administrator\AppData\Local\Programs\Python\Python313\Lib\site-packages\flask\app.py", line 902, in dispatch_request
    return self.ensure_sync(self.view_functions[rule.endpoint])(**view_args)  # type: ignore[no-any-return]
           ~~~~~~~~~~~~~~~~~~~~~~~~~~~~~~~~~~~~~~~~~~~~~~~~~~~~^^^^^^^^^^^^^
  File "D:\web_sell\app\routes.py", line 13, in home
    return render_template('index.html')
  File "C:\Users\Administrator\AppData\Local\Programs\Python\Python313\Lib\site-packages\flask\templating.py", line 151, in render_template
    return _render(app, template, context)
  File "C:\Users\Administrator\AppData\Local\Programs\Python\Python313\Lib\site-packages\flask\templating.py", line 132, in _render
    rv = template.render(context)
  File "C:\Users\Administrator\AppData\Local\Programs\Python\Python313\Lib\site-packages\jinja2\environment.py", line 1295, in render
    self.environment.handle_exception()
    ~~~~~~~~~~~~~~~~~~~~~~~~~~~~~~~~~^^
  File "C:\Users\Administrator\AppData\Local\Programs\Python\Python313\Lib\site-packages\jinja2\environment.py", line 942, in handle_exception
    raise rewrite_traceback_stack(source=source)
  File "D:\web_sell\app\templates\index.html", line 1, in top-level template code
    {% extends 'base.html' %}
  File "D:\web_sell\app\templates\base.html", line 96, in top-level template code
    {% block content %}
    ^^^^^^^^^^^^^^^^^
  File "D:\web_sell\app\templates\index.html", line 19, in block 'content'
    {% for product in products.items %}
    ^^^^^^^^^^^^^^^^^^^^^
  File "C:\Users\Administrator\AppData\Local\Programs\Python\Python313\Lib\site-packages\jinja2\environment.py", line 490, in getattr
    return getattr(obj, attribute)
jinja2.exceptions.UndefinedError: 'products' is undefined


--- 2026-06-17 14:24:41,314 ---
127.0.0.1 - - [17/Jun/2026 14:24:41] "[32mGET / HTTP/1.1[0m" 302 -

--- 2026-06-17 14:24:41,328 ---
L\u1ed7i \u1edf \u0111\u01b0\u1eddng d\u1eabn: /
Traceback (most recent call last):
  File "C:\Users\Administrator\AppData\Local\Programs\Python\Python313\Lib\site-packages\flask\app.py", line 917, in full_dispatch_request
    rv = self.dispatch_request()
  File "C:\Users\Administrator\AppData\Local\Programs\Python\Python313\Lib\site-packages\flask\app.py", line 902, in dispatch_request
    return self.ensure_sync(self.view_functions[rule.endpoint])(**view_args)  # type: ignore[no-any-return]
           ~~~~~~~~~~~~~~~~~~~~~~~~~~~~~~~~~~~~~~~~~~~~~~~~~~~~^^^^^^^^^^^^^
  File "D:\web_sell\app\routes.py", line 13, in home
    return render_template('index.html')
  File "C:\Users\Administrator\AppData\Local\Programs\Python\Python313\Lib\site-packages\flask\templating.py", line 151, in render_template
    return _render(app, template, context)
  File "C:\Users\Administrator\AppData\Local\Programs\Python\Python313\Lib\site-packages\flask\templating.py", line 132, in _render
    rv = template.render(context)
  File "C:\Users\Administrator\AppData\Local\Programs\Python\Python313\Lib\site-packages\jinja2\environment.py", line 1295, in render
    self.environment.handle_exception()
    ~~~~~~~~~~~~~~~~~~~~~~~~~~~~~~~~~^^
  File "C:\Users\Administrator\AppData\Local\Programs\Python\Python313\Lib\site-packages\jinja2\environment.py", line 942, in handle_exception
    raise rewrite_traceback_stack(source=source)
  File "D:\web_sell\app\templates\index.html", line 1, in top-level template code
    {% extends 'base.html' %}
  File "D:\web_sell\app\templates\base.html", line 96, in top-level template code
    {% block content %}
    ^^^^^^^^^^^^^^^^^
  File "D:\web_sell\app\templates\index.html", line 19, in block 'content'
    {% for product in products.items %}
    ^^^^^^^^^^^^^^^^^^^^^
  File "C:\Users\Administrator\AppData\Local\Programs\Python\Python313\Lib\site-packages\jinja2\environment.py", line 490, in getattr
    return getattr(obj, attribute)
jinja2.exceptions.UndefinedError: 'products' is undefined


--- 2026-06-17 14:24:41,328 ---
127.0.0.1 - - [17/Jun/2026 14:24:41] "[32mGET / HTTP/1.1[0m" 302 -

--- 2026-06-17 14:24:41,342 ---
L\u1ed7i \u1edf \u0111\u01b0\u1eddng d\u1eabn: /
Traceback (most recent call last):
  File "C:\Users\Administrator\AppData\Local\Programs\Python\Python313\Lib\site-packages\flask\app.py", line 917, in full_dispatch_request
    rv = self.dispatch_request()
  File "C:\Users\Administrator\AppData\Local\Programs\Python\Python313\Lib\site-packages\flask\app.py", line 902, in dispatch_request
    return self.ensure_sync(self.view_functions[rule.endpoint])(**view_args)  # type: ignore[no-any-return]
           ~~~~~~~~~~~~~~~~~~~~~~~~~~~~~~~~~~~~~~~~~~~~~~~~~~~~^^^^^^^^^^^^^
  File "D:\web_sell\app\routes.py", line 13, in home
    return render_template('index.html')
  File "C:\Users\Administrator\AppData\Local\Programs\Python\Python313\Lib\site-packages\flask\templating.py", line 151, in render_template
    return _render(app, template, context)
  File "C:\Users\Administrator\AppData\Local\Programs\Python\Python313\Lib\site-packages\flask\templating.py", line 132, in _render
    rv = template.render(context)
  File "C:\Users\Administrator\AppData\Local\Programs\Python\Python313\Lib\site-packages\jinja2\environment.py", line 1295, in render
    self.environment.handle_exception()
    ~~~~~~~~~~~~~~~~~~~~~~~~~~~~~~~~~^^
  File "C:\Users\Administrator\AppData\Local\Programs\Python\Python313\Lib\site-packages\jinja2\environment.py", line 942, in handle_exception
    raise rewrite_traceback_stack(source=source)
  File "D:\web_sell\app\templates\index.html", line 1, in top-level template code
    {% extends 'base.html' %}
  File "D:\web_sell\app\templates\base.html", line 96, in top-level template code
    {% block content %}
    ^^^^^^^^^^^^^^^^^
  File "D:\web_sell\app\templates\index.html", line 19, in block 'content'
    {% for product in products.items %}
    ^^^^^^^^^^^^^^^^^^^^^
  File "C:\Users\Administrator\AppData\Local\Programs\Python\Python313\Lib\site-packages\jinja2\environment.py", line 490, in getattr
    return getattr(obj, attribute)
jinja2.exceptions.UndefinedError: 'products' is undefined


--- 2026-06-17 14:24:41,343 ---
127.0.0.1 - - [17/Jun/2026 14:24:41] "[32mGET / HTTP/1.1[0m" 302 -

--- 2026-06-17 14:24:41,356 ---
L\u1ed7i \u1edf \u0111\u01b0\u1eddng d\u1eabn: /
Traceback (most recent call last):
  File "C:\Users\Administrator\AppData\Local\Programs\Python\Python313\Lib\site-packages\flask\app.py", line 917, in full_dispatch_request
    rv = self.dispatch_request()
  File "C:\Users\Administrator\AppData\Local\Programs\Python\Python313\Lib\site-packages\flask\app.py", line 902, in dispatch_request
    return self.ensure_sync(self.view_functions[rule.endpoint])(**view_args)  # type: ignore[no-any-return]
           ~~~~~~~~~~~~~~~~~~~~~~~~~~~~~~~~~~~~~~~~~~~~~~~~~~~~^^^^^^^^^^^^^
  File "D:\web_sell\app\routes.py", line 13, in home
    return render_template('index.html')
  File "C:\Users\Administrator\AppData\Local\Programs\Python\Python313\Lib\site-packages\flask\templating.py", line 151, in render_template
    return _render(app, template, context)
  File "C:\Users\Administrator\AppData\Local\Programs\Python\Python313\Lib\site-packages\flask\templating.py", line 132, in _render
    rv = template.render(context)
  File "C:\Users\Administrator\AppData\Local\Programs\Python\Python313\Lib\site-packages\jinja2\environment.py", line 1295, in render
    self.environment.handle_exception()
    ~~~~~~~~~~~~~~~~~~~~~~~~~~~~~~~~~^^
  File "C:\Users\Administrator\AppData\Local\Programs\Python\Python313\Lib\site-packages\jinja2\environment.py", line 942, in handle_exception
    raise rewrite_traceback_stack(source=source)
  File "D:\web_sell\app\templates\index.html", line 1, in top-level template code
    {% extends 'base.html' %}
  File "D:\web_sell\app\templates\base.html", line 96, in top-level template code
    {% block content %}
    ^^^^^^^^^^^^^^^^^
  File "D:\web_sell\app\templates\index.html", line 19, in block 'content'
    {% for product in products.items %}
    ^^^^^^^^^^^^^^^^^^^^^
  File "C:\Users\Administrator\AppData\Local\Programs\Python\Python313\Lib\site-packages\jinja2\environment.py", line 490, in getattr
    return getattr(obj, attribute)
jinja2.exceptions.UndefinedError: 'products' is undefined


--- 2026-06-17 14:24:41,357 ---
127.0.0.1 - - [17/Jun/2026 14:24:41] "[32mGET / HTTP/1.1[0m" 302 -

--- 2026-06-17 14:24:41,391 ---
L\u1ed7i \u1edf \u0111\u01b0\u1eddng d\u1eabn: /
Traceback (most recent call last):
  File "C:\Users\Administrator\AppData\Local\Programs\Python\Python313\Lib\site-packages\flask\app.py", line 917, in full_dispatch_request
    rv = self.dispatch_request()
  File "C:\Users\Administrator\AppData\Local\Programs\Python\Python313\Lib\site-packages\flask\app.py", line 902, in dispatch_request
    return self.ensure_sync(self.view_functions[rule.endpoint])(**view_args)  # type: ignore[no-any-return]
           ~~~~~~~~~~~~~~~~~~~~~~~~~~~~~~~~~~~~~~~~~~~~~~~~~~~~^^^^^^^^^^^^^
  File "D:\web_sell\app\routes.py", line 13, in home
    return render_template('index.html')
  File "C:\Users\Administrator\AppData\Local\Programs\Python\Python313\Lib\site-packages\flask\templating.py", line 151, in render_template
    return _render(app, template, context)
  File "C:\Users\Administrator\AppData\Local\Programs\Python\Python313\Lib\site-packages\flask\templating.py", line 132, in _render
    rv = template.render(context)
  File "C:\Users\Administrator\AppData\Local\Programs\Python\Python313\Lib\site-packages\jinja2\environment.py", line 1295, in render
    self.environment.handle_exception()
    ~~~~~~~~~~~~~~~~~~~~~~~~~~~~~~~~~^^
  File "C:\Users\Administrator\AppData\Local\Programs\Python\Python313\Lib\site-packages\jinja2\environment.py", line 942, in handle_exception
    raise rewrite_traceback_stack(source=source)
  File "D:\web_sell\app\templates\index.html", line 1, in top-level template code
    {% extends 'base.html' %}
  File "D:\web_sell\app\templates\base.html", line 96, in top-level template code
    {% block content %}
    ^^^^^^^^^^^^^^^^^
  File "D:\web_sell\app\templates\index.html", line 19, in block 'content'
    {% for product in products.items %}
    ^^^^^^^^^^^^^^^^^^^^^
  File "C:\Users\Administrator\AppData\Local\Programs\Python\Python313\Lib\site-packages\jinja2\environment.py", line 490, in getattr
    return getattr(obj, attribute)
jinja2.exceptions.UndefinedError: 'products' is undefined


--- 2026-06-17 14:24:41,391 ---
127.0.0.1 - - [17/Jun/2026 14:24:41] "[32mGET / HTTP/1.1[0m" 302 -

--- 2026-06-17 14:24:41,404 ---
L\u1ed7i \u1edf \u0111\u01b0\u1eddng d\u1eabn: /
Traceback (most recent call last):
  File "C:\Users\Administrator\AppData\Local\Programs\Python\Python313\Lib\site-packages\flask\app.py", line 917, in full_dispatch_request
    rv = self.dispatch_request()
  File "C:\Users\Administrator\AppData\Local\Programs\Python\Python313\Lib\site-packages\flask\app.py", line 902, in dispatch_request
    return self.ensure_sync(self.view_functions[rule.endpoint])(**view_args)  # type: ignore[no-any-return]
           ~~~~~~~~~~~~~~~~~~~~~~~~~~~~~~~~~~~~~~~~~~~~~~~~~~~~^^^^^^^^^^^^^
  File "D:\web_sell\app\routes.py", line 13, in home
    return render_template('index.html')
  File "C:\Users\Administrator\AppData\Local\Programs\Python\Python313\Lib\site-packages\flask\templating.py", line 151, in render_template
    return _render(app, template, context)
  File "C:\Users\Administrator\AppData\Local\Programs\Python\Python313\Lib\site-packages\flask\templating.py", line 132, in _render
    rv = template.render(context)
  File "C:\Users\Administrator\AppData\Local\Programs\Python\Python313\Lib\site-packages\jinja2\environment.py", line 1295, in render
    self.environment.handle_exception()
    ~~~~~~~~~~~~~~~~~~~~~~~~~~~~~~~~~^^
  File "C:\Users\Administrator\AppData\Local\Programs\Python\Python313\Lib\site-packages\jinja2\environment.py", line 942, in handle_exception
    raise rewrite_traceback_stack(source=source)
  File "D:\web_sell\app\templates\index.html", line 1, in top-level template code
    {% extends 'base.html' %}
  File "D:\web_sell\app\templates\base.html", line 96, in top-level template code
    {% block content %}
    ^^^^^^^^^^^^^^^^^
  File "D:\web_sell\app\templates\index.html", line 19, in block 'content'
    {% for product in products.items %}
    ^^^^^^^^^^^^^^^^^^^^^
  File "C:\Users\Administrator\AppData\Local\Programs\Python\Python313\Lib\site-packages\jinja2\environment.py", line 490, in getattr
    return getattr(obj, attribute)
jinja2.exceptions.UndefinedError: 'products' is undefined


--- 2026-06-17 14:24:41,404 ---
127.0.0.1 - - [17/Jun/2026 14:24:41] "[32mGET / HTTP/1.1[0m" 302 -

--- 2026-06-17 14:24:41,416 ---
L\u1ed7i \u1edf \u0111\u01b0\u1eddng d\u1eabn: /
Traceback (most recent call last):
  File "C:\Users\Administrator\AppData\Local\Programs\Python\Python313\Lib\site-packages\flask\app.py", line 917, in full_dispatch_request
    rv = self.dispatch_request()
  File "C:\Users\Administrator\AppData\Local\Programs\Python\Python313\Lib\site-packages\flask\app.py", line 902, in dispatch_request
    return self.ensure_sync(self.view_functions[rule.endpoint])(**view_args)  # type: ignore[no-any-return]
           ~~~~~~~~~~~~~~~~~~~~~~~~~~~~~~~~~~~~~~~~~~~~~~~~~~~~^^^^^^^^^^^^^
  File "D:\web_sell\app\routes.py", line 13, in home
    return render_template('index.html')
  File "C:\Users\Administrator\AppData\Local\Programs\Python\Python313\Lib\site-packages\flask\templating.py", line 151, in render_template
    return _render(app, template, context)
  File "C:\Users\Administrator\AppData\Local\Programs\Python\Python313\Lib\site-packages\flask\templating.py", line 132, in _render
    rv = template.render(context)
  File "C:\Users\Administrator\AppData\Local\Programs\Python\Python313\Lib\site-packages\jinja2\environment.py", line 1295, in render
    self.environment.handle_exception()
    ~~~~~~~~~~~~~~~~~~~~~~~~~~~~~~~~~^^
  File "C:\Users\Administrator\AppData\Local\Programs\Python\Python313\Lib\site-packages\jinja2\environment.py", line 942, in handle_exception
    raise rewrite_traceback_stack(source=source)
  File "D:\web_sell\app\templates\index.html", line 1, in top-level template code
    {% extends 'base.html' %}
  File "D:\web_sell\app\templates\base.html", line 96, in top-level template code
    {% block content %}
    ^^^^^^^^^^^^^^^^^
  File "D:\web_sell\app\templates\index.html", line 19, in block 'content'
    {% for product in products.items %}
    ^^^^^^^^^^^^^^^^^^^^^
  File "C:\Users\Administrator\AppData\Local\Programs\Python\Python313\Lib\site-packages\jinja2\environment.py", line 490, in getattr
    return getattr(obj, attribute)
jinja2.exceptions.UndefinedError: 'products' is undefined


--- 2026-06-17 14:24:41,416 ---
127.0.0.1 - - [17/Jun/2026 14:24:41] "[32mGET / HTTP/1.1[0m" 302 -

--- 2026-06-17 14:24:41,427 ---
L\u1ed7i \u1edf \u0111\u01b0\u1eddng d\u1eabn: /
Traceback (most recent call last):
  File "C:\Users\Administrator\AppData\Local\Programs\Python\Python313\Lib\site-packages\flask\app.py", line 917, in full_dispatch_request
    rv = self.dispatch_request()
  File "C:\Users\Administrator\AppData\Local\Programs\Python\Python313\Lib\site-packages\flask\app.py", line 902, in dispatch_request
    return self.ensure_sync(self.view_functions[rule.endpoint])(**view_args)  # type: ignore[no-any-return]
           ~~~~~~~~~~~~~~~~~~~~~~~~~~~~~~~~~~~~~~~~~~~~~~~~~~~~^^^^^^^^^^^^^
  File "D:\web_sell\app\routes.py", line 13, in home
    return render_template('index.html')
  File "C:\Users\Administrator\AppData\Local\Programs\Python\Python313\Lib\site-packages\flask\templating.py", line 151, in render_template
    return _render(app, template, context)
  File "C:\Users\Administrator\AppData\Local\Programs\Python\Python313\Lib\site-packages\flask\templating.py", line 132, in _render
    rv = template.render(context)
  File "C:\Users\Administrator\AppData\Local\Programs\Python\Python313\Lib\site-packages\jinja2\environment.py", line 1295, in render
    self.environment.handle_exception()
    ~~~~~~~~~~~~~~~~~~~~~~~~~~~~~~~~~^^
  File "C:\Users\Administrator\AppData\Local\Programs\Python\Python313\Lib\site-packages\jinja2\environment.py", line 942, in handle_exception
    raise rewrite_traceback_stack(source=source)
  File "D:\web_sell\app\templates\index.html", line 1, in top-level template code
    {% extends 'base.html' %}
  File "D:\web_sell\app\templates\base.html", line 96, in top-level template code
    {% block content %}
    ^^^^^^^^^^^^^^^^^
  File "D:\web_sell\app\templates\index.html", line 19, in block 'content'
    {% for product in products.items %}
    ^^^^^^^^^^^^^^^^^^^^^
  File "C:\Users\Administrator\AppData\Local\Programs\Python\Python313\Lib\site-packages\jinja2\environment.py", line 490, in getattr
    return getattr(obj, attribute)
jinja2.exceptions.UndefinedError: 'products' is undefined


--- 2026-06-17 14:24:41,428 ---
127.0.0.1 - - [17/Jun/2026 14:24:41] "[32mGET / HTTP/1.1[0m" 302 -

--- 2026-06-17 14:24:41,440 ---
L\u1ed7i \u1edf \u0111\u01b0\u1eddng d\u1eabn: /
Traceback (most recent call last):
  File "C:\Users\Administrator\AppData\Local\Programs\Python\Python313\Lib\site-packages\flask\app.py", line 917, in full_dispatch_request
    rv = self.dispatch_request()
  File "C:\Users\Administrator\AppData\Local\Programs\Python\Python313\Lib\site-packages\flask\app.py", line 902, in dispatch_request
    return self.ensure_sync(self.view_functions[rule.endpoint])(**view_args)  # type: ignore[no-any-return]
           ~~~~~~~~~~~~~~~~~~~~~~~~~~~~~~~~~~~~~~~~~~~~~~~~~~~~^^^^^^^^^^^^^
  File "D:\web_sell\app\routes.py", line 13, in home
    return render_template('index.html')
  File "C:\Users\Administrator\AppData\Local\Programs\Python\Python313\Lib\site-packages\flask\templating.py", line 151, in render_template
    return _render(app, template, context)
  File "C:\Users\Administrator\AppData\Local\Programs\Python\Python313\Lib\site-packages\flask\templating.py", line 132, in _render
    rv = template.render(context)
  File "C:\Users\Administrator\AppData\Local\Programs\Python\Python313\Lib\site-packages\jinja2\environment.py", line 1295, in render
    self.environment.handle_exception()
    ~~~~~~~~~~~~~~~~~~~~~~~~~~~~~~~~~^^
  File "C:\Users\Administrator\AppData\Local\Programs\Python\Python313\Lib\site-packages\jinja2\environment.py", line 942, in handle_exception
    raise rewrite_traceback_stack(source=source)
  File "D:\web_sell\app\templates\index.html", line 1, in top-level template code
    {% extends 'base.html' %}
  File "D:\web_sell\app\templates\base.html", line 96, in top-level template code
    {% block content %}
    ^^^^^^^^^^^^^^^^^
  File "D:\web_sell\app\templates\index.html", line 19, in block 'content'
    {% for product in products.items %}
    ^^^^^^^^^^^^^^^^^^^^^
  File "C:\Users\Administrator\AppData\Local\Programs\Python\Python313\Lib\site-packages\jinja2\environment.py", line 490, in getattr
    return getattr(obj, attribute)
jinja2.exceptions.UndefinedError: 'products' is undefined


--- 2026-06-17 14:24:41,440 ---
127.0.0.1 - - [17/Jun/2026 14:24:41] "[32mGET / HTTP/1.1[0m" 302 -

--- 2026-06-17 14:24:41,452 ---
L\u1ed7i \u1edf \u0111\u01b0\u1eddng d\u1eabn: /
Traceback (most recent call last):
  File "C:\Users\Administrator\AppData\Local\Programs\Python\Python313\Lib\site-packages\flask\app.py", line 917, in full_dispatch_request
    rv = self.dispatch_request()
  File "C:\Users\Administrator\AppData\Local\Programs\Python\Python313\Lib\site-packages\flask\app.py", line 902, in dispatch_request
    return self.ensure_sync(self.view_functions[rule.endpoint])(**view_args)  # type: ignore[no-any-return]
           ~~~~~~~~~~~~~~~~~~~~~~~~~~~~~~~~~~~~~~~~~~~~~~~~~~~~^^^^^^^^^^^^^
  File "D:\web_sell\app\routes.py", line 13, in home
    return render_template('index.html')
  File "C:\Users\Administrator\AppData\Local\Programs\Python\Python313\Lib\site-packages\flask\templating.py", line 151, in render_template
    return _render(app, template, context)
  File "C:\Users\Administrator\AppData\Local\Programs\Python\Python313\Lib\site-packages\flask\templating.py", line 132, in _render
    rv = template.render(context)
  File "C:\Users\Administrator\AppData\Local\Programs\Python\Python313\Lib\site-packages\jinja2\environment.py", line 1295, in render
    self.environment.handle_exception()
    ~~~~~~~~~~~~~~~~~~~~~~~~~~~~~~~~~^^
  File "C:\Users\Administrator\AppData\Local\Programs\Python\Python313\Lib\site-packages\jinja2\environment.py", line 942, in handle_exception
    raise rewrite_traceback_stack(source=source)
  File "D:\web_sell\app\templates\index.html", line 1, in top-level template code
    {% extends 'base.html' %}
  File "D:\web_sell\app\templates\base.html", line 96, in top-level template code
    {% block content %}
    ^^^^^^^^^^^^^^^^^
  File "D:\web_sell\app\templates\index.html", line 19, in block 'content'
    {% for product in products.items %}
    ^^^^^^^^^^^^^^^^^^^^^
  File "C:\Users\Administrator\AppData\Local\Programs\Python\Python313\Lib\site-packages\jinja2\environment.py", line 490, in getattr
    return getattr(obj, attribute)
jinja2.exceptions.UndefinedError: 'products' is undefined


--- 2026-06-17 14:24:41,453 ---
127.0.0.1 - - [17/Jun/2026 14:24:41] "[32mGET / HTTP/1.1[0m" 302 -

--- 2026-06-17 14:24:41,469 ---
L\u1ed7i \u1edf \u0111\u01b0\u1eddng d\u1eabn: /
Traceback (most recent call last):
  File "C:\Users\Administrator\AppData\Local\Programs\Python\Python313\Lib\site-packages\flask\app.py", line 917, in full_dispatch_request
    rv = self.dispatch_request()
  File "C:\Users\Administrator\AppData\Local\Programs\Python\Python313\Lib\site-packages\flask\app.py", line 902, in dispatch_request
    return self.ensure_sync(self.view_functions[rule.endpoint])(**view_args)  # type: ignore[no-any-return]
           ~~~~~~~~~~~~~~~~~~~~~~~~~~~~~~~~~~~~~~~~~~~~~~~~~~~~^^^^^^^^^^^^^
  File "D:\web_sell\app\routes.py", line 13, in home
    return render_template('index.html')
  File "C:\Users\Administrator\AppData\Local\Programs\Python\Python313\Lib\site-packages\flask\templating.py", line 151, in render_template
    return _render(app, template, context)
  File "C:\Users\Administrator\AppData\Local\Programs\Python\Python313\Lib\site-packages\flask\templating.py", line 132, in _render
    rv = template.render(context)
  File "C:\Users\Administrator\AppData\Local\Programs\Python\Python313\Lib\site-packages\jinja2\environment.py", line 1295, in render
    self.environment.handle_exception()
    ~~~~~~~~~~~~~~~~~~~~~~~~~~~~~~~~~^^
  File "C:\Users\Administrator\AppData\Local\Programs\Python\Python313\Lib\site-packages\jinja2\environment.py", line 942, in handle_exception
    raise rewrite_traceback_stack(source=source)
  File "D:\web_sell\app\templates\index.html", line 1, in top-level template code
    {% extends 'base.html' %}
  File "D:\web_sell\app\templates\base.html", line 96, in top-level template code
    {% block content %}
    ^^^^^^^^^^^^^^^^^
  File "D:\web_sell\app\templates\index.html", line 19, in block 'content'
    {% for product in products.items %}
    ^^^^^^^^^^^^^^^^^^^^^
  File "C:\Users\Administrator\AppData\Local\Programs\Python\Python313\Lib\site-packages\jinja2\environment.py", line 490, in getattr
    return getattr(obj, attribute)
jinja2.exceptions.UndefinedError: 'products' is undefined


--- 2026-06-17 14:24:41,470 ---
127.0.0.1 - - [17/Jun/2026 14:24:41] "[32mGET / HTTP/1.1[0m" 302 -

--- 2026-06-17 14:24:41,481 ---
L\u1ed7i \u1edf \u0111\u01b0\u1eddng d\u1eabn: /
Traceback (most recent call last):
  File "C:\Users\Administrator\AppData\Local\Programs\Python\Python313\Lib\site-packages\flask\app.py", line 917, in full_dispatch_request
    rv = self.dispatch_request()
  File "C:\Users\Administrator\AppData\Local\Programs\Python\Python313\Lib\site-packages\flask\app.py", line 902, in dispatch_request
    return self.ensure_sync(self.view_functions[rule.endpoint])(**view_args)  # type: ignore[no-any-return]
           ~~~~~~~~~~~~~~~~~~~~~~~~~~~~~~~~~~~~~~~~~~~~~~~~~~~~^^^^^^^^^^^^^
  File "D:\web_sell\app\routes.py", line 13, in home
    return render_template('index.html')
  File "C:\Users\Administrator\AppData\Local\Programs\Python\Python313\Lib\site-packages\flask\templating.py", line 151, in render_template
    return _render(app, template, context)
  File "C:\Users\Administrator\AppData\Local\Programs\Python\Python313\Lib\site-packages\flask\templating.py", line 132, in _render
    rv = template.render(context)
  File "C:\Users\Administrator\AppData\Local\Programs\Python\Python313\Lib\site-packages\jinja2\environment.py", line 1295, in render
    self.environment.handle_exception()
    ~~~~~~~~~~~~~~~~~~~~~~~~~~~~~~~~~^^
  File "C:\Users\Administrator\AppData\Local\Programs\Python\Python313\Lib\site-packages\jinja2\environment.py", line 942, in handle_exception
    raise rewrite_traceback_stack(source=source)
  File "D:\web_sell\app\templates\index.html", line 1, in top-level template code
    {% extends 'base.html' %}
  File "D:\web_sell\app\templates\base.html", line 96, in top-level template code
    {% block content %}
    ^^^^^^^^^^^^^^^^^
  File "D:\web_sell\app\templates\index.html", line 19, in block 'content'
    {% for product in products.items %}
    ^^^^^^^^^^^^^^^^^^^^^
  File "C:\Users\Administrator\AppData\Local\Programs\Python\Python313\Lib\site-packages\jinja2\environment.py", line 490, in getattr
    return getattr(obj, attribute)
jinja2.exceptions.UndefinedError: 'products' is undefined


--- 2026-06-17 14:24:41,482 ---
127.0.0.1 - - [17/Jun/2026 14:24:41] "[32mGET / HTTP/1.1[0m" 302 -

--- 2026-06-17 14:24:41,493 ---
L\u1ed7i \u1edf \u0111\u01b0\u1eddng d\u1eabn: /
Traceback (most recent call last):
  File "C:\Users\Administrator\AppData\Local\Programs\Python\Python313\Lib\site-packages\flask\app.py", line 917, in full_dispatch_request
    rv = self.dispatch_request()
  File "C:\Users\Administrator\AppData\Local\Programs\Python\Python313\Lib\site-packages\flask\app.py", line 902, in dispatch_request
    return self.ensure_sync(self.view_functions[rule.endpoint])(**view_args)  # type: ignore[no-any-return]
           ~~~~~~~~~~~~~~~~~~~~~~~~~~~~~~~~~~~~~~~~~~~~~~~~~~~~^^^^^^^^^^^^^
  File "D:\web_sell\app\routes.py", line 13, in home
    return render_template('index.html')
  File "C:\Users\Administrator\AppData\Local\Programs\Python\Python313\Lib\site-packages\flask\templating.py", line 151, in render_template
    return _render(app, template, context)
  File "C:\Users\Administrator\AppData\Local\Programs\Python\Python313\Lib\site-packages\flask\templating.py", line 132, in _render
    rv = template.render(context)
  File "C:\Users\Administrator\AppData\Local\Programs\Python\Python313\Lib\site-packages\jinja2\environment.py", line 1295, in render
    self.environment.handle_exception()
    ~~~~~~~~~~~~~~~~~~~~~~~~~~~~~~~~~^^
  File "C:\Users\Administrator\AppData\Local\Programs\Python\Python313\Lib\site-packages\jinja2\environment.py", line 942, in handle_exception
    raise rewrite_traceback_stack(source=source)
  File "D:\web_sell\app\templates\index.html", line 1, in top-level template code
    {% extends 'base.html' %}
  File "D:\web_sell\app\templates\base.html", line 96, in top-level template code
    {% block content %}
    ^^^^^^^^^^^^^^^^^
  File "D:\web_sell\app\templates\index.html", line 19, in block 'content'
    {% for product in products.items %}
    ^^^^^^^^^^^^^^^^^^^^^
  File "C:\Users\Administrator\AppData\Local\Programs\Python\Python313\Lib\site-packages\jinja2\environment.py", line 490, in getattr
    return getattr(obj, attribute)
jinja2.exceptions.UndefinedError: 'products' is undefined


--- 2026-06-17 14:24:41,494 ---
127.0.0.1 - - [17/Jun/2026 14:24:41] "[32mGET / HTTP/1.1[0m" 302 -

--- 2026-06-17 14:24:41,507 ---
L\u1ed7i \u1edf \u0111\u01b0\u1eddng d\u1eabn: /
Traceback (most recent call last):
  File "C:\Users\Administrator\AppData\Local\Programs\Python\Python313\Lib\site-packages\flask\app.py", line 917, in full_dispatch_request
    rv = self.dispatch_request()
  File "C:\Users\Administrator\AppData\Local\Programs\Python\Python313\Lib\site-packages\flask\app.py", line 902, in dispatch_request
    return self.ensure_sync(self.view_functions[rule.endpoint])(**view_args)  # type: ignore[no-any-return]
           ~~~~~~~~~~~~~~~~~~~~~~~~~~~~~~~~~~~~~~~~~~~~~~~~~~~~^^^^^^^^^^^^^
  File "D:\web_sell\app\routes.py", line 13, in home
    return render_template('index.html')
  File "C:\Users\Administrator\AppData\Local\Programs\Python\Python313\Lib\site-packages\flask\templating.py", line 151, in render_template
    return _render(app, template, context)
  File "C:\Users\Administrator\AppData\Local\Programs\Python\Python313\Lib\site-packages\flask\templating.py", line 132, in _render
    rv = template.render(context)
  File "C:\Users\Administrator\AppData\Local\Programs\Python\Python313\Lib\site-packages\jinja2\environment.py", line 1295, in render
    self.environment.handle_exception()
    ~~~~~~~~~~~~~~~~~~~~~~~~~~~~~~~~~^^
  File "C:\Users\Administrator\AppData\Local\Programs\Python\Python313\Lib\site-packages\jinja2\environment.py", line 942, in handle_exception
    raise rewrite_traceback_stack(source=source)
  File "D:\web_sell\app\templates\index.html", line 1, in top-level template code
    {% extends 'base.html' %}
  File "D:\web_sell\app\templates\base.html", line 96, in top-level template code
    {% block content %}
    ^^^^^^^^^^^^^^^^^
  File "D:\web_sell\app\templates\index.html", line 19, in block 'content'
    {% for product in products.items %}
    ^^^^^^^^^^^^^^^^^^^^^
  File "C:\Users\Administrator\AppData\Local\Programs\Python\Python313\Lib\site-packages\jinja2\environment.py", line 490, in getattr
    return getattr(obj, attribute)
jinja2.exceptions.UndefinedError: 'products' is undefined


--- 2026-06-17 14:24:41,507 ---
127.0.0.1 - - [17/Jun/2026 14:24:41] "[32mGET / HTTP/1.1[0m" 302 -

--- 2026-06-17 14:24:41,518 ---
L\u1ed7i \u1edf \u0111\u01b0\u1eddng d\u1eabn: /
Traceback (most recent call last):
  File "C:\Users\Administrator\AppData\Local\Programs\Python\Python313\Lib\site-packages\flask\app.py", line 917, in full_dispatch_request
    rv = self.dispatch_request()
  File "C:\Users\Administrator\AppData\Local\Programs\Python\Python313\Lib\site-packages\flask\app.py", line 902, in dispatch_request
    return self.ensure_sync(self.view_functions[rule.endpoint])(**view_args)  # type: ignore[no-any-return]
           ~~~~~~~~~~~~~~~~~~~~~~~~~~~~~~~~~~~~~~~~~~~~~~~~~~~~^^^^^^^^^^^^^
  File "D:\web_sell\app\routes.py", line 13, in home
    return render_template('index.html')
  File "C:\Users\Administrator\AppData\Local\Programs\Python\Python313\Lib\site-packages\flask\templating.py", line 151, in render_template
    return _render(app, template, context)
  File "C:\Users\Administrator\AppData\Local\Programs\Python\Python313\Lib\site-packages\flask\templating.py", line 132, in _render
    rv = template.render(context)
  File "C:\Users\Administrator\AppData\Local\Programs\Python\Python313\Lib\site-packages\jinja2\environment.py", line 1295, in render
    self.environment.handle_exception()
    ~~~~~~~~~~~~~~~~~~~~~~~~~~~~~~~~~^^
  File "C:\Users\Administrator\AppData\Local\Programs\Python\Python313\Lib\site-packages\jinja2\environment.py", line 942, in handle_exception
    raise rewrite_traceback_stack(source=source)
  File "D:\web_sell\app\templates\index.html", line 1, in top-level template code
    {% extends 'base.html' %}
  File "D:\web_sell\app\templates\base.html", line 96, in top-level template code
    {% block content %}
    ^^^^^^^^^^^^^^^^^
  File "D:\web_sell\app\templates\index.html", line 19, in block 'content'
    {% for product in products.items %}
    ^^^^^^^^^^^^^^^^^^^^^
  File "C:\Users\Administrator\AppData\Local\Programs\Python\Python313\Lib\site-packages\jinja2\environment.py", line 490, in getattr
    return getattr(obj, attribute)
jinja2.exceptions.UndefinedError: 'products' is undefined


--- 2026-06-17 14:24:41,519 ---
127.0.0.1 - - [17/Jun/2026 14:24:41] "[32mGET / HTTP/1.1[0m" 302 -

--- 2026-06-17 14:24:41,529 ---
L\u1ed7i \u1edf \u0111\u01b0\u1eddng d\u1eabn: /
Traceback (most recent call last):
  File "C:\Users\Administrator\AppData\Local\Programs\Python\Python313\Lib\site-packages\flask\app.py", line 917, in full_dispatch_request
    rv = self.dispatch_request()
  File "C:\Users\Administrator\AppData\Local\Programs\Python\Python313\Lib\site-packages\flask\app.py", line 902, in dispatch_request
    return self.ensure_sync(self.view_functions[rule.endpoint])(**view_args)  # type: ignore[no-any-return]
           ~~~~~~~~~~~~~~~~~~~~~~~~~~~~~~~~~~~~~~~~~~~~~~~~~~~~^^^^^^^^^^^^^
  File "D:\web_sell\app\routes.py", line 13, in home
    return render_template('index.html')
  File "C:\Users\Administrator\AppData\Local\Programs\Python\Python313\Lib\site-packages\flask\templating.py", line 151, in render_template
    return _render(app, template, context)
  File "C:\Users\Administrator\AppData\Local\Programs\Python\Python313\Lib\site-packages\flask\templating.py", line 132, in _render
    rv = template.render(context)
  File "C:\Users\Administrator\AppData\Local\Programs\Python\Python313\Lib\site-packages\jinja2\environment.py", line 1295, in render
    self.environment.handle_exception()
    ~~~~~~~~~~~~~~~~~~~~~~~~~~~~~~~~~^^
  File "C:\Users\Administrator\AppData\Local\Programs\Python\Python313\Lib\site-packages\jinja2\environment.py", line 942, in handle_exception
    raise rewrite_traceback_stack(source=source)
  File "D:\web_sell\app\templates\index.html", line 1, in top-level template code
    {% extends 'base.html' %}
  File "D:\web_sell\app\templates\base.html", line 96, in top-level template code
    {% block content %}
    ^^^^^^^^^^^^^^^^^
  File "D:\web_sell\app\templates\index.html", line 19, in block 'content'
    {% for product in products.items %}
    ^^^^^^^^^^^^^^^^^^^^^
  File "C:\Users\Administrator\AppData\Local\Programs\Python\Python313\Lib\site-packages\jinja2\environment.py", line 490, in getattr
    return getattr(obj, attribute)
jinja2.exceptions.UndefinedError: 'products' is undefined


--- 2026-06-17 14:24:41,530 ---
127.0.0.1 - - [17/Jun/2026 14:24:41] "[32mGET / HTTP/1.1[0m" 302 -

--- 2026-06-17 14:24:42,720 ---
L\u1ed7i \u1edf \u0111\u01b0\u1eddng d\u1eabn: /
Traceback (most recent call last):
  File "C:\Users\Administrator\AppData\Local\Programs\Python\Python313\Lib\site-packages\flask\app.py", line 917, in full_dispatch_request
    rv = self.dispatch_request()
  File "C:\Users\Administrator\AppData\Local\Programs\Python\Python313\Lib\site-packages\flask\app.py", line 902, in dispatch_request
    return self.ensure_sync(self.view_functions[rule.endpoint])(**view_args)  # type: ignore[no-any-return]
           ~~~~~~~~~~~~~~~~~~~~~~~~~~~~~~~~~~~~~~~~~~~~~~~~~~~~^^^^^^^^^^^^^
  File "D:\web_sell\app\routes.py", line 13, in home
    return render_template('index.html')
  File "C:\Users\Administrator\AppData\Local\Programs\Python\Python313\Lib\site-packages\flask\templating.py", line 151, in render_template
    return _render(app, template, context)
  File "C:\Users\Administrator\AppData\Local\Programs\Python\Python313\Lib\site-packages\flask\templating.py", line 132, in _render
    rv = template.render(context)
  File "C:\Users\Administrator\AppData\Local\Programs\Python\Python313\Lib\site-packages\jinja2\environment.py", line 1295, in render
    self.environment.handle_exception()
    ~~~~~~~~~~~~~~~~~~~~~~~~~~~~~~~~~^^
  File "C:\Users\Administrator\AppData\Local\Programs\Python\Python313\Lib\site-packages\jinja2\environment.py", line 942, in handle_exception
    raise rewrite_traceback_stack(source=source)
  File "D:\web_sell\app\templates\index.html", line 1, in top-level template code
    {% extends 'base.html' %}
  File "D:\web_sell\app\templates\base.html", line 96, in top-level template code
    {% block content %}
    ^^^^^^^^^^^^^^^^^
  File "D:\web_sell\app\templates\index.html", line 19, in block 'content'
    {% for product in products.items %}
    ^^^^^^^^^^^^^^^^^^^^^
  File "C:\Users\Administrator\AppData\Local\Programs\Python\Python313\Lib\site-packages\jinja2\environment.py", line 490, in getattr
    return getattr(obj, attribute)
jinja2.exceptions.UndefinedError: 'products' is undefined


--- 2026-06-17 14:24:42,720 ---
127.0.0.1 - - [17/Jun/2026 14:24:42] "[32mGET / HTTP/1.1[0m" 302 -

--- 2026-06-17 14:24:42,731 ---
L\u1ed7i \u1edf \u0111\u01b0\u1eddng d\u1eabn: /
Traceback (most recent call last):
  File "C:\Users\Administrator\AppData\Local\Programs\Python\Python313\Lib\site-packages\flask\app.py", line 917, in full_dispatch_request
    rv = self.dispatch_request()
  File "C:\Users\Administrator\AppData\Local\Programs\Python\Python313\Lib\site-packages\flask\app.py", line 902, in dispatch_request
    return self.ensure_sync(self.view_functions[rule.endpoint])(**view_args)  # type: ignore[no-any-return]
           ~~~~~~~~~~~~~~~~~~~~~~~~~~~~~~~~~~~~~~~~~~~~~~~~~~~~^^^^^^^^^^^^^
  File "D:\web_sell\app\routes.py", line 13, in home
    return render_template('index.html')
  File "C:\Users\Administrator\AppData\Local\Programs\Python\Python313\Lib\site-packages\flask\templating.py", line 151, in render_template
    return _render(app, template, context)
  File "C:\Users\Administrator\AppData\Local\Programs\Python\Python313\Lib\site-packages\flask\templating.py", line 132, in _render
    rv = template.render(context)
  File "C:\Users\Administrator\AppData\Local\Programs\Python\Python313\Lib\site-packages\jinja2\environment.py", line 1295, in render
    self.environment.handle_exception()
    ~~~~~~~~~~~~~~~~~~~~~~~~~~~~~~~~~^^
  File "C:\Users\Administrator\AppData\Local\Programs\Python\Python313\Lib\site-packages\jinja2\environment.py", line 942, in handle_exception
    raise rewrite_traceback_stack(source=source)
  File "D:\web_sell\app\templates\index.html", line 1, in top-level template code
    {% extends 'base.html' %}
  File "D:\web_sell\app\templates\base.html", line 96, in top-level template code
    {% block content %}
    ^^^^^^^^^^^^^^^^^
  File "D:\web_sell\app\templates\index.html", line 19, in block 'content'
    {% for product in products.items %}
    ^^^^^^^^^^^^^^^^^^^^^
  File "C:\Users\Administrator\AppData\Local\Programs\Python\Python313\Lib\site-packages\jinja2\environment.py", line 490, in getattr
    return getattr(obj, attribute)
jinja2.exceptions.UndefinedError: 'products' is undefined


--- 2026-06-17 14:24:42,731 ---
127.0.0.1 - - [17/Jun/2026 14:24:42] "[32mGET / HTTP/1.1[0m" 302 -

--- 2026-06-17 14:24:42,743 ---
L\u1ed7i \u1edf \u0111\u01b0\u1eddng d\u1eabn: /
Traceback (most recent call last):
  File "C:\Users\Administrator\AppData\Local\Programs\Python\Python313\Lib\site-packages\flask\app.py", line 917, in full_dispatch_request
    rv = self.dispatch_request()
  File "C:\Users\Administrator\AppData\Local\Programs\Python\Python313\Lib\site-packages\flask\app.py", line 902, in dispatch_request
    return self.ensure_sync(self.view_functions[rule.endpoint])(**view_args)  # type: ignore[no-any-return]
           ~~~~~~~~~~~~~~~~~~~~~~~~~~~~~~~~~~~~~~~~~~~~~~~~~~~~^^^^^^^^^^^^^
  File "D:\web_sell\app\routes.py", line 13, in home
    return render_template('index.html')
  File "C:\Users\Administrator\AppData\Local\Programs\Python\Python313\Lib\site-packages\flask\templating.py", line 151, in render_template
    return _render(app, template, context)
  File "C:\Users\Administrator\AppData\Local\Programs\Python\Python313\Lib\site-packages\flask\templating.py", line 132, in _render
    rv = template.render(context)
  File "C:\Users\Administrator\AppData\Local\Programs\Python\Python313\Lib\site-packages\jinja2\environment.py", line 1295, in render
    self.environment.handle_exception()
    ~~~~~~~~~~~~~~~~~~~~~~~~~~~~~~~~~^^
  File "C:\Users\Administrator\AppData\Local\Programs\Python\Python313\Lib\site-packages\jinja2\environment.py", line 942, in handle_exception
    raise rewrite_traceback_stack(source=source)
  File "D:\web_sell\app\templates\index.html", line 1, in top-level template code
    {% extends 'base.html' %}
  File "D:\web_sell\app\templates\base.html", line 96, in top-level template code
    {% block content %}
    ^^^^^^^^^^^^^^^^^
  File "D:\web_sell\app\templates\index.html", line 19, in block 'content'
    {% for product in products.items %}
    ^^^^^^^^^^^^^^^^^^^^^
  File "C:\Users\Administrator\AppData\Local\Programs\Python\Python313\Lib\site-packages\jinja2\environment.py", line 490, in getattr
    return getattr(obj, attribute)
jinja2.exceptions.UndefinedError: 'products' is undefined


--- 2026-06-17 14:24:42,743 ---
127.0.0.1 - - [17/Jun/2026 14:24:42] "[32mGET / HTTP/1.1[0m" 302 -

--- 2026-06-17 14:24:42,757 ---
L\u1ed7i \u1edf \u0111\u01b0\u1eddng d\u1eabn: /
Traceback (most recent call last):
  File "C:\Users\Administrator\AppData\Local\Programs\Python\Python313\Lib\site-packages\flask\app.py", line 917, in full_dispatch_request
    rv = self.dispatch_request()
  File "C:\Users\Administrator\AppData\Local\Programs\Python\Python313\Lib\site-packages\flask\app.py", line 902, in dispatch_request
    return self.ensure_sync(self.view_functions[rule.endpoint])(**view_args)  # type: ignore[no-any-return]
           ~~~~~~~~~~~~~~~~~~~~~~~~~~~~~~~~~~~~~~~~~~~~~~~~~~~~^^^^^^^^^^^^^
  File "D:\web_sell\app\routes.py", line 13, in home
    return render_template('index.html')
  File "C:\Users\Administrator\AppData\Local\Programs\Python\Python313\Lib\site-packages\flask\templating.py", line 151, in render_template
    return _render(app, template, context)
  File "C:\Users\Administrator\AppData\Local\Programs\Python\Python313\Lib\site-packages\flask\templating.py", line 132, in _render
    rv = template.render(context)
  File "C:\Users\Administrator\AppData\Local\Programs\Python\Python313\Lib\site-packages\jinja2\environment.py", line 1295, in render
    self.environment.handle_exception()
    ~~~~~~~~~~~~~~~~~~~~~~~~~~~~~~~~~^^
  File "C:\Users\Administrator\AppData\Local\Programs\Python\Python313\Lib\site-packages\jinja2\environment.py", line 942, in handle_exception
    raise rewrite_traceback_stack(source=source)
  File "D:\web_sell\app\templates\index.html", line 1, in top-level template code
    {% extends 'base.html' %}
  File "D:\web_sell\app\templates\base.html", line 96, in top-level template code
    {% block content %}
    ^^^^^^^^^^^^^^^^^
  File "D:\web_sell\app\templates\index.html", line 19, in block 'content'
    {% for product in products.items %}
    ^^^^^^^^^^^^^^^^^^^^^
  File "C:\Users\Administrator\AppData\Local\Programs\Python\Python313\Lib\site-packages\jinja2\environment.py", line 490, in getattr
    return getattr(obj, attribute)
jinja2.exceptions.UndefinedError: 'products' is undefined


--- 2026-06-17 14:24:42,758 ---
127.0.0.1 - - [17/Jun/2026 14:24:42] "[32mGET / HTTP/1.1[0m" 302 -

--- 2026-06-17 14:24:42,771 ---
L\u1ed7i \u1edf \u0111\u01b0\u1eddng d\u1eabn: /
Traceback (most recent call last):
  File "C:\Users\Administrator\AppData\Local\Programs\Python\Python313\Lib\site-packages\flask\app.py", line 917, in full_dispatch_request
    rv = self.dispatch_request()
  File "C:\Users\Administrator\AppData\Local\Programs\Python\Python313\Lib\site-packages\flask\app.py", line 902, in dispatch_request
    return self.ensure_sync(self.view_functions[rule.endpoint])(**view_args)  # type: ignore[no-any-return]
           ~~~~~~~~~~~~~~~~~~~~~~~~~~~~~~~~~~~~~~~~~~~~~~~~~~~~^^^^^^^^^^^^^
  File "D:\web_sell\app\routes.py", line 13, in home
    return render_template('index.html')
  File "C:\Users\Administrator\AppData\Local\Programs\Python\Python313\Lib\site-packages\flask\templating.py", line 151, in render_template
    return _render(app, template, context)
  File "C:\Users\Administrator\AppData\Local\Programs\Python\Python313\Lib\site-packages\flask\templating.py", line 132, in _render
    rv = template.render(context)
  File "C:\Users\Administrator\AppData\Local\Programs\Python\Python313\Lib\site-packages\jinja2\environment.py", line 1295, in render
    self.environment.handle_exception()
    ~~~~~~~~~~~~~~~~~~~~~~~~~~~~~~~~~^^
  File "C:\Users\Administrator\AppData\Local\Programs\Python\Python313\Lib\site-packages\jinja2\environment.py", line 942, in handle_exception
    raise rewrite_traceback_stack(source=source)
  File "D:\web_sell\app\templates\index.html", line 1, in top-level template code
    {% extends 'base.html' %}
  File "D:\web_sell\app\templates\base.html", line 96, in top-level template code
    {% block content %}
    ^^^^^^^^^^^^^^^^^
  File "D:\web_sell\app\templates\index.html", line 19, in block 'content'
    {% for product in products.items %}
    ^^^^^^^^^^^^^^^^^^^^^
  File "C:\Users\Administrator\AppData\Local\Programs\Python\Python313\Lib\site-packages\jinja2\environment.py", line 490, in getattr
    return getattr(obj, attribute)
jinja2.exceptions.UndefinedError: 'products' is undefined


--- 2026-06-17 14:24:42,771 ---
127.0.0.1 - - [17/Jun/2026 14:24:42] "[32mGET / HTTP/1.1[0m" 302 -

--- 2026-06-17 14:24:42,782 ---
L\u1ed7i \u1edf \u0111\u01b0\u1eddng d\u1eabn: /
Traceback (most recent call last):
  File "C:\Users\Administrator\AppData\Local\Programs\Python\Python313\Lib\site-packages\flask\app.py", line 917, in full_dispatch_request
    rv = self.dispatch_request()
  File "C:\Users\Administrator\AppData\Local\Programs\Python\Python313\Lib\site-packages\flask\app.py", line 902, in dispatch_request
    return self.ensure_sync(self.view_functions[rule.endpoint])(**view_args)  # type: ignore[no-any-return]
           ~~~~~~~~~~~~~~~~~~~~~~~~~~~~~~~~~~~~~~~~~~~~~~~~~~~~^^^^^^^^^^^^^
  File "D:\web_sell\app\routes.py", line 13, in home
    return render_template('index.html')
  File "C:\Users\Administrator\AppData\Local\Programs\Python\Python313\Lib\site-packages\flask\templating.py", line 151, in render_template
    return _render(app, template, context)
  File "C:\Users\Administrator\AppData\Local\Programs\Python\Python313\Lib\site-packages\flask\templating.py", line 132, in _render
    rv = template.render(context)
  File "C:\Users\Administrator\AppData\Local\Programs\Python\Python313\Lib\site-packages\jinja2\environment.py", line 1295, in render
    self.environment.handle_exception()
    ~~~~~~~~~~~~~~~~~~~~~~~~~~~~~~~~~^^
  File "C:\Users\Administrator\AppData\Local\Programs\Python\Python313\Lib\site-packages\jinja2\environment.py", line 942, in handle_exception
    raise rewrite_traceback_stack(source=source)
  File "D:\web_sell\app\templates\index.html", line 1, in top-level template code
    {% extends 'base.html' %}
  File "D:\web_sell\app\templates\base.html", line 96, in top-level template code
    {% block content %}
    ^^^^^^^^^^^^^^^^^
  File "D:\web_sell\app\templates\index.html", line 19, in block 'content'
    {% for product in products.items %}
    ^^^^^^^^^^^^^^^^^^^^^
  File "C:\Users\Administrator\AppData\Local\Programs\Python\Python313\Lib\site-packages\jinja2\environment.py", line 490, in getattr
    return getattr(obj, attribute)
jinja2.exceptions.UndefinedError: 'products' is undefined


--- 2026-06-17 14:24:42,783 ---
127.0.0.1 - - [17/Jun/2026 14:24:42] "[32mGET / HTTP/1.1[0m" 302 -

--- 2026-06-17 14:24:42,794 ---
L\u1ed7i \u1edf \u0111\u01b0\u1eddng d\u1eabn: /
Traceback (most recent call last):
  File "C:\Users\Administrator\AppData\Local\Programs\Python\Python313\Lib\site-packages\flask\app.py", line 917, in full_dispatch_request
    rv = self.dispatch_request()
  File "C:\Users\Administrator\AppData\Local\Programs\Python\Python313\Lib\site-packages\flask\app.py", line 902, in dispatch_request
    return self.ensure_sync(self.view_functions[rule.endpoint])(**view_args)  # type: ignore[no-any-return]
           ~~~~~~~~~~~~~~~~~~~~~~~~~~~~~~~~~~~~~~~~~~~~~~~~~~~~^^^^^^^^^^^^^
  File "D:\web_sell\app\routes.py", line 13, in home
    return render_template('index.html')
  File "C:\Users\Administrator\AppData\Local\Programs\Python\Python313\Lib\site-packages\flask\templating.py", line 151, in render_template
    return _render(app, template, context)
  File "C:\Users\Administrator\AppData\Local\Programs\Python\Python313\Lib\site-packages\flask\templating.py", line 132, in _render
    rv = template.render(context)
  File "C:\Users\Administrator\AppData\Local\Programs\Python\Python313\Lib\site-packages\jinja2\environment.py", line 1295, in render
    self.environment.handle_exception()
    ~~~~~~~~~~~~~~~~~~~~~~~~~~~~~~~~~^^
  File "C:\Users\Administrator\AppData\Local\Programs\Python\Python313\Lib\site-packages\jinja2\environment.py", line 942, in handle_exception
    raise rewrite_traceback_stack(source=source)
  File "D:\web_sell\app\templates\index.html", line 1, in top-level template code
    {% extends 'base.html' %}
  File "D:\web_sell\app\templates\base.html", line 96, in top-level template code
    {% block content %}
    ^^^^^^^^^^^^^^^^^
  File "D:\web_sell\app\templates\index.html", line 19, in block 'content'
    {% for product in products.items %}
    ^^^^^^^^^^^^^^^^^^^^^
  File "C:\Users\Administrator\AppData\Local\Programs\Python\Python313\Lib\site-packages\jinja2\environment.py", line 490, in getattr
    return getattr(obj, attribute)
jinja2.exceptions.UndefinedError: 'products' is undefined


--- 2026-06-17 14:24:42,795 ---
127.0.0.1 - - [17/Jun/2026 14:24:42] "[32mGET / HTTP/1.1[0m" 302 -

--- 2026-06-17 14:24:42,806 ---
L\u1ed7i \u1edf \u0111\u01b0\u1eddng d\u1eabn: /
Traceback (most recent call last):
  File "C:\Users\Administrator\AppData\Local\Programs\Python\Python313\Lib\site-packages\flask\app.py", line 917, in full_dispatch_request
    rv = self.dispatch_request()
  File "C:\Users\Administrator\AppData\Local\Programs\Python\Python313\Lib\site-packages\flask\app.py", line 902, in dispatch_request
    return self.ensure_sync(self.view_functions[rule.endpoint])(**view_args)  # type: ignore[no-any-return]
           ~~~~~~~~~~~~~~~~~~~~~~~~~~~~~~~~~~~~~~~~~~~~~~~~~~~~^^^^^^^^^^^^^
  File "D:\web_sell\app\routes.py", line 13, in home
    return render_template('index.html')
  File "C:\Users\Administrator\AppData\Local\Programs\Python\Python313\Lib\site-packages\flask\templating.py", line 151, in render_template
    return _render(app, template, context)
  File "C:\Users\Administrator\AppData\Local\Programs\Python\Python313\Lib\site-packages\flask\templating.py", line 132, in _render
    rv = template.render(context)
  File "C:\Users\Administrator\AppData\Local\Programs\Python\Python313\Lib\site-packages\jinja2\environment.py", line 1295, in render
    self.environment.handle_exception()
    ~~~~~~~~~~~~~~~~~~~~~~~~~~~~~~~~~^^
  File "C:\Users\Administrator\AppData\Local\Programs\Python\Python313\Lib\site-packages\jinja2\environment.py", line 942, in handle_exception
    raise rewrite_traceback_stack(source=source)
  File "D:\web_sell\app\templates\index.html", line 1, in top-level template code
    {% extends 'base.html' %}
  File "D:\web_sell\app\templates\base.html", line 96, in top-level template code
    {% block content %}
    ^^^^^^^^^^^^^^^^^
  File "D:\web_sell\app\templates\index.html", line 19, in block 'content'
    {% for product in products.items %}
    ^^^^^^^^^^^^^^^^^^^^^
  File "C:\Users\Administrator\AppData\Local\Programs\Python\Python313\Lib\site-packages\jinja2\environment.py", line 490, in getattr
    return getattr(obj, attribute)
jinja2.exceptions.UndefinedError: 'products' is undefined


--- 2026-06-17 14:24:42,807 ---
127.0.0.1 - - [17/Jun/2026 14:24:42] "[32mGET / HTTP/1.1[0m" 302 -

--- 2026-06-17 14:24:42,817 ---
L\u1ed7i \u1edf \u0111\u01b0\u1eddng d\u1eabn: /
Traceback (most recent call last):
  File "C:\Users\Administrator\AppData\Local\Programs\Python\Python313\Lib\site-packages\flask\app.py", line 917, in full_dispatch_request
    rv = self.dispatch_request()
  File "C:\Users\Administrator\AppData\Local\Programs\Python\Python313\Lib\site-packages\flask\app.py", line 902, in dispatch_request
    return self.ensure_sync(self.view_functions[rule.endpoint])(**view_args)  # type: ignore[no-any-return]
           ~~~~~~~~~~~~~~~~~~~~~~~~~~~~~~~~~~~~~~~~~~~~~~~~~~~~^^^^^^^^^^^^^
  File "D:\web_sell\app\routes.py", line 13, in home
    return render_template('index.html')
  File "C:\Users\Administrator\AppData\Local\Programs\Python\Python313\Lib\site-packages\flask\templating.py", line 151, in render_template
    return _render(app, template, context)
  File "C:\Users\Administrator\AppData\Local\Programs\Python\Python313\Lib\site-packages\flask\templating.py", line 132, in _render
    rv = template.render(context)
  File "C:\Users\Administrator\AppData\Local\Programs\Python\Python313\Lib\site-packages\jinja2\environment.py", line 1295, in render
    self.environment.handle_exception()
    ~~~~~~~~~~~~~~~~~~~~~~~~~~~~~~~~~^^
  File "C:\Users\Administrator\AppData\Local\Programs\Python\Python313\Lib\site-packages\jinja2\environment.py", line 942, in handle_exception
    raise rewrite_traceback_stack(source=source)
  File "D:\web_sell\app\templates\index.html", line 1, in top-level template code
    {% extends 'base.html' %}
  File "D:\web_sell\app\templates\base.html", line 96, in top-level template code
    {% block content %}
    ^^^^^^^^^^^^^^^^^
  File "D:\web_sell\app\templates\index.html", line 19, in block 'content'
    {% for product in products.items %}
    ^^^^^^^^^^^^^^^^^^^^^
  File "C:\Users\Administrator\AppData\Local\Programs\Python\Python313\Lib\site-packages\jinja2\environment.py", line 490, in getattr
    return getattr(obj, attribute)
jinja2.exceptions.UndefinedError: 'products' is undefined


--- 2026-06-17 14:24:42,818 ---
127.0.0.1 - - [17/Jun/2026 14:24:42] "[32mGET / HTTP/1.1[0m" 302 -

--- 2026-06-17 14:24:42,828 ---
L\u1ed7i \u1edf \u0111\u01b0\u1eddng d\u1eabn: /
Traceback (most recent call last):
  File "C:\Users\Administrator\AppData\Local\Programs\Python\Python313\Lib\site-packages\flask\app.py", line 917, in full_dispatch_request
    rv = self.dispatch_request()
  File "C:\Users\Administrator\AppData\Local\Programs\Python\Python313\Lib\site-packages\flask\app.py", line 902, in dispatch_request
    return self.ensure_sync(self.view_functions[rule.endpoint])(**view_args)  # type: ignore[no-any-return]
           ~~~~~~~~~~~~~~~~~~~~~~~~~~~~~~~~~~~~~~~~~~~~~~~~~~~~^^^^^^^^^^^^^
  File "D:\web_sell\app\routes.py", line 13, in home
    return render_template('index.html')
  File "C:\Users\Administrator\AppData\Local\Programs\Python\Python313\Lib\site-packages\flask\templating.py", line 151, in render_template
    return _render(app, template, context)
  File "C:\Users\Administrator\AppData\Local\Programs\Python\Python313\Lib\site-packages\flask\templating.py", line 132, in _render
    rv = template.render(context)
  File "C:\Users\Administrator\AppData\Local\Programs\Python\Python313\Lib\site-packages\jinja2\environment.py", line 1295, in render
    self.environment.handle_exception()
    ~~~~~~~~~~~~~~~~~~~~~~~~~~~~~~~~~^^
  File "C:\Users\Administrator\AppData\Local\Programs\Python\Python313\Lib\site-packages\jinja2\environment.py", line 942, in handle_exception
    raise rewrite_traceback_stack(source=source)
  File "D:\web_sell\app\templates\index.html", line 1, in top-level template code
    {% extends 'base.html' %}
  File "D:\web_sell\app\templates\base.html", line 96, in top-level template code
    {% block content %}
    ^^^^^^^^^^^^^^^^^
  File "D:\web_sell\app\templates\index.html", line 19, in block 'content'
    {% for product in products.items %}
    ^^^^^^^^^^^^^^^^^^^^^
  File "C:\Users\Administrator\AppData\Local\Programs\Python\Python313\Lib\site-packages\jinja2\environment.py", line 490, in getattr
    return getattr(obj, attribute)
jinja2.exceptions.UndefinedError: 'products' is undefined


--- 2026-06-17 14:24:42,829 ---
127.0.0.1 - - [17/Jun/2026 14:24:42] "[32mGET / HTTP/1.1[0m" 302 -

--- 2026-06-17 14:24:42,841 ---
L\u1ed7i \u1edf \u0111\u01b0\u1eddng d\u1eabn: /
Traceback (most recent call last):
  File "C:\Users\Administrator\AppData\Local\Programs\Python\Python313\Lib\site-packages\flask\app.py", line 917, in full_dispatch_request
    rv = self.dispatch_request()
  File "C:\Users\Administrator\AppData\Local\Programs\Python\Python313\Lib\site-packages\flask\app.py", line 902, in dispatch_request
    return self.ensure_sync(self.view_functions[rule.endpoint])(**view_args)  # type: ignore[no-any-return]
           ~~~~~~~~~~~~~~~~~~~~~~~~~~~~~~~~~~~~~~~~~~~~~~~~~~~~^^^^^^^^^^^^^
  File "D:\web_sell\app\routes.py", line 13, in home
    return render_template('index.html')
  File "C:\Users\Administrator\AppData\Local\Programs\Python\Python313\Lib\site-packages\flask\templating.py", line 151, in render_template
    return _render(app, template, context)
  File "C:\Users\Administrator\AppData\Local\Programs\Python\Python313\Lib\site-packages\flask\templating.py", line 132, in _render
    rv = template.render(context)
  File "C:\Users\Administrator\AppData\Local\Programs\Python\Python313\Lib\site-packages\jinja2\environment.py", line 1295, in render
    self.environment.handle_exception()
    ~~~~~~~~~~~~~~~~~~~~~~~~~~~~~~~~~^^
  File "C:\Users\Administrator\AppData\Local\Programs\Python\Python313\Lib\site-packages\jinja2\environment.py", line 942, in handle_exception
    raise rewrite_traceback_stack(source=source)
  File "D:\web_sell\app\templates\index.html", line 1, in top-level template code
    {% extends 'base.html' %}
  File "D:\web_sell\app\templates\base.html", line 96, in top-level template code
    {% block content %}
    ^^^^^^^^^^^^^^^^^
  File "D:\web_sell\app\templates\index.html", line 19, in block 'content'
    {% for product in products.items %}
    ^^^^^^^^^^^^^^^^^^^^^
  File "C:\Users\Administrator\AppData\Local\Programs\Python\Python313\Lib\site-packages\jinja2\environment.py", line 490, in getattr
    return getattr(obj, attribute)
jinja2.exceptions.UndefinedError: 'products' is undefined


--- 2026-06-17 14:24:42,841 ---
127.0.0.1 - - [17/Jun/2026 14:24:42] "[32mGET / HTTP/1.1[0m" 302 -

--- 2026-06-17 14:24:42,853 ---
L\u1ed7i \u1edf \u0111\u01b0\u1eddng d\u1eabn: /
Traceback (most recent call last):
  File "C:\Users\Administrator\AppData\Local\Programs\Python\Python313\Lib\site-packages\flask\app.py", line 917, in full_dispatch_request
    rv = self.dispatch_request()
  File "C:\Users\Administrator\AppData\Local\Programs\Python\Python313\Lib\site-packages\flask\app.py", line 902, in dispatch_request
    return self.ensure_sync(self.view_functions[rule.endpoint])(**view_args)  # type: ignore[no-any-return]
           ~~~~~~~~~~~~~~~~~~~~~~~~~~~~~~~~~~~~~~~~~~~~~~~~~~~~^^^^^^^^^^^^^
  File "D:\web_sell\app\routes.py", line 13, in home
    return render_template('index.html')
  File "C:\Users\Administrator\AppData\Local\Programs\Python\Python313\Lib\site-packages\flask\templating.py", line 151, in render_template
    return _render(app, template, context)
  File "C:\Users\Administrator\AppData\Local\Programs\Python\Python313\Lib\site-packages\flask\templating.py", line 132, in _render
    rv = template.render(context)
  File "C:\Users\Administrator\AppData\Local\Programs\Python\Python313\Lib\site-packages\jinja2\environment.py", line 1295, in render
    self.environment.handle_exception()
    ~~~~~~~~~~~~~~~~~~~~~~~~~~~~~~~~~^^
  File "C:\Users\Administrator\AppData\Local\Programs\Python\Python313\Lib\site-packages\jinja2\environment.py", line 942, in handle_exception
    raise rewrite_traceback_stack(source=source)
  File "D:\web_sell\app\templates\index.html", line 1, in top-level template code
    {% extends 'base.html' %}
  File "D:\web_sell\app\templates\base.html", line 96, in top-level template code
    {% block content %}
    ^^^^^^^^^^^^^^^^^
  File "D:\web_sell\app\templates\index.html", line 19, in block 'content'
    {% for product in products.items %}
    ^^^^^^^^^^^^^^^^^^^^^
  File "C:\Users\Administrator\AppData\Local\Programs\Python\Python313\Lib\site-packages\jinja2\environment.py", line 490, in getattr
    return getattr(obj, attribute)
jinja2.exceptions.UndefinedError: 'products' is undefined


--- 2026-06-17 14:24:42,854 ---
127.0.0.1 - - [17/Jun/2026 14:24:42] "[32mGET / HTTP/1.1[0m" 302 -

--- 2026-06-17 14:24:42,864 ---
L\u1ed7i \u1edf \u0111\u01b0\u1eddng d\u1eabn: /
Traceback (most recent call last):
  File "C:\Users\Administrator\AppData\Local\Programs\Python\Python313\Lib\site-packages\flask\app.py", line 917, in full_dispatch_request
    rv = self.dispatch_request()
  File "C:\Users\Administrator\AppData\Local\Programs\Python\Python313\Lib\site-packages\flask\app.py", line 902, in dispatch_request
    return self.ensure_sync(self.view_functions[rule.endpoint])(**view_args)  # type: ignore[no-any-return]
           ~~~~~~~~~~~~~~~~~~~~~~~~~~~~~~~~~~~~~~~~~~~~~~~~~~~~^^^^^^^^^^^^^
  File "D:\web_sell\app\routes.py", line 13, in home
    return render_template('index.html')
  File "C:\Users\Administrator\AppData\Local\Programs\Python\Python313\Lib\site-packages\flask\templating.py", line 151, in render_template
    return _render(app, template, context)
  File "C:\Users\Administrator\AppData\Local\Programs\Python\Python313\Lib\site-packages\flask\templating.py", line 132, in _render
    rv = template.render(context)
  File "C:\Users\Administrator\AppData\Local\Programs\Python\Python313\Lib\site-packages\jinja2\environment.py", line 1295, in render
    self.environment.handle_exception()
    ~~~~~~~~~~~~~~~~~~~~~~~~~~~~~~~~~^^
  File "C:\Users\Administrator\AppData\Local\Programs\Python\Python313\Lib\site-packages\jinja2\environment.py", line 942, in handle_exception
    raise rewrite_traceback_stack(source=source)
  File "D:\web_sell\app\templates\index.html", line 1, in top-level template code
    {% extends 'base.html' %}
  File "D:\web_sell\app\templates\base.html", line 96, in top-level template code
    {% block content %}
    ^^^^^^^^^^^^^^^^^
  File "D:\web_sell\app\templates\index.html", line 19, in block 'content'
    {% for product in products.items %}
    ^^^^^^^^^^^^^^^^^^^^^
  File "C:\Users\Administrator\AppData\Local\Programs\Python\Python313\Lib\site-packages\jinja2\environment.py", line 490, in getattr
    return getattr(obj, attribute)
jinja2.exceptions.UndefinedError: 'products' is undefined


--- 2026-06-17 14:24:42,864 ---
127.0.0.1 - - [17/Jun/2026 14:24:42] "[32mGET / HTTP/1.1[0m" 302 -

--- 2026-06-17 14:24:42,876 ---
L\u1ed7i \u1edf \u0111\u01b0\u1eddng d\u1eabn: /
Traceback (most recent call last):
  File "C:\Users\Administrator\AppData\Local\Programs\Python\Python313\Lib\site-packages\flask\app.py", line 917, in full_dispatch_request
    rv = self.dispatch_request()
  File "C:\Users\Administrator\AppData\Local\Programs\Python\Python313\Lib\site-packages\flask\app.py", line 902, in dispatch_request
    return self.ensure_sync(self.view_functions[rule.endpoint])(**view_args)  # type: ignore[no-any-return]
           ~~~~~~~~~~~~~~~~~~~~~~~~~~~~~~~~~~~~~~~~~~~~~~~~~~~~^^^^^^^^^^^^^
  File "D:\web_sell\app\routes.py", line 13, in home
    return render_template('index.html')
  File "C:\Users\Administrator\AppData\Local\Programs\Python\Python313\Lib\site-packages\flask\templating.py", line 151, in render_template
    return _render(app, template, context)
  File "C:\Users\Administrator\AppData\Local\Programs\Python\Python313\Lib\site-packages\flask\templating.py", line 132, in _render
    rv = template.render(context)
  File "C:\Users\Administrator\AppData\Local\Programs\Python\Python313\Lib\site-packages\jinja2\environment.py", line 1295, in render
    self.environment.handle_exception()
    ~~~~~~~~~~~~~~~~~~~~~~~~~~~~~~~~~^^
  File "C:\Users\Administrator\AppData\Local\Programs\Python\Python313\Lib\site-packages\jinja2\environment.py", line 942, in handle_exception
    raise rewrite_traceback_stack(source=source)
  File "D:\web_sell\app\templates\index.html", line 1, in top-level template code
    {% extends 'base.html' %}
  File "D:\web_sell\app\templates\base.html", line 96, in top-level template code
    {% block content %}
    ^^^^^^^^^^^^^^^^^
  File "D:\web_sell\app\templates\index.html", line 19, in block 'content'
    {% for product in products.items %}
    ^^^^^^^^^^^^^^^^^^^^^
  File "C:\Users\Administrator\AppData\Local\Programs\Python\Python313\Lib\site-packages\jinja2\environment.py", line 490, in getattr
    return getattr(obj, attribute)
jinja2.exceptions.UndefinedError: 'products' is undefined


--- 2026-06-17 14:24:42,876 ---
127.0.0.1 - - [17/Jun/2026 14:24:42] "[32mGET / HTTP/1.1[0m" 302 -

--- 2026-06-17 14:24:42,888 ---
L\u1ed7i \u1edf \u0111\u01b0\u1eddng d\u1eabn: /
Traceback (most recent call last):
  File "C:\Users\Administrator\AppData\Local\Programs\Python\Python313\Lib\site-packages\flask\app.py", line 917, in full_dispatch_request
    rv = self.dispatch_request()
  File "C:\Users\Administrator\AppData\Local\Programs\Python\Python313\Lib\site-packages\flask\app.py", line 902, in dispatch_request
    return self.ensure_sync(self.view_functions[rule.endpoint])(**view_args)  # type: ignore[no-any-return]
           ~~~~~~~~~~~~~~~~~~~~~~~~~~~~~~~~~~~~~~~~~~~~~~~~~~~~^^^^^^^^^^^^^
  File "D:\web_sell\app\routes.py", line 13, in home
    return render_template('index.html')
  File "C:\Users\Administrator\AppData\Local\Programs\Python\Python313\Lib\site-packages\flask\templating.py", line 151, in render_template
    return _render(app, template, context)
  File "C:\Users\Administrator\AppData\Local\Programs\Python\Python313\Lib\site-packages\flask\templating.py", line 132, in _render
    rv = template.render(context)
  File "C:\Users\Administrator\AppData\Local\Programs\Python\Python313\Lib\site-packages\jinja2\environment.py", line 1295, in render
    self.environment.handle_exception()
    ~~~~~~~~~~~~~~~~~~~~~~~~~~~~~~~~~^^
  File "C:\Users\Administrator\AppData\Local\Programs\Python\Python313\Lib\site-packages\jinja2\environment.py", line 942, in handle_exception
    raise rewrite_traceback_stack(source=source)
  File "D:\web_sell\app\templates\index.html", line 1, in top-level template code
    {% extends 'base.html' %}
  File "D:\web_sell\app\templates\base.html", line 96, in top-level template code
    {% block content %}
    ^^^^^^^^^^^^^^^^^
  File "D:\web_sell\app\templates\index.html", line 19, in block 'content'
    {% for product in products.items %}
    ^^^^^^^^^^^^^^^^^^^^^
  File "C:\Users\Administrator\AppData\Local\Programs\Python\Python313\Lib\site-packages\jinja2\environment.py", line 490, in getattr
    return getattr(obj, attribute)
jinja2.exceptions.UndefinedError: 'products' is undefined


--- 2026-06-17 14:24:42,888 ---
127.0.0.1 - - [17/Jun/2026 14:24:42] "[32mGET / HTTP/1.1[0m" 302 -

--- 2026-06-17 14:24:42,899 ---
L\u1ed7i \u1edf \u0111\u01b0\u1eddng d\u1eabn: /
Traceback (most recent call last):
  File "C:\Users\Administrator\AppData\Local\Programs\Python\Python313\Lib\site-packages\flask\app.py", line 917, in full_dispatch_request
    rv = self.dispatch_request()
  File "C:\Users\Administrator\AppData\Local\Programs\Python\Python313\Lib\site-packages\flask\app.py", line 902, in dispatch_request
    return self.ensure_sync(self.view_functions[rule.endpoint])(**view_args)  # type: ignore[no-any-return]
           ~~~~~~~~~~~~~~~~~~~~~~~~~~~~~~~~~~~~~~~~~~~~~~~~~~~~^^^^^^^^^^^^^
  File "D:\web_sell\app\routes.py", line 13, in home
    return render_template('index.html')
  File "C:\Users\Administrator\AppData\Local\Programs\Python\Python313\Lib\site-packages\flask\templating.py", line 151, in render_template
    return _render(app, template, context)
  File "C:\Users\Administrator\AppData\Local\Programs\Python\Python313\Lib\site-packages\flask\templating.py", line 132, in _render
    rv = template.render(context)
  File "C:\Users\Administrator\AppData\Local\Programs\Python\Python313\Lib\site-packages\jinja2\environment.py", line 1295, in render
    self.environment.handle_exception()
    ~~~~~~~~~~~~~~~~~~~~~~~~~~~~~~~~~^^
  File "C:\Users\Administrator\AppData\Local\Programs\Python\Python313\Lib\site-packages\jinja2\environment.py", line 942, in handle_exception
    raise rewrite_traceback_stack(source=source)
  File "D:\web_sell\app\templates\index.html", line 1, in top-level template code
    {% extends 'base.html' %}
  File "D:\web_sell\app\templates\base.html", line 96, in top-level template code
    {% block content %}
    ^^^^^^^^^^^^^^^^^
  File "D:\web_sell\app\templates\index.html", line 19, in block 'content'
    {% for product in products.items %}
    ^^^^^^^^^^^^^^^^^^^^^
  File "C:\Users\Administrator\AppData\Local\Programs\Python\Python313\Lib\site-packages\jinja2\environment.py", line 490, in getattr
    return getattr(obj, attribute)
jinja2.exceptions.UndefinedError: 'products' is undefined


--- 2026-06-17 14:24:42,899 ---
127.0.0.1 - - [17/Jun/2026 14:24:42] "[32mGET / HTTP/1.1[0m" 302 -

--- 2026-06-17 14:24:42,910 ---
L\u1ed7i \u1edf \u0111\u01b0\u1eddng d\u1eabn: /
Traceback (most recent call last):
  File "C:\Users\Administrator\AppData\Local\Programs\Python\Python313\Lib\site-packages\flask\app.py", line 917, in full_dispatch_request
    rv = self.dispatch_request()
  File "C:\Users\Administrator\AppData\Local\Programs\Python\Python313\Lib\site-packages\flask\app.py", line 902, in dispatch_request
    return self.ensure_sync(self.view_functions[rule.endpoint])(**view_args)  # type: ignore[no-any-return]
           ~~~~~~~~~~~~~~~~~~~~~~~~~~~~~~~~~~~~~~~~~~~~~~~~~~~~^^^^^^^^^^^^^
  File "D:\web_sell\app\routes.py", line 13, in home
    return render_template('index.html')
  File "C:\Users\Administrator\AppData\Local\Programs\Python\Python313\Lib\site-packages\flask\templating.py", line 151, in render_template
    return _render(app, template, context)
  File "C:\Users\Administrator\AppData\Local\Programs\Python\Python313\Lib\site-packages\flask\templating.py", line 132, in _render
    rv = template.render(context)
  File "C:\Users\Administrator\AppData\Local\Programs\Python\Python313\Lib\site-packages\jinja2\environment.py", line 1295, in render
    self.environment.handle_exception()
    ~~~~~~~~~~~~~~~~~~~~~~~~~~~~~~~~~^^
  File "C:\Users\Administrator\AppData\Local\Programs\Python\Python313\Lib\site-packages\jinja2\environment.py", line 942, in handle_exception
    raise rewrite_traceback_stack(source=source)
  File "D:\web_sell\app\templates\index.html", line 1, in top-level template code
    {% extends 'base.html' %}
  File "D:\web_sell\app\templates\base.html", line 96, in top-level template code
    {% block content %}
    ^^^^^^^^^^^^^^^^^
  File "D:\web_sell\app\templates\index.html", line 19, in block 'content'
    {% for product in products.items %}
    ^^^^^^^^^^^^^^^^^^^^^
  File "C:\Users\Administrator\AppData\Local\Programs\Python\Python313\Lib\site-packages\jinja2\environment.py", line 490, in getattr
    return getattr(obj, attribute)
jinja2.exceptions.UndefinedError: 'products' is undefined


--- 2026-06-17 14:24:42,911 ---
127.0.0.1 - - [17/Jun/2026 14:24:42] "[32mGET / HTTP/1.1[0m" 302 -

--- 2026-06-17 14:24:42,922 ---
L\u1ed7i \u1edf \u0111\u01b0\u1eddng d\u1eabn: /
Traceback (most recent call last):
  File "C:\Users\Administrator\AppData\Local\Programs\Python\Python313\Lib\site-packages\flask\app.py", line 917, in full_dispatch_request
    rv = self.dispatch_request()
  File "C:\Users\Administrator\AppData\Local\Programs\Python\Python313\Lib\site-packages\flask\app.py", line 902, in dispatch_request
    return self.ensure_sync(self.view_functions[rule.endpoint])(**view_args)  # type: ignore[no-any-return]
           ~~~~~~~~~~~~~~~~~~~~~~~~~~~~~~~~~~~~~~~~~~~~~~~~~~~~^^^^^^^^^^^^^
  File "D:\web_sell\app\routes.py", line 13, in home
    return render_template('index.html')
  File "C:\Users\Administrator\AppData\Local\Programs\Python\Python313\Lib\site-packages\flask\templating.py", line 151, in render_template
    return _render(app, template, context)
  File "C:\Users\Administrator\AppData\Local\Programs\Python\Python313\Lib\site-packages\flask\templating.py", line 132, in _render
    rv = template.render(context)
  File "C:\Users\Administrator\AppData\Local\Programs\Python\Python313\Lib\site-packages\jinja2\environment.py", line 1295, in render
    self.environment.handle_exception()
    ~~~~~~~~~~~~~~~~~~~~~~~~~~~~~~~~~^^
  File "C:\Users\Administrator\AppData\Local\Programs\Python\Python313\Lib\site-packages\jinja2\environment.py", line 942, in handle_exception
    raise rewrite_traceback_stack(source=source)
  File "D:\web_sell\app\templates\index.html", line 1, in top-level template code
    {% extends 'base.html' %}
  File "D:\web_sell\app\templates\base.html", line 96, in top-level template code
    {% block content %}
    ^^^^^^^^^^^^^^^^^
  File "D:\web_sell\app\templates\index.html", line 19, in block 'content'
    {% for product in products.items %}
    ^^^^^^^^^^^^^^^^^^^^^
  File "C:\Users\Administrator\AppData\Local\Programs\Python\Python313\Lib\site-packages\jinja2\environment.py", line 490, in getattr
    return getattr(obj, attribute)
jinja2.exceptions.UndefinedError: 'products' is undefined


--- 2026-06-17 14:24:42,923 ---
127.0.0.1 - - [17/Jun/2026 14:24:42] "[32mGET / HTTP/1.1[0m" 302 -

--- 2026-06-17 14:24:42,935 ---
L\u1ed7i \u1edf \u0111\u01b0\u1eddng d\u1eabn: /
Traceback (most recent call last):
  File "C:\Users\Administrator\AppData\Local\Programs\Python\Python313\Lib\site-packages\flask\app.py", line 917, in full_dispatch_request
    rv = self.dispatch_request()
  File "C:\Users\Administrator\AppData\Local\Programs\Python\Python313\Lib\site-packages\flask\app.py", line 902, in dispatch_request
    return self.ensure_sync(self.view_functions[rule.endpoint])(**view_args)  # type: ignore[no-any-return]
           ~~~~~~~~~~~~~~~~~~~~~~~~~~~~~~~~~~~~~~~~~~~~~~~~~~~~^^^^^^^^^^^^^
  File "D:\web_sell\app\routes.py", line 13, in home
    return render_template('index.html')
  File "C:\Users\Administrator\AppData\Local\Programs\Python\Python313\Lib\site-packages\flask\templating.py", line 151, in render_template
    return _render(app, template, context)
  File "C:\Users\Administrator\AppData\Local\Programs\Python\Python313\Lib\site-packages\flask\templating.py", line 132, in _render
    rv = template.render(context)
  File "C:\Users\Administrator\AppData\Local\Programs\Python\Python313\Lib\site-packages\jinja2\environment.py", line 1295, in render
    self.environment.handle_exception()
    ~~~~~~~~~~~~~~~~~~~~~~~~~~~~~~~~~^^
  File "C:\Users\Administrator\AppData\Local\Programs\Python\Python313\Lib\site-packages\jinja2\environment.py", line 942, in handle_exception
    raise rewrite_traceback_stack(source=source)
  File "D:\web_sell\app\templates\index.html", line 1, in top-level template code
    {% extends 'base.html' %}
  File "D:\web_sell\app\templates\base.html", line 96, in top-level template code
    {% block content %}
    ^^^^^^^^^^^^^^^^^
  File "D:\web_sell\app\templates\index.html", line 19, in block 'content'
    {% for product in products.items %}
    ^^^^^^^^^^^^^^^^^^^^^
  File "C:\Users\Administrator\AppData\Local\Programs\Python\Python313\Lib\site-packages\jinja2\environment.py", line 490, in getattr
    return getattr(obj, attribute)
jinja2.exceptions.UndefinedError: 'products' is undefined


--- 2026-06-17 14:24:42,935 ---
127.0.0.1 - - [17/Jun/2026 14:24:42] "[32mGET / HTTP/1.1[0m" 302 -

--- 2026-06-17 14:24:42,947 ---
L\u1ed7i \u1edf \u0111\u01b0\u1eddng d\u1eabn: /
Traceback (most recent call last):
  File "C:\Users\Administrator\AppData\Local\Programs\Python\Python313\Lib\site-packages\flask\app.py", line 917, in full_dispatch_request
    rv = self.dispatch_request()
  File "C:\Users\Administrator\AppData\Local\Programs\Python\Python313\Lib\site-packages\flask\app.py", line 902, in dispatch_request
    return self.ensure_sync(self.view_functions[rule.endpoint])(**view_args)  # type: ignore[no-any-return]
           ~~~~~~~~~~~~~~~~~~~~~~~~~~~~~~~~~~~~~~~~~~~~~~~~~~~~^^^^^^^^^^^^^
  File "D:\web_sell\app\routes.py", line 13, in home
    return render_template('index.html')
  File "C:\Users\Administrator\AppData\Local\Programs\Python\Python313\Lib\site-packages\flask\templating.py", line 151, in render_template
    return _render(app, template, context)
  File "C:\Users\Administrator\AppData\Local\Programs\Python\Python313\Lib\site-packages\flask\templating.py", line 132, in _render
    rv = template.render(context)
  File "C:\Users\Administrator\AppData\Local\Programs\Python\Python313\Lib\site-packages\jinja2\environment.py", line 1295, in render
    self.environment.handle_exception()
    ~~~~~~~~~~~~~~~~~~~~~~~~~~~~~~~~~^^
  File "C:\Users\Administrator\AppData\Local\Programs\Python\Python313\Lib\site-packages\jinja2\environment.py", line 942, in handle_exception
    raise rewrite_traceback_stack(source=source)
  File "D:\web_sell\app\templates\index.html", line 1, in top-level template code
    {% extends 'base.html' %}
  File "D:\web_sell\app\templates\base.html", line 96, in top-level template code
    {% block content %}
    ^^^^^^^^^^^^^^^^^
  File "D:\web_sell\app\templates\index.html", line 19, in block 'content'
    {% for product in products.items %}
    ^^^^^^^^^^^^^^^^^^^^^
  File "C:\Users\Administrator\AppData\Local\Programs\Python\Python313\Lib\site-packages\jinja2\environment.py", line 490, in getattr
    return getattr(obj, attribute)
jinja2.exceptions.UndefinedError: 'products' is undefined


--- 2026-06-17 14:24:42,948 ---
127.0.0.1 - - [17/Jun/2026 14:24:42] "[32mGET / HTTP/1.1[0m" 302 -

--- 2026-06-17 14:24:42,960 ---
L\u1ed7i \u1edf \u0111\u01b0\u1eddng d\u1eabn: /
Traceback (most recent call last):
  File "C:\Users\Administrator\AppData\Local\Programs\Python\Python313\Lib\site-packages\flask\app.py", line 917, in full_dispatch_request
    rv = self.dispatch_request()
  File "C:\Users\Administrator\AppData\Local\Programs\Python\Python313\Lib\site-packages\flask\app.py", line 902, in dispatch_request
    return self.ensure_sync(self.view_functions[rule.endpoint])(**view_args)  # type: ignore[no-any-return]
           ~~~~~~~~~~~~~~~~~~~~~~~~~~~~~~~~~~~~~~~~~~~~~~~~~~~~^^^^^^^^^^^^^
  File "D:\web_sell\app\routes.py", line 13, in home
    return render_template('index.html')
  File "C:\Users\Administrator\AppData\Local\Programs\Python\Python313\Lib\site-packages\flask\templating.py", line 151, in render_template
    return _render(app, template, context)
  File "C:\Users\Administrator\AppData\Local\Programs\Python\Python313\Lib\site-packages\flask\templating.py", line 132, in _render
    rv = template.render(context)
  File "C:\Users\Administrator\AppData\Local\Programs\Python\Python313\Lib\site-packages\jinja2\environment.py", line 1295, in render
    self.environment.handle_exception()
    ~~~~~~~~~~~~~~~~~~~~~~~~~~~~~~~~~^^
  File "C:\Users\Administrator\AppData\Local\Programs\Python\Python313\Lib\site-packages\jinja2\environment.py", line 942, in handle_exception
    raise rewrite_traceback_stack(source=source)
  File "D:\web_sell\app\templates\index.html", line 1, in top-level template code
    {% extends 'base.html' %}
  File "D:\web_sell\app\templates\base.html", line 96, in top-level template code
    {% block content %}
    ^^^^^^^^^^^^^^^^^
  File "D:\web_sell\app\templates\index.html", line 19, in block 'content'
    {% for product in products.items %}
    ^^^^^^^^^^^^^^^^^^^^^
  File "C:\Users\Administrator\AppData\Local\Programs\Python\Python313\Lib\site-packages\jinja2\environment.py", line 490, in getattr
    return getattr(obj, attribute)
jinja2.exceptions.UndefinedError: 'products' is undefined


--- 2026-06-17 14:24:42,960 ---
127.0.0.1 - - [17/Jun/2026 14:24:42] "[32mGET / HTTP/1.1[0m" 302 -

--- 2026-06-17 14:25:06,231 ---
L\u1ed7i \u1edf \u0111\u01b0\u1eddng d\u1eabn: /
Traceback (most recent call last):
  File "C:\Users\Administrator\AppData\Local\Programs\Python\Python313\Lib\site-packages\flask\app.py", line 917, in full_dispatch_request
    rv = self.dispatch_request()
  File "C:\Users\Administrator\AppData\Local\Programs\Python\Python313\Lib\site-packages\flask\app.py", line 902, in dispatch_request
    return self.ensure_sync(self.view_functions[rule.endpoint])(**view_args)  # type: ignore[no-any-return]
           ~~~~~~~~~~~~~~~~~~~~~~~~~~~~~~~~~~~~~~~~~~~~~~~~~~~~^^^^^^^^^^^^^
  File "D:\web_sell\app\routes.py", line 13, in home
    return render_template('index.html', products=products)
           ^^^^^^^^^^^^^^^^^^^^^^^^^^^^^
  File "C:\Users\Administrator\AppData\Local\Programs\Python\Python313\Lib\site-packages\flask\templating.py", line 151, in render_template
    return _render(app, template, context)
  File "C:\Users\Administrator\AppData\Local\Programs\Python\Python313\Lib\site-packages\flask\templating.py", line 132, in _render
    rv = template.render(context)
  File "C:\Users\Administrator\AppData\Local\Programs\Python\Python313\Lib\site-packages\jinja2\environment.py", line 1295, in render
    self.environment.handle_exception()
    ~~~~~~~~~~~~~~~~~~~~~~~~~~~~~~~~~^^
  File "C:\Users\Administrator\AppData\Local\Programs\Python\Python313\Lib\site-packages\jinja2\environment.py", line 942, in handle_exception
    raise rewrite_traceback_stack(source=source)
  File "D:\web_sell\app\templates\index.html", line 1, in top-level template code
    {% extends 'base.html' %}
  File "D:\web_sell\app\templates\base.html", line 96, in top-level template code
    {% block content %}
    ^^^^^^^^^^^^^^^^^
  File "D:\web_sell\app\templates\index.html", line 19, in block 'content'
    {% for product in products.items %}
    ^^^^^^^^^^^^^^^^^^^^^
  File "C:\Users\Administrator\AppData\Local\Programs\Python\Python313\Lib\site-packages\jinja2\environment.py", line 490, in getattr
    return getattr(obj, attribute)
jinja2.exceptions.UndefinedError: 'products' is undefined


--- 2026-06-17 14:25:06,231 ---
127.0.0.1 - - [17/Jun/2026 14:25:06] "[32mGET / HTTP/1.1[0m" 302 -

--- 2026-06-17 14:25:06,244 ---
L\u1ed7i \u1edf \u0111\u01b0\u1eddng d\u1eabn: /
Traceback (most recent call last):
  File "C:\Users\Administrator\AppData\Local\Programs\Python\Python313\Lib\site-packages\flask\app.py", line 917, in full_dispatch_request
    rv = self.dispatch_request()
  File "C:\Users\Administrator\AppData\Local\Programs\Python\Python313\Lib\site-packages\flask\app.py", line 902, in dispatch_request
    return self.ensure_sync(self.view_functions[rule.endpoint])(**view_args)  # type: ignore[no-any-return]
           ~~~~~~~~~~~~~~~~~~~~~~~~~~~~~~~~~~~~~~~~~~~~~~~~~~~~^^^^^^^^^^^^^
  File "D:\web_sell\app\routes.py", line 13, in home
    return render_template('index.html', products=products)
           ^^^^^^^^^^^^^^^^^^^^^^^^^^^^^
  File "C:\Users\Administrator\AppData\Local\Programs\Python\Python313\Lib\site-packages\flask\templating.py", line 151, in render_template
    return _render(app, template, context)
  File "C:\Users\Administrator\AppData\Local\Programs\Python\Python313\Lib\site-packages\flask\templating.py", line 132, in _render
    rv = template.render(context)
  File "C:\Users\Administrator\AppData\Local\Programs\Python\Python313\Lib\site-packages\jinja2\environment.py", line 1295, in render
    self.environment.handle_exception()
    ~~~~~~~~~~~~~~~~~~~~~~~~~~~~~~~~~^^
  File "C:\Users\Administrator\AppData\Local\Programs\Python\Python313\Lib\site-packages\jinja2\environment.py", line 942, in handle_exception
    raise rewrite_traceback_stack(source=source)
  File "D:\web_sell\app\templates\index.html", line 1, in top-level template code
    {% extends 'base.html' %}
  File "D:\web_sell\app\templates\base.html", line 96, in top-level template code
    {% block content %}
    ^^^^^^^^^^^^^^^^^
  File "D:\web_sell\app\templates\index.html", line 19, in block 'content'
    {% for product in products.items %}
    ^^^^^^^^^^^^^^^^^^^^^
  File "C:\Users\Administrator\AppData\Local\Programs\Python\Python313\Lib\site-packages\jinja2\environment.py", line 490, in getattr
    return getattr(obj, attribute)
jinja2.exceptions.UndefinedError: 'products' is undefined


--- 2026-06-17 14:25:06,244 ---
127.0.0.1 - - [17/Jun/2026 14:25:06] "[32mGET / HTTP/1.1[0m" 302 -

--- 2026-06-17 14:25:06,260 ---
L\u1ed7i \u1edf \u0111\u01b0\u1eddng d\u1eabn: /
Traceback (most recent call last):
  File "C:\Users\Administrator\AppData\Local\Programs\Python\Python313\Lib\site-packages\flask\app.py", line 917, in full_dispatch_request
    rv = self.dispatch_request()
  File "C:\Users\Administrator\AppData\Local\Programs\Python\Python313\Lib\site-packages\flask\app.py", line 902, in dispatch_request
    return self.ensure_sync(self.view_functions[rule.endpoint])(**view_args)  # type: ignore[no-any-return]
           ~~~~~~~~~~~~~~~~~~~~~~~~~~~~~~~~~~~~~~~~~~~~~~~~~~~~^^^^^^^^^^^^^
  File "D:\web_sell\app\routes.py", line 13, in home
    return render_template('index.html', products=products)
           ^^^^^^^^^^^^^^^^^^^^^^^^^^^^^
  File "C:\Users\Administrator\AppData\Local\Programs\Python\Python313\Lib\site-packages\flask\templating.py", line 151, in render_template
    return _render(app, template, context)
  File "C:\Users\Administrator\AppData\Local\Programs\Python\Python313\Lib\site-packages\flask\templating.py", line 132, in _render
    rv = template.render(context)
  File "C:\Users\Administrator\AppData\Local\Programs\Python\Python313\Lib\site-packages\jinja2\environment.py", line 1295, in render
    self.environment.handle_exception()
    ~~~~~~~~~~~~~~~~~~~~~~~~~~~~~~~~~^^
  File "C:\Users\Administrator\AppData\Local\Programs\Python\Python313\Lib\site-packages\jinja2\environment.py", line 942, in handle_exception
    raise rewrite_traceback_stack(source=source)
  File "D:\web_sell\app\templates\index.html", line 1, in top-level template code
    {% extends 'base.html' %}
  File "D:\web_sell\app\templates\base.html", line 96, in top-level template code
    {% block content %}
    ^^^^^^^^^^^^^^^^^
  File "D:\web_sell\app\templates\index.html", line 19, in block 'content'
    {% for product in products.items %}
    ^^^^^^^^^^^^^^^^^^^^^
  File "C:\Users\Administrator\AppData\Local\Programs\Python\Python313\Lib\site-packages\jinja2\environment.py", line 490, in getattr
    return getattr(obj, attribute)
jinja2.exceptions.UndefinedError: 'products' is undefined


--- 2026-06-17 14:25:06,261 ---
127.0.0.1 - - [17/Jun/2026 14:25:06] "[32mGET / HTTP/1.1[0m" 302 -

--- 2026-06-17 14:25:06,273 ---
L\u1ed7i \u1edf \u0111\u01b0\u1eddng d\u1eabn: /
Traceback (most recent call last):
  File "C:\Users\Administrator\AppData\Local\Programs\Python\Python313\Lib\site-packages\flask\app.py", line 917, in full_dispatch_request
    rv = self.dispatch_request()
  File "C:\Users\Administrator\AppData\Local\Programs\Python\Python313\Lib\site-packages\flask\app.py", line 902, in dispatch_request
    return self.ensure_sync(self.view_functions[rule.endpoint])(**view_args)  # type: ignore[no-any-return]
           ~~~~~~~~~~~~~~~~~~~~~~~~~~~~~~~~~~~~~~~~~~~~~~~~~~~~^^^^^^^^^^^^^
  File "D:\web_sell\app\routes.py", line 13, in home
    return render_template('index.html', products=products)
           ^^^^^^^^^^^^^^^^^^^^^^^^^^^^^
  File "C:\Users\Administrator\AppData\Local\Programs\Python\Python313\Lib\site-packages\flask\templating.py", line 151, in render_template
    return _render(app, template, context)
  File "C:\Users\Administrator\AppData\Local\Programs\Python\Python313\Lib\site-packages\flask\templating.py", line 132, in _render
    rv = template.render(context)
  File "C:\Users\Administrator\AppData\Local\Programs\Python\Python313\Lib\site-packages\jinja2\environment.py", line 1295, in render
    self.environment.handle_exception()
    ~~~~~~~~~~~~~~~~~~~~~~~~~~~~~~~~~^^
  File "C:\Users\Administrator\AppData\Local\Programs\Python\Python313\Lib\site-packages\jinja2\environment.py", line 942, in handle_exception
    raise rewrite_traceback_stack(source=source)
  File "D:\web_sell\app\templates\index.html", line 1, in top-level template code
    {% extends 'base.html' %}
  File "D:\web_sell\app\templates\base.html", line 96, in top-level template code
    {% block content %}
    ^^^^^^^^^^^^^^^^^
  File "D:\web_sell\app\templates\index.html", line 19, in block 'content'
    {% for product in products.items %}
    ^^^^^^^^^^^^^^^^^^^^^
  File "C:\Users\Administrator\AppData\Local\Programs\Python\Python313\Lib\site-packages\jinja2\environment.py", line 490, in getattr
    return getattr(obj, attribute)
jinja2.exceptions.UndefinedError: 'products' is undefined


--- 2026-06-17 14:25:06,273 ---
127.0.0.1 - - [17/Jun/2026 14:25:06] "[32mGET / HTTP/1.1[0m" 302 -

--- 2026-06-17 14:25:06,285 ---
L\u1ed7i \u1edf \u0111\u01b0\u1eddng d\u1eabn: /
Traceback (most recent call last):
  File "C:\Users\Administrator\AppData\Local\Programs\Python\Python313\Lib\site-packages\flask\app.py", line 917, in full_dispatch_request
    rv = self.dispatch_request()
  File "C:\Users\Administrator\AppData\Local\Programs\Python\Python313\Lib\site-packages\flask\app.py", line 902, in dispatch_request
    return self.ensure_sync(self.view_functions[rule.endpoint])(**view_args)  # type: ignore[no-any-return]
           ~~~~~~~~~~~~~~~~~~~~~~~~~~~~~~~~~~~~~~~~~~~~~~~~~~~~^^^^^^^^^^^^^
  File "D:\web_sell\app\routes.py", line 13, in home
    return render_template('index.html', products=products)
           ^^^^^^^^^^^^^^^^^^^^^^^^^^^^^
  File "C:\Users\Administrator\AppData\Local\Programs\Python\Python313\Lib\site-packages\flask\templating.py", line 151, in render_template
    return _render(app, template, context)
  File "C:\Users\Administrator\AppData\Local\Programs\Python\Python313\Lib\site-packages\flask\templating.py", line 132, in _render
    rv = template.render(context)
  File "C:\Users\Administrator\AppData\Local\Programs\Python\Python313\Lib\site-packages\jinja2\environment.py", line 1295, in render
    self.environment.handle_exception()
    ~~~~~~~~~~~~~~~~~~~~~~~~~~~~~~~~~^^
  File "C:\Users\Administrator\AppData\Local\Programs\Python\Python313\Lib\site-packages\jinja2\environment.py", line 942, in handle_exception
    raise rewrite_traceback_stack(source=source)
  File "D:\web_sell\app\templates\index.html", line 1, in top-level template code
    {% extends 'base.html' %}
  File "D:\web_sell\app\templates\base.html", line 96, in top-level template code
    {% block content %}
    ^^^^^^^^^^^^^^^^^
  File "D:\web_sell\app\templates\index.html", line 19, in block 'content'
    {% for product in products.items %}
    ^^^^^^^^^^^^^^^^^^^^^
  File "C:\Users\Administrator\AppData\Local\Programs\Python\Python313\Lib\site-packages\jinja2\environment.py", line 490, in getattr
    return getattr(obj, attribute)
jinja2.exceptions.UndefinedError: 'products' is undefined


--- 2026-06-17 14:25:06,286 ---
127.0.0.1 - - [17/Jun/2026 14:25:06] "[32mGET / HTTP/1.1[0m" 302 -

--- 2026-06-17 14:25:06,297 ---
L\u1ed7i \u1edf \u0111\u01b0\u1eddng d\u1eabn: /
Traceback (most recent call last):
  File "C:\Users\Administrator\AppData\Local\Programs\Python\Python313\Lib\site-packages\flask\app.py", line 917, in full_dispatch_request
    rv = self.dispatch_request()
  File "C:\Users\Administrator\AppData\Local\Programs\Python\Python313\Lib\site-packages\flask\app.py", line 902, in dispatch_request
    return self.ensure_sync(self.view_functions[rule.endpoint])(**view_args)  # type: ignore[no-any-return]
           ~~~~~~~~~~~~~~~~~~~~~~~~~~~~~~~~~~~~~~~~~~~~~~~~~~~~^^^^^^^^^^^^^
  File "D:\web_sell\app\routes.py", line 13, in home
    return render_template('index.html', products=products)
           ^^^^^^^^^^^^^^^^^^^^^^^^^^^^^
  File "C:\Users\Administrator\AppData\Local\Programs\Python\Python313\Lib\site-packages\flask\templating.py", line 151, in render_template
    return _render(app, template, context)
  File "C:\Users\Administrator\AppData\Local\Programs\Python\Python313\Lib\site-packages\flask\templating.py", line 132, in _render
    rv = template.render(context)
  File "C:\Users\Administrator\AppData\Local\Programs\Python\Python313\Lib\site-packages\jinja2\environment.py", line 1295, in render
    self.environment.handle_exception()
    ~~~~~~~~~~~~~~~~~~~~~~~~~~~~~~~~~^^
  File "C:\Users\Administrator\AppData\Local\Programs\Python\Python313\Lib\site-packages\jinja2\environment.py", line 942, in handle_exception
    raise rewrite_traceback_stack(source=source)
  File "D:\web_sell\app\templates\index.html", line 1, in top-level template code
    {% extends 'base.html' %}
  File "D:\web_sell\app\templates\base.html", line 96, in top-level template code
    {% block content %}
    ^^^^^^^^^^^^^^^^^
  File "D:\web_sell\app\templates\index.html", line 19, in block 'content'
    {% for product in products.items %}
    ^^^^^^^^^^^^^^^^^^^^^
  File "C:\Users\Administrator\AppData\Local\Programs\Python\Python313\Lib\site-packages\jinja2\environment.py", line 490, in getattr
    return getattr(obj, attribute)
jinja2.exceptions.UndefinedError: 'products' is undefined


--- 2026-06-17 14:25:06,298 ---
127.0.0.1 - - [17/Jun/2026 14:25:06] "[32mGET / HTTP/1.1[0m" 302 -

--- 2026-06-17 14:25:06,310 ---
L\u1ed7i \u1edf \u0111\u01b0\u1eddng d\u1eabn: /
Traceback (most recent call last):
  File "C:\Users\Administrator\AppData\Local\Programs\Python\Python313\Lib\site-packages\flask\app.py", line 917, in full_dispatch_request
    rv = self.dispatch_request()
  File "C:\Users\Administrator\AppData\Local\Programs\Python\Python313\Lib\site-packages\flask\app.py", line 902, in dispatch_request
    return self.ensure_sync(self.view_functions[rule.endpoint])(**view_args)  # type: ignore[no-any-return]
           ~~~~~~~~~~~~~~~~~~~~~~~~~~~~~~~~~~~~~~~~~~~~~~~~~~~~^^^^^^^^^^^^^
  File "D:\web_sell\app\routes.py", line 13, in home
    return render_template('index.html', products=products)
           ^^^^^^^^^^^^^^^^^^^^^^^^^^^^^
  File "C:\Users\Administrator\AppData\Local\Programs\Python\Python313\Lib\site-packages\flask\templating.py", line 151, in render_template
    return _render(app, template, context)
  File "C:\Users\Administrator\AppData\Local\Programs\Python\Python313\Lib\site-packages\flask\templating.py", line 132, in _render
    rv = template.render(context)
  File "C:\Users\Administrator\AppData\Local\Programs\Python\Python313\Lib\site-packages\jinja2\environment.py", line 1295, in render
    self.environment.handle_exception()
    ~~~~~~~~~~~~~~~~~~~~~~~~~~~~~~~~~^^
  File "C:\Users\Administrator\AppData\Local\Programs\Python\Python313\Lib\site-packages\jinja2\environment.py", line 942, in handle_exception
    raise rewrite_traceback_stack(source=source)
  File "D:\web_sell\app\templates\index.html", line 1, in top-level template code
    {% extends 'base.html' %}
  File "D:\web_sell\app\templates\base.html", line 96, in top-level template code
    {% block content %}
    ^^^^^^^^^^^^^^^^^
  File "D:\web_sell\app\templates\index.html", line 19, in block 'content'
    {% for product in products.items %}
    ^^^^^^^^^^^^^^^^^^^^^
  File "C:\Users\Administrator\AppData\Local\Programs\Python\Python313\Lib\site-packages\jinja2\environment.py", line 490, in getattr
    return getattr(obj, attribute)
jinja2.exceptions.UndefinedError: 'products' is undefined


--- 2026-06-17 14:25:06,311 ---
127.0.0.1 - - [17/Jun/2026 14:25:06] "[32mGET / HTTP/1.1[0m" 302 -

--- 2026-06-17 14:25:06,324 ---
L\u1ed7i \u1edf \u0111\u01b0\u1eddng d\u1eabn: /
Traceback (most recent call last):
  File "C:\Users\Administrator\AppData\Local\Programs\Python\Python313\Lib\site-packages\flask\app.py", line 917, in full_dispatch_request
    rv = self.dispatch_request()
  File "C:\Users\Administrator\AppData\Local\Programs\Python\Python313\Lib\site-packages\flask\app.py", line 902, in dispatch_request
    return self.ensure_sync(self.view_functions[rule.endpoint])(**view_args)  # type: ignore[no-any-return]
           ~~~~~~~~~~~~~~~~~~~~~~~~~~~~~~~~~~~~~~~~~~~~~~~~~~~~^^^^^^^^^^^^^
  File "D:\web_sell\app\routes.py", line 13, in home
    return render_template('index.html', products=products)
           ^^^^^^^^^^^^^^^^^^^^^^^^^^^^^
  File "C:\Users\Administrator\AppData\Local\Programs\Python\Python313\Lib\site-packages\flask\templating.py", line 151, in render_template
    return _render(app, template, context)
  File "C:\Users\Administrator\AppData\Local\Programs\Python\Python313\Lib\site-packages\flask\templating.py", line 132, in _render
    rv = template.render(context)
  File "C:\Users\Administrator\AppData\Local\Programs\Python\Python313\Lib\site-packages\jinja2\environment.py", line 1295, in render
    self.environment.handle_exception()
    ~~~~~~~~~~~~~~~~~~~~~~~~~~~~~~~~~^^
  File "C:\Users\Administrator\AppData\Local\Programs\Python\Python313\Lib\site-packages\jinja2\environment.py", line 942, in handle_exception
    raise rewrite_traceback_stack(source=source)
  File "D:\web_sell\app\templates\index.html", line 1, in top-level template code
    {% extends 'base.html' %}
  File "D:\web_sell\app\templates\base.html", line 96, in top-level template code
    {% block content %}
    ^^^^^^^^^^^^^^^^^
  File "D:\web_sell\app\templates\index.html", line 19, in block 'content'
    {% for product in products.items %}
    ^^^^^^^^^^^^^^^^^^^^^
  File "C:\Users\Administrator\AppData\Local\Programs\Python\Python313\Lib\site-packages\jinja2\environment.py", line 490, in getattr
    return getattr(obj, attribute)
jinja2.exceptions.UndefinedError: 'products' is undefined


--- 2026-06-17 14:25:06,324 ---
127.0.0.1 - - [17/Jun/2026 14:25:06] "[32mGET / HTTP/1.1[0m" 302 -

--- 2026-06-17 14:25:06,336 ---
L\u1ed7i \u1edf \u0111\u01b0\u1eddng d\u1eabn: /
Traceback (most recent call last):
  File "C:\Users\Administrator\AppData\Local\Programs\Python\Python313\Lib\site-packages\flask\app.py", line 917, in full_dispatch_request
    rv = self.dispatch_request()
  File "C:\Users\Administrator\AppData\Local\Programs\Python\Python313\Lib\site-packages\flask\app.py", line 902, in dispatch_request
    return self.ensure_sync(self.view_functions[rule.endpoint])(**view_args)  # type: ignore[no-any-return]
           ~~~~~~~~~~~~~~~~~~~~~~~~~~~~~~~~~~~~~~~~~~~~~~~~~~~~^^^^^^^^^^^^^
  File "D:\web_sell\app\routes.py", line 13, in home
    return render_template('index.html', products=products)
           ^^^^^^^^^^^^^^^^^^^^^^^^^^^^^
  File "C:\Users\Administrator\AppData\Local\Programs\Python\Python313\Lib\site-packages\flask\templating.py", line 151, in render_template
    return _render(app, template, context)
  File "C:\Users\Administrator\AppData\Local\Programs\Python\Python313\Lib\site-packages\flask\templating.py", line 132, in _render
    rv = template.render(context)
  File "C:\Users\Administrator\AppData\Local\Programs\Python\Python313\Lib\site-packages\jinja2\environment.py", line 1295, in render
    self.environment.handle_exception()
    ~~~~~~~~~~~~~~~~~~~~~~~~~~~~~~~~~^^
  File "C:\Users\Administrator\AppData\Local\Programs\Python\Python313\Lib\site-packages\jinja2\environment.py", line 942, in handle_exception
    raise rewrite_traceback_stack(source=source)
  File "D:\web_sell\app\templates\index.html", line 1, in top-level template code
    {% extends 'base.html' %}
  File "D:\web_sell\app\templates\base.html", line 96, in top-level template code
    {% block content %}
    ^^^^^^^^^^^^^^^^^
  File "D:\web_sell\app\templates\index.html", line 19, in block 'content'
    {% for product in products.items %}
    ^^^^^^^^^^^^^^^^^^^^^
  File "C:\Users\Administrator\AppData\Local\Programs\Python\Python313\Lib\site-packages\jinja2\environment.py", line 490, in getattr
    return getattr(obj, attribute)
jinja2.exceptions.UndefinedError: 'products' is undefined


--- 2026-06-17 14:25:06,337 ---
127.0.0.1 - - [17/Jun/2026 14:25:06] "[32mGET / HTTP/1.1[0m" 302 -

--- 2026-06-17 14:25:06,347 ---
L\u1ed7i \u1edf \u0111\u01b0\u1eddng d\u1eabn: /
Traceback (most recent call last):
  File "C:\Users\Administrator\AppData\Local\Programs\Python\Python313\Lib\site-packages\flask\app.py", line 917, in full_dispatch_request
    rv = self.dispatch_request()
  File "C:\Users\Administrator\AppData\Local\Programs\Python\Python313\Lib\site-packages\flask\app.py", line 902, in dispatch_request
    return self.ensure_sync(self.view_functions[rule.endpoint])(**view_args)  # type: ignore[no-any-return]
           ~~~~~~~~~~~~~~~~~~~~~~~~~~~~~~~~~~~~~~~~~~~~~~~~~~~~^^^^^^^^^^^^^
  File "D:\web_sell\app\routes.py", line 13, in home
    return render_template('index.html', products=products)
           ^^^^^^^^^^^^^^^^^^^^^^^^^^^^^
  File "C:\Users\Administrator\AppData\Local\Programs\Python\Python313\Lib\site-packages\flask\templating.py", line 151, in render_template
    return _render(app, template, context)
  File "C:\Users\Administrator\AppData\Local\Programs\Python\Python313\Lib\site-packages\flask\templating.py", line 132, in _render
    rv = template.render(context)
  File "C:\Users\Administrator\AppData\Local\Programs\Python\Python313\Lib\site-packages\jinja2\environment.py", line 1295, in render
    self.environment.handle_exception()
    ~~~~~~~~~~~~~~~~~~~~~~~~~~~~~~~~~^^
  File "C:\Users\Administrator\AppData\Local\Programs\Python\Python313\Lib\site-packages\jinja2\environment.py", line 942, in handle_exception
    raise rewrite_traceback_stack(source=source)
  File "D:\web_sell\app\templates\index.html", line 1, in top-level template code
    {% extends 'base.html' %}
  File "D:\web_sell\app\templates\base.html", line 96, in top-level template code
    {% block content %}
    ^^^^^^^^^^^^^^^^^
  File "D:\web_sell\app\templates\index.html", line 19, in block 'content'
    {% for product in products.items %}
    ^^^^^^^^^^^^^^^^^^^^^
  File "C:\Users\Administrator\AppData\Local\Programs\Python\Python313\Lib\site-packages\jinja2\environment.py", line 490, in getattr
    return getattr(obj, attribute)
jinja2.exceptions.UndefinedError: 'products' is undefined


--- 2026-06-17 14:25:06,348 ---
127.0.0.1 - - [17/Jun/2026 14:25:06] "[32mGET / HTTP/1.1[0m" 302 -

--- 2026-06-17 14:25:06,360 ---
L\u1ed7i \u1edf \u0111\u01b0\u1eddng d\u1eabn: /
Traceback (most recent call last):
  File "C:\Users\Administrator\AppData\Local\Programs\Python\Python313\Lib\site-packages\flask\app.py", line 917, in full_dispatch_request
    rv = self.dispatch_request()
  File "C:\Users\Administrator\AppData\Local\Programs\Python\Python313\Lib\site-packages\flask\app.py", line 902, in dispatch_request
    return self.ensure_sync(self.view_functions[rule.endpoint])(**view_args)  # type: ignore[no-any-return]
           ~~~~~~~~~~~~~~~~~~~~~~~~~~~~~~~~~~~~~~~~~~~~~~~~~~~~^^^^^^^^^^^^^
  File "D:\web_sell\app\routes.py", line 13, in home
    return render_template('index.html', products=products)
           ^^^^^^^^^^^^^^^^^^^^^^^^^^^^^
  File "C:\Users\Administrator\AppData\Local\Programs\Python\Python313\Lib\site-packages\flask\templating.py", line 151, in render_template
    return _render(app, template, context)
  File "C:\Users\Administrator\AppData\Local\Programs\Python\Python313\Lib\site-packages\flask\templating.py", line 132, in _render
    rv = template.render(context)
  File "C:\Users\Administrator\AppData\Local\Programs\Python\Python313\Lib\site-packages\jinja2\environment.py", line 1295, in render
    self.environment.handle_exception()
    ~~~~~~~~~~~~~~~~~~~~~~~~~~~~~~~~~^^
  File "C:\Users\Administrator\AppData\Local\Programs\Python\Python313\Lib\site-packages\jinja2\environment.py", line 942, in handle_exception
    raise rewrite_traceback_stack(source=source)
  File "D:\web_sell\app\templates\index.html", line 1, in top-level template code
    {% extends 'base.html' %}
  File "D:\web_sell\app\templates\base.html", line 96, in top-level template code
    {% block content %}
    ^^^^^^^^^^^^^^^^^
  File "D:\web_sell\app\templates\index.html", line 19, in block 'content'
    {% for product in products.items %}
    ^^^^^^^^^^^^^^^^^^^^^
  File "C:\Users\Administrator\AppData\Local\Programs\Python\Python313\Lib\site-packages\jinja2\environment.py", line 490, in getattr
    return getattr(obj, attribute)
jinja2.exceptions.UndefinedError: 'products' is undefined


--- 2026-06-17 14:25:06,361 ---
127.0.0.1 - - [17/Jun/2026 14:25:06] "[32mGET / HTTP/1.1[0m" 302 -

--- 2026-06-17 14:25:06,372 ---
L\u1ed7i \u1edf \u0111\u01b0\u1eddng d\u1eabn: /
Traceback (most recent call last):
  File "C:\Users\Administrator\AppData\Local\Programs\Python\Python313\Lib\site-packages\flask\app.py", line 917, in full_dispatch_request
    rv = self.dispatch_request()
  File "C:\Users\Administrator\AppData\Local\Programs\Python\Python313\Lib\site-packages\flask\app.py", line 902, in dispatch_request
    return self.ensure_sync(self.view_functions[rule.endpoint])(**view_args)  # type: ignore[no-any-return]
           ~~~~~~~~~~~~~~~~~~~~~~~~~~~~~~~~~~~~~~~~~~~~~~~~~~~~^^^^^^^^^^^^^
  File "D:\web_sell\app\routes.py", line 13, in home
    return render_template('index.html', products=products)
           ^^^^^^^^^^^^^^^^^^^^^^^^^^^^^
  File "C:\Users\Administrator\AppData\Local\Programs\Python\Python313\Lib\site-packages\flask\templating.py", line 151, in render_template
    return _render(app, template, context)
  File "C:\Users\Administrator\AppData\Local\Programs\Python\Python313\Lib\site-packages\flask\templating.py", line 132, in _render
    rv = template.render(context)
  File "C:\Users\Administrator\AppData\Local\Programs\Python\Python313\Lib\site-packages\jinja2\environment.py", line 1295, in render
    self.environment.handle_exception()
    ~~~~~~~~~~~~~~~~~~~~~~~~~~~~~~~~~^^
  File "C:\Users\Administrator\AppData\Local\Programs\Python\Python313\Lib\site-packages\jinja2\environment.py", line 942, in handle_exception
    raise rewrite_traceback_stack(source=source)
  File "D:\web_sell\app\templates\index.html", line 1, in top-level template code
    {% extends 'base.html' %}
  File "D:\web_sell\app\templates\base.html", line 96, in top-level template code
    {% block content %}
    ^^^^^^^^^^^^^^^^^
  File "D:\web_sell\app\templates\index.html", line 19, in block 'content'
    {% for product in products.items %}
    ^^^^^^^^^^^^^^^^^^^^^
  File "C:\Users\Administrator\AppData\Local\Programs\Python\Python313\Lib\site-packages\jinja2\environment.py", line 490, in getattr
    return getattr(obj, attribute)
jinja2.exceptions.UndefinedError: 'products' is undefined


--- 2026-06-17 14:25:06,373 ---
127.0.0.1 - - [17/Jun/2026 14:25:06] "[32mGET / HTTP/1.1[0m" 302 -

--- 2026-06-17 14:25:06,383 ---
L\u1ed7i \u1edf \u0111\u01b0\u1eddng d\u1eabn: /
Traceback (most recent call last):
  File "C:\Users\Administrator\AppData\Local\Programs\Python\Python313\Lib\site-packages\flask\app.py", line 917, in full_dispatch_request
    rv = self.dispatch_request()
  File "C:\Users\Administrator\AppData\Local\Programs\Python\Python313\Lib\site-packages\flask\app.py", line 902, in dispatch_request
    return self.ensure_sync(self.view_functions[rule.endpoint])(**view_args)  # type: ignore[no-any-return]
           ~~~~~~~~~~~~~~~~~~~~~~~~~~~~~~~~~~~~~~~~~~~~~~~~~~~~^^^^^^^^^^^^^
  File "D:\web_sell\app\routes.py", line 13, in home
    return render_template('index.html', products=products)
           ^^^^^^^^^^^^^^^^^^^^^^^^^^^^^
  File "C:\Users\Administrator\AppData\Local\Programs\Python\Python313\Lib\site-packages\flask\templating.py", line 151, in render_template
    return _render(app, template, context)
  File "C:\Users\Administrator\AppData\Local\Programs\Python\Python313\Lib\site-packages\flask\templating.py", line 132, in _render
    rv = template.render(context)
  File "C:\Users\Administrator\AppData\Local\Programs\Python\Python313\Lib\site-packages\jinja2\environment.py", line 1295, in render
    self.environment.handle_exception()
    ~~~~~~~~~~~~~~~~~~~~~~~~~~~~~~~~~^^
  File "C:\Users\Administrator\AppData\Local\Programs\Python\Python313\Lib\site-packages\jinja2\environment.py", line 942, in handle_exception
    raise rewrite_traceback_stack(source=source)
  File "D:\web_sell\app\templates\index.html", line 1, in top-level template code
    {% extends 'base.html' %}
  File "D:\web_sell\app\templates\base.html", line 96, in top-level template code
    {% block content %}
    ^^^^^^^^^^^^^^^^^
  File "D:\web_sell\app\templates\index.html", line 19, in block 'content'
    {% for product in products.items %}
    ^^^^^^^^^^^^^^^^^^^^^
  File "C:\Users\Administrator\AppData\Local\Programs\Python\Python313\Lib\site-packages\jinja2\environment.py", line 490, in getattr
    return getattr(obj, attribute)
jinja2.exceptions.UndefinedError: 'products' is undefined


--- 2026-06-17 14:25:06,384 ---
127.0.0.1 - - [17/Jun/2026 14:25:06] "[32mGET / HTTP/1.1[0m" 302 -

--- 2026-06-17 14:25:06,395 ---
L\u1ed7i \u1edf \u0111\u01b0\u1eddng d\u1eabn: /
Traceback (most recent call last):
  File "C:\Users\Administrator\AppData\Local\Programs\Python\Python313\Lib\site-packages\flask\app.py", line 917, in full_dispatch_request
    rv = self.dispatch_request()
  File "C:\Users\Administrator\AppData\Local\Programs\Python\Python313\Lib\site-packages\flask\app.py", line 902, in dispatch_request
    return self.ensure_sync(self.view_functions[rule.endpoint])(**view_args)  # type: ignore[no-any-return]
           ~~~~~~~~~~~~~~~~~~~~~~~~~~~~~~~~~~~~~~~~~~~~~~~~~~~~^^^^^^^^^^^^^
  File "D:\web_sell\app\routes.py", line 13, in home
    return render_template('index.html', products=products)
           ^^^^^^^^^^^^^^^^^^^^^^^^^^^^^
  File "C:\Users\Administrator\AppData\Local\Programs\Python\Python313\Lib\site-packages\flask\templating.py", line 151, in render_template
    return _render(app, template, context)
  File "C:\Users\Administrator\AppData\Local\Programs\Python\Python313\Lib\site-packages\flask\templating.py", line 132, in _render
    rv = template.render(context)
  File "C:\Users\Administrator\AppData\Local\Programs\Python\Python313\Lib\site-packages\jinja2\environment.py", line 1295, in render
    self.environment.handle_exception()
    ~~~~~~~~~~~~~~~~~~~~~~~~~~~~~~~~~^^
  File "C:\Users\Administrator\AppData\Local\Programs\Python\Python313\Lib\site-packages\jinja2\environment.py", line 942, in handle_exception
    raise rewrite_traceback_stack(source=source)
  File "D:\web_sell\app\templates\index.html", line 1, in top-level template code
    {% extends 'base.html' %}
  File "D:\web_sell\app\templates\base.html", line 96, in top-level template code
    {% block content %}
    ^^^^^^^^^^^^^^^^^
  File "D:\web_sell\app\templates\index.html", line 19, in block 'content'
    {% for product in products.items %}
    ^^^^^^^^^^^^^^^^^^^^^
  File "C:\Users\Administrator\AppData\Local\Programs\Python\Python313\Lib\site-packages\jinja2\environment.py", line 490, in getattr
    return getattr(obj, attribute)
jinja2.exceptions.UndefinedError: 'products' is undefined


--- 2026-06-17 14:25:06,396 ---
127.0.0.1 - - [17/Jun/2026 14:25:06] "[32mGET / HTTP/1.1[0m" 302 -

--- 2026-06-17 14:25:06,407 ---
L\u1ed7i \u1edf \u0111\u01b0\u1eddng d\u1eabn: /
Traceback (most recent call last):
  File "C:\Users\Administrator\AppData\Local\Programs\Python\Python313\Lib\site-packages\flask\app.py", line 917, in full_dispatch_request
    rv = self.dispatch_request()
  File "C:\Users\Administrator\AppData\Local\Programs\Python\Python313\Lib\site-packages\flask\app.py", line 902, in dispatch_request
    return self.ensure_sync(self.view_functions[rule.endpoint])(**view_args)  # type: ignore[no-any-return]
           ~~~~~~~~~~~~~~~~~~~~~~~~~~~~~~~~~~~~~~~~~~~~~~~~~~~~^^^^^^^^^^^^^
  File "D:\web_sell\app\routes.py", line 13, in home
    return render_template('index.html', products=products)
           ^^^^^^^^^^^^^^^^^^^^^^^^^^^^^
  File "C:\Users\Administrator\AppData\Local\Programs\Python\Python313\Lib\site-packages\flask\templating.py", line 151, in render_template
    return _render(app, template, context)
  File "C:\Users\Administrator\AppData\Local\Programs\Python\Python313\Lib\site-packages\flask\templating.py", line 132, in _render
    rv = template.render(context)
  File "C:\Users\Administrator\AppData\Local\Programs\Python\Python313\Lib\site-packages\jinja2\environment.py", line 1295, in render
    self.environment.handle_exception()
    ~~~~~~~~~~~~~~~~~~~~~~~~~~~~~~~~~^^
  File "C:\Users\Administrator\AppData\Local\Programs\Python\Python313\Lib\site-packages\jinja2\environment.py", line 942, in handle_exception
    raise rewrite_traceback_stack(source=source)
  File "D:\web_sell\app\templates\index.html", line 1, in top-level template code
    {% extends 'base.html' %}
  File "D:\web_sell\app\templates\base.html", line 96, in top-level template code
    {% block content %}
    ^^^^^^^^^^^^^^^^^
  File "D:\web_sell\app\templates\index.html", line 19, in block 'content'
    {% for product in products.items %}
    ^^^^^^^^^^^^^^^^^^^^^
  File "C:\Users\Administrator\AppData\Local\Programs\Python\Python313\Lib\site-packages\jinja2\environment.py", line 490, in getattr
    return getattr(obj, attribute)
jinja2.exceptions.UndefinedError: 'products' is undefined


--- 2026-06-17 14:25:06,408 ---
127.0.0.1 - - [17/Jun/2026 14:25:06] "[32mGET / HTTP/1.1[0m" 302 -

--- 2026-06-17 14:25:06,422 ---
L\u1ed7i \u1edf \u0111\u01b0\u1eddng d\u1eabn: /
Traceback (most recent call last):
  File "C:\Users\Administrator\AppData\Local\Programs\Python\Python313\Lib\site-packages\flask\app.py", line 917, in full_dispatch_request
    rv = self.dispatch_request()
  File "C:\Users\Administrator\AppData\Local\Programs\Python\Python313\Lib\site-packages\flask\app.py", line 902, in dispatch_request
    return self.ensure_sync(self.view_functions[rule.endpoint])(**view_args)  # type: ignore[no-any-return]
           ~~~~~~~~~~~~~~~~~~~~~~~~~~~~~~~~~~~~~~~~~~~~~~~~~~~~^^^^^^^^^^^^^
  File "D:\web_sell\app\routes.py", line 13, in home
    return render_template('index.html', products=products)
           ^^^^^^^^^^^^^^^^^^^^^^^^^^^^^
  File "C:\Users\Administrator\AppData\Local\Programs\Python\Python313\Lib\site-packages\flask\templating.py", line 151, in render_template
    return _render(app, template, context)
  File "C:\Users\Administrator\AppData\Local\Programs\Python\Python313\Lib\site-packages\flask\templating.py", line 132, in _render
    rv = template.render(context)
  File "C:\Users\Administrator\AppData\Local\Programs\Python\Python313\Lib\site-packages\jinja2\environment.py", line 1295, in render
    self.environment.handle_exception()
    ~~~~~~~~~~~~~~~~~~~~~~~~~~~~~~~~~^^
  File "C:\Users\Administrator\AppData\Local\Programs\Python\Python313\Lib\site-packages\jinja2\environment.py", line 942, in handle_exception
    raise rewrite_traceback_stack(source=source)
  File "D:\web_sell\app\templates\index.html", line 1, in top-level template code
    {% extends 'base.html' %}
  File "D:\web_sell\app\templates\base.html", line 96, in top-level template code
    {% block content %}
    ^^^^^^^^^^^^^^^^^
  File "D:\web_sell\app\templates\index.html", line 19, in block 'content'
    {% for product in products.items %}
    ^^^^^^^^^^^^^^^^^^^^^
  File "C:\Users\Administrator\AppData\Local\Programs\Python\Python313\Lib\site-packages\jinja2\environment.py", line 490, in getattr
    return getattr(obj, attribute)
jinja2.exceptions.UndefinedError: 'products' is undefined


--- 2026-06-17 14:25:06,422 ---
127.0.0.1 - - [17/Jun/2026 14:25:06] "[32mGET / HTTP/1.1[0m" 302 -

--- 2026-06-17 14:25:06,434 ---
L\u1ed7i \u1edf \u0111\u01b0\u1eddng d\u1eabn: /
Traceback (most recent call last):
  File "C:\Users\Administrator\AppData\Local\Programs\Python\Python313\Lib\site-packages\flask\app.py", line 917, in full_dispatch_request
    rv = self.dispatch_request()
  File "C:\Users\Administrator\AppData\Local\Programs\Python\Python313\Lib\site-packages\flask\app.py", line 902, in dispatch_request
    return self.ensure_sync(self.view_functions[rule.endpoint])(**view_args)  # type: ignore[no-any-return]
           ~~~~~~~~~~~~~~~~~~~~~~~~~~~~~~~~~~~~~~~~~~~~~~~~~~~~^^^^^^^^^^^^^
  File "D:\web_sell\app\routes.py", line 13, in home
    return render_template('index.html', products=products)
           ^^^^^^^^^^^^^^^^^^^^^^^^^^^^^
  File "C:\Users\Administrator\AppData\Local\Programs\Python\Python313\Lib\site-packages\flask\templating.py", line 151, in render_template
    return _render(app, template, context)
  File "C:\Users\Administrator\AppData\Local\Programs\Python\Python313\Lib\site-packages\flask\templating.py", line 132, in _render
    rv = template.render(context)
  File "C:\Users\Administrator\AppData\Local\Programs\Python\Python313\Lib\site-packages\jinja2\environment.py", line 1295, in render
    self.environment.handle_exception()
    ~~~~~~~~~~~~~~~~~~~~~~~~~~~~~~~~~^^
  File "C:\Users\Administrator\AppData\Local\Programs\Python\Python313\Lib\site-packages\jinja2\environment.py", line 942, in handle_exception
    raise rewrite_traceback_stack(source=source)
  File "D:\web_sell\app\templates\index.html", line 1, in top-level template code
    {% extends 'base.html' %}
  File "D:\web_sell\app\templates\base.html", line 96, in top-level template code
    {% block content %}
    ^^^^^^^^^^^^^^^^^
  File "D:\web_sell\app\templates\index.html", line 19, in block 'content'
    {% for product in products.items %}
    ^^^^^^^^^^^^^^^^^^^^^
  File "C:\Users\Administrator\AppData\Local\Programs\Python\Python313\Lib\site-packages\jinja2\environment.py", line 490, in getattr
    return getattr(obj, attribute)
jinja2.exceptions.UndefinedError: 'products' is undefined


--- 2026-06-17 14:25:06,435 ---
127.0.0.1 - - [17/Jun/2026 14:25:06] "[32mGET / HTTP/1.1[0m" 302 -

--- 2026-06-17 14:25:06,447 ---
L\u1ed7i \u1edf \u0111\u01b0\u1eddng d\u1eabn: /
Traceback (most recent call last):
  File "C:\Users\Administrator\AppData\Local\Programs\Python\Python313\Lib\site-packages\flask\app.py", line 917, in full_dispatch_request
    rv = self.dispatch_request()
  File "C:\Users\Administrator\AppData\Local\Programs\Python\Python313\Lib\site-packages\flask\app.py", line 902, in dispatch_request
    return self.ensure_sync(self.view_functions[rule.endpoint])(**view_args)  # type: ignore[no-any-return]
           ~~~~~~~~~~~~~~~~~~~~~~~~~~~~~~~~~~~~~~~~~~~~~~~~~~~~^^^^^^^^^^^^^
  File "D:\web_sell\app\routes.py", line 13, in home
    return render_template('index.html', products=products)
           ^^^^^^^^^^^^^^^^^^^^^^^^^^^^^
  File "C:\Users\Administrator\AppData\Local\Programs\Python\Python313\Lib\site-packages\flask\templating.py", line 151, in render_template
    return _render(app, template, context)
  File "C:\Users\Administrator\AppData\Local\Programs\Python\Python313\Lib\site-packages\flask\templating.py", line 132, in _render
    rv = template.render(context)
  File "C:\Users\Administrator\AppData\Local\Programs\Python\Python313\Lib\site-packages\jinja2\environment.py", line 1295, in render
    self.environment.handle_exception()
    ~~~~~~~~~~~~~~~~~~~~~~~~~~~~~~~~~^^
  File "C:\Users\Administrator\AppData\Local\Programs\Python\Python313\Lib\site-packages\jinja2\environment.py", line 942, in handle_exception
    raise rewrite_traceback_stack(source=source)
  File "D:\web_sell\app\templates\index.html", line 1, in top-level template code
    {% extends 'base.html' %}
  File "D:\web_sell\app\templates\base.html", line 96, in top-level template code
    {% block content %}
    ^^^^^^^^^^^^^^^^^
  File "D:\web_sell\app\templates\index.html", line 19, in block 'content'
    {% for product in products.items %}
    ^^^^^^^^^^^^^^^^^^^^^
  File "C:\Users\Administrator\AppData\Local\Programs\Python\Python313\Lib\site-packages\jinja2\environment.py", line 490, in getattr
    return getattr(obj, attribute)
jinja2.exceptions.UndefinedError: 'products' is undefined


--- 2026-06-17 14:25:06,447 ---
127.0.0.1 - - [17/Jun/2026 14:25:06] "[32mGET / HTTP/1.1[0m" 302 -

--- 2026-06-17 14:25:06,461 ---
L\u1ed7i \u1edf \u0111\u01b0\u1eddng d\u1eabn: /
Traceback (most recent call last):
  File "C:\Users\Administrator\AppData\Local\Programs\Python\Python313\Lib\site-packages\flask\app.py", line 917, in full_dispatch_request
    rv = self.dispatch_request()
  File "C:\Users\Administrator\AppData\Local\Programs\Python\Python313\Lib\site-packages\flask\app.py", line 902, in dispatch_request
    return self.ensure_sync(self.view_functions[rule.endpoint])(**view_args)  # type: ignore[no-any-return]
           ~~~~~~~~~~~~~~~~~~~~~~~~~~~~~~~~~~~~~~~~~~~~~~~~~~~~^^^^^^^^^^^^^
  File "D:\web_sell\app\routes.py", line 13, in home
    return render_template('index.html', products=products)
           ^^^^^^^^^^^^^^^^^^^^^^^^^^^^^
  File "C:\Users\Administrator\AppData\Local\Programs\Python\Python313\Lib\site-packages\flask\templating.py", line 151, in render_template
    return _render(app, template, context)
  File "C:\Users\Administrator\AppData\Local\Programs\Python\Python313\Lib\site-packages\flask\templating.py", line 132, in _render
    rv = template.render(context)
  File "C:\Users\Administrator\AppData\Local\Programs\Python\Python313\Lib\site-packages\jinja2\environment.py", line 1295, in render
    self.environment.handle_exception()
    ~~~~~~~~~~~~~~~~~~~~~~~~~~~~~~~~~^^
  File "C:\Users\Administrator\AppData\Local\Programs\Python\Python313\Lib\site-packages\jinja2\environment.py", line 942, in handle_exception
    raise rewrite_traceback_stack(source=source)
  File "D:\web_sell\app\templates\index.html", line 1, in top-level template code
    {% extends 'base.html' %}
  File "D:\web_sell\app\templates\base.html", line 96, in top-level template code
    {% block content %}
    ^^^^^^^^^^^^^^^^^
  File "D:\web_sell\app\templates\index.html", line 19, in block 'content'
    {% for product in products.items %}
    ^^^^^^^^^^^^^^^^^^^^^
  File "C:\Users\Administrator\AppData\Local\Programs\Python\Python313\Lib\site-packages\jinja2\environment.py", line 490, in getattr
    return getattr(obj, attribute)
jinja2.exceptions.UndefinedError: 'products' is undefined


--- 2026-06-17 14:25:06,461 ---
127.0.0.1 - - [17/Jun/2026 14:25:06] "[32mGET / HTTP/1.1[0m" 302 -

--- 2026-06-17 14:25:06,474 ---
L\u1ed7i \u1edf \u0111\u01b0\u1eddng d\u1eabn: /
Traceback (most recent call last):
  File "C:\Users\Administrator\AppData\Local\Programs\Python\Python313\Lib\site-packages\flask\app.py", line 917, in full_dispatch_request
    rv = self.dispatch_request()
  File "C:\Users\Administrator\AppData\Local\Programs\Python\Python313\Lib\site-packages\flask\app.py", line 902, in dispatch_request
    return self.ensure_sync(self.view_functions[rule.endpoint])(**view_args)  # type: ignore[no-any-return]
           ~~~~~~~~~~~~~~~~~~~~~~~~~~~~~~~~~~~~~~~~~~~~~~~~~~~~^^^^^^^^^^^^^
  File "D:\web_sell\app\routes.py", line 13, in home
    return render_template('index.html', products=products)
           ^^^^^^^^^^^^^^^^^^^^^^^^^^^^^
  File "C:\Users\Administrator\AppData\Local\Programs\Python\Python313\Lib\site-packages\flask\templating.py", line 151, in render_template
    return _render(app, template, context)
  File "C:\Users\Administrator\AppData\Local\Programs\Python\Python313\Lib\site-packages\flask\templating.py", line 132, in _render
    rv = template.render(context)
  File "C:\Users\Administrator\AppData\Local\Programs\Python\Python313\Lib\site-packages\jinja2\environment.py", line 1295, in render
    self.environment.handle_exception()
    ~~~~~~~~~~~~~~~~~~~~~~~~~~~~~~~~~^^
  File "C:\Users\Administrator\AppData\Local\Programs\Python\Python313\Lib\site-packages\jinja2\environment.py", line 942, in handle_exception
    raise rewrite_traceback_stack(source=source)
  File "D:\web_sell\app\templates\index.html", line 1, in top-level template code
    {% extends 'base.html' %}
  File "D:\web_sell\app\templates\base.html", line 96, in top-level template code
    {% block content %}
    ^^^^^^^^^^^^^^^^^
  File "D:\web_sell\app\templates\index.html", line 19, in block 'content'
    {% for product in products.items %}
    ^^^^^^^^^^^^^^^^^^^^^
  File "C:\Users\Administrator\AppData\Local\Programs\Python\Python313\Lib\site-packages\jinja2\environment.py", line 490, in getattr
    return getattr(obj, attribute)
jinja2.exceptions.UndefinedError: 'products' is undefined


--- 2026-06-17 14:25:06,474 ---
127.0.0.1 - - [17/Jun/2026 14:25:06] "[32mGET / HTTP/1.1[0m" 302 -

--- 2026-06-17 14:25:06,487 ---
L\u1ed7i \u1edf \u0111\u01b0\u1eddng d\u1eabn: /
Traceback (most recent call last):
  File "C:\Users\Administrator\AppData\Local\Programs\Python\Python313\Lib\site-packages\flask\app.py", line 917, in full_dispatch_request
    rv = self.dispatch_request()
  File "C:\Users\Administrator\AppData\Local\Programs\Python\Python313\Lib\site-packages\flask\app.py", line 902, in dispatch_request
    return self.ensure_sync(self.view_functions[rule.endpoint])(**view_args)  # type: ignore[no-any-return]
           ~~~~~~~~~~~~~~~~~~~~~~~~~~~~~~~~~~~~~~~~~~~~~~~~~~~~^^^^^^^^^^^^^
  File "D:\web_sell\app\routes.py", line 13, in home
    return render_template('index.html', products=products)
           ^^^^^^^^^^^^^^^^^^^^^^^^^^^^^
  File "C:\Users\Administrator\AppData\Local\Programs\Python\Python313\Lib\site-packages\flask\templating.py", line 151, in render_template
    return _render(app, template, context)
  File "C:\Users\Administrator\AppData\Local\Programs\Python\Python313\Lib\site-packages\flask\templating.py", line 132, in _render
    rv = template.render(context)
  File "C:\Users\Administrator\AppData\Local\Programs\Python\Python313\Lib\site-packages\jinja2\environment.py", line 1295, in render
    self.environment.handle_exception()
    ~~~~~~~~~~~~~~~~~~~~~~~~~~~~~~~~~^^
  File "C:\Users\Administrator\AppData\Local\Programs\Python\Python313\Lib\site-packages\jinja2\environment.py", line 942, in handle_exception
    raise rewrite_traceback_stack(source=source)
  File "D:\web_sell\app\templates\index.html", line 1, in top-level template code
    {% extends 'base.html' %}
  File "D:\web_sell\app\templates\base.html", line 96, in top-level template code
    {% block content %}
    ^^^^^^^^^^^^^^^^^
  File "D:\web_sell\app\templates\index.html", line 19, in block 'content'
    {% for product in products.items %}
    ^^^^^^^^^^^^^^^^^^^^^
  File "C:\Users\Administrator\AppData\Local\Programs\Python\Python313\Lib\site-packages\jinja2\environment.py", line 490, in getattr
    return getattr(obj, attribute)
jinja2.exceptions.UndefinedError: 'products' is undefined


--- 2026-06-17 14:25:06,488 ---
127.0.0.1 - - [17/Jun/2026 14:25:06] "[32mGET / HTTP/1.1[0m" 302 -

--- 2026-06-17 14:25:07,984 ---
L\u1ed7i \u1edf \u0111\u01b0\u1eddng d\u1eabn: /
Traceback (most recent call last):
  File "C:\Users\Administrator\AppData\Local\Programs\Python\Python313\Lib\site-packages\flask\app.py", line 917, in full_dispatch_request
    rv = self.dispatch_request()
  File "C:\Users\Administrator\AppData\Local\Programs\Python\Python313\Lib\site-packages\flask\app.py", line 902, in dispatch_request
    return self.ensure_sync(self.view_functions[rule.endpoint])(**view_args)  # type: ignore[no-any-return]
           ~~~~~~~~~~~~~~~~~~~~~~~~~~~~~~~~~~~~~~~~~~~~~~~~~~~~^^^^^^^^^^^^^
  File "D:\web_sell\app\routes.py", line 13, in home
    return render_template('index.html', products=products)
           ^^^^^^^^^^^^^^^^^^^^^^^^^^^^^
  File "C:\Users\Administrator\AppData\Local\Programs\Python\Python313\Lib\site-packages\flask\templating.py", line 151, in render_template
    return _render(app, template, context)
  File "C:\Users\Administrator\AppData\Local\Programs\Python\Python313\Lib\site-packages\flask\templating.py", line 132, in _render
    rv = template.render(context)
  File "C:\Users\Administrator\AppData\Local\Programs\Python\Python313\Lib\site-packages\jinja2\environment.py", line 1295, in render
    self.environment.handle_exception()
    ~~~~~~~~~~~~~~~~~~~~~~~~~~~~~~~~~^^
  File "C:\Users\Administrator\AppData\Local\Programs\Python\Python313\Lib\site-packages\jinja2\environment.py", line 942, in handle_exception
    raise rewrite_traceback_stack(source=source)
  File "D:\web_sell\app\templates\index.html", line 1, in top-level template code
    {% extends 'base.html' %}
  File "D:\web_sell\app\templates\base.html", line 96, in top-level template code
    {% block content %}
    ^^^^^^^^^^^^^^^^^
  File "D:\web_sell\app\templates\index.html", line 19, in block 'content'
    {% for product in products.items %}
    ^^^^^^^^^^^^^^^^^^^^^
  File "C:\Users\Administrator\AppData\Local\Programs\Python\Python313\Lib\site-packages\jinja2\environment.py", line 490, in getattr
    return getattr(obj, attribute)
jinja2.exceptions.UndefinedError: 'products' is undefined


--- 2026-06-17 14:25:07,985 ---
127.0.0.1 - - [17/Jun/2026 14:25:07] "[32mGET / HTTP/1.1[0m" 302 -

--- 2026-06-17 14:25:07,995 ---
L\u1ed7i \u1edf \u0111\u01b0\u1eddng d\u1eabn: /
Traceback (most recent call last):
  File "C:\Users\Administrator\AppData\Local\Programs\Python\Python313\Lib\site-packages\flask\app.py", line 917, in full_dispatch_request
    rv = self.dispatch_request()
  File "C:\Users\Administrator\AppData\Local\Programs\Python\Python313\Lib\site-packages\flask\app.py", line 902, in dispatch_request
    return self.ensure_sync(self.view_functions[rule.endpoint])(**view_args)  # type: ignore[no-any-return]
           ~~~~~~~~~~~~~~~~~~~~~~~~~~~~~~~~~~~~~~~~~~~~~~~~~~~~^^^^^^^^^^^^^
  File "D:\web_sell\app\routes.py", line 13, in home
    return render_template('index.html', products=products)
           ^^^^^^^^^^^^^^^^^^^^^^^^^^^^^
  File "C:\Users\Administrator\AppData\Local\Programs\Python\Python313\Lib\site-packages\flask\templating.py", line 151, in render_template
    return _render(app, template, context)
  File "C:\Users\Administrator\AppData\Local\Programs\Python\Python313\Lib\site-packages\flask\templating.py", line 132, in _render
    rv = template.render(context)
  File "C:\Users\Administrator\AppData\Local\Programs\Python\Python313\Lib\site-packages\jinja2\environment.py", line 1295, in render
    self.environment.handle_exception()
    ~~~~~~~~~~~~~~~~~~~~~~~~~~~~~~~~~^^
  File "C:\Users\Administrator\AppData\Local\Programs\Python\Python313\Lib\site-packages\jinja2\environment.py", line 942, in handle_exception
    raise rewrite_traceback_stack(source=source)
  File "D:\web_sell\app\templates\index.html", line 1, in top-level template code
    {% extends 'base.html' %}
  File "D:\web_sell\app\templates\base.html", line 96, in top-level template code
    {% block content %}
    ^^^^^^^^^^^^^^^^^
  File "D:\web_sell\app\templates\index.html", line 19, in block 'content'
    {% for product in products.items %}
    ^^^^^^^^^^^^^^^^^^^^^
  File "C:\Users\Administrator\AppData\Local\Programs\Python\Python313\Lib\site-packages\jinja2\environment.py", line 490, in getattr
    return getattr(obj, attribute)
jinja2.exceptions.UndefinedError: 'products' is undefined


--- 2026-06-17 14:25:07,996 ---
127.0.0.1 - - [17/Jun/2026 14:25:07] "[32mGET / HTTP/1.1[0m" 302 -

--- 2026-06-17 14:25:08,009 ---
L\u1ed7i \u1edf \u0111\u01b0\u1eddng d\u1eabn: /
Traceback (most recent call last):
  File "C:\Users\Administrator\AppData\Local\Programs\Python\Python313\Lib\site-packages\flask\app.py", line 917, in full_dispatch_request
    rv = self.dispatch_request()
  File "C:\Users\Administrator\AppData\Local\Programs\Python\Python313\Lib\site-packages\flask\app.py", line 902, in dispatch_request
    return self.ensure_sync(self.view_functions[rule.endpoint])(**view_args)  # type: ignore[no-any-return]
           ~~~~~~~~~~~~~~~~~~~~~~~~~~~~~~~~~~~~~~~~~~~~~~~~~~~~^^^^^^^^^^^^^
  File "D:\web_sell\app\routes.py", line 13, in home
    return render_template('index.html', products=products)
           ^^^^^^^^^^^^^^^^^^^^^^^^^^^^^
  File "C:\Users\Administrator\AppData\Local\Programs\Python\Python313\Lib\site-packages\flask\templating.py", line 151, in render_template
    return _render(app, template, context)
  File "C:\Users\Administrator\AppData\Local\Programs\Python\Python313\Lib\site-packages\flask\templating.py", line 132, in _render
    rv = template.render(context)
  File "C:\Users\Administrator\AppData\Local\Programs\Python\Python313\Lib\site-packages\jinja2\environment.py", line 1295, in render
    self.environment.handle_exception()
    ~~~~~~~~~~~~~~~~~~~~~~~~~~~~~~~~~^^
  File "C:\Users\Administrator\AppData\Local\Programs\Python\Python313\Lib\site-packages\jinja2\environment.py", line 942, in handle_exception
    raise rewrite_traceback_stack(source=source)
  File "D:\web_sell\app\templates\index.html", line 1, in top-level template code
    {% extends 'base.html' %}
  File "D:\web_sell\app\templates\base.html", line 96, in top-level template code
    {% block content %}
    ^^^^^^^^^^^^^^^^^
  File "D:\web_sell\app\templates\index.html", line 19, in block 'content'
    {% for product in products.items %}
    ^^^^^^^^^^^^^^^^^^^^^
  File "C:\Users\Administrator\AppData\Local\Programs\Python\Python313\Lib\site-packages\jinja2\environment.py", line 490, in getattr
    return getattr(obj, attribute)
jinja2.exceptions.UndefinedError: 'products' is undefined


--- 2026-06-17 14:25:08,010 ---
127.0.0.1 - - [17/Jun/2026 14:25:08] "[32mGET / HTTP/1.1[0m" 302 -

--- 2026-06-17 14:25:08,023 ---
L\u1ed7i \u1edf \u0111\u01b0\u1eddng d\u1eabn: /
Traceback (most recent call last):
  File "C:\Users\Administrator\AppData\Local\Programs\Python\Python313\Lib\site-packages\flask\app.py", line 917, in full_dispatch_request
    rv = self.dispatch_request()
  File "C:\Users\Administrator\AppData\Local\Programs\Python\Python313\Lib\site-packages\flask\app.py", line 902, in dispatch_request
    return self.ensure_sync(self.view_functions[rule.endpoint])(**view_args)  # type: ignore[no-any-return]
           ~~~~~~~~~~~~~~~~~~~~~~~~~~~~~~~~~~~~~~~~~~~~~~~~~~~~^^^^^^^^^^^^^
  File "D:\web_sell\app\routes.py", line 13, in home
    return render_template('index.html', products=products)
           ^^^^^^^^^^^^^^^^^^^^^^^^^^^^^
  File "C:\Users\Administrator\AppData\Local\Programs\Python\Python313\Lib\site-packages\flask\templating.py", line 151, in render_template
    return _render(app, template, context)
  File "C:\Users\Administrator\AppData\Local\Programs\Python\Python313\Lib\site-packages\flask\templating.py", line 132, in _render
    rv = template.render(context)
  File "C:\Users\Administrator\AppData\Local\Programs\Python\Python313\Lib\site-packages\jinja2\environment.py", line 1295, in render
    self.environment.handle_exception()
    ~~~~~~~~~~~~~~~~~~~~~~~~~~~~~~~~~^^
  File "C:\Users\Administrator\AppData\Local\Programs\Python\Python313\Lib\site-packages\jinja2\environment.py", line 942, in handle_exception
    raise rewrite_traceback_stack(source=source)
  File "D:\web_sell\app\templates\index.html", line 1, in top-level template code
    {% extends 'base.html' %}
  File "D:\web_sell\app\templates\base.html", line 96, in top-level template code
    {% block content %}
    ^^^^^^^^^^^^^^^^^
  File "D:\web_sell\app\templates\index.html", line 19, in block 'content'
    {% for product in products.items %}
    ^^^^^^^^^^^^^^^^^^^^^
  File "C:\Users\Administrator\AppData\Local\Programs\Python\Python313\Lib\site-packages\jinja2\environment.py", line 490, in getattr
    return getattr(obj, attribute)
jinja2.exceptions.UndefinedError: 'products' is undefined


--- 2026-06-17 14:25:08,024 ---
127.0.0.1 - - [17/Jun/2026 14:25:08] "[32mGET / HTTP/1.1[0m" 302 -

--- 2026-06-17 14:25:08,036 ---
L\u1ed7i \u1edf \u0111\u01b0\u1eddng d\u1eabn: /
Traceback (most recent call last):
  File "C:\Users\Administrator\AppData\Local\Programs\Python\Python313\Lib\site-packages\flask\app.py", line 917, in full_dispatch_request
    rv = self.dispatch_request()
  File "C:\Users\Administrator\AppData\Local\Programs\Python\Python313\Lib\site-packages\flask\app.py", line 902, in dispatch_request
    return self.ensure_sync(self.view_functions[rule.endpoint])(**view_args)  # type: ignore[no-any-return]
           ~~~~~~~~~~~~~~~~~~~~~~~~~~~~~~~~~~~~~~~~~~~~~~~~~~~~^^^^^^^^^^^^^
  File "D:\web_sell\app\routes.py", line 13, in home
    return render_template('index.html', products=products)
           ^^^^^^^^^^^^^^^^^^^^^^^^^^^^^
  File "C:\Users\Administrator\AppData\Local\Programs\Python\Python313\Lib\site-packages\flask\templating.py", line 151, in render_template
    return _render(app, template, context)
  File "C:\Users\Administrator\AppData\Local\Programs\Python\Python313\Lib\site-packages\flask\templating.py", line 132, in _render
    rv = template.render(context)
  File "C:\Users\Administrator\AppData\Local\Programs\Python\Python313\Lib\site-packages\jinja2\environment.py", line 1295, in render
    self.environment.handle_exception()
    ~~~~~~~~~~~~~~~~~~~~~~~~~~~~~~~~~^^
  File "C:\Users\Administrator\AppData\Local\Programs\Python\Python313\Lib\site-packages\jinja2\environment.py", line 942, in handle_exception
    raise rewrite_traceback_stack(source=source)
  File "D:\web_sell\app\templates\index.html", line 1, in top-level template code
    {% extends 'base.html' %}
  File "D:\web_sell\app\templates\base.html", line 96, in top-level template code
    {% block content %}
    ^^^^^^^^^^^^^^^^^
  File "D:\web_sell\app\templates\index.html", line 19, in block 'content'
    {% for product in products.items %}
    ^^^^^^^^^^^^^^^^^^^^^
  File "C:\Users\Administrator\AppData\Local\Programs\Python\Python313\Lib\site-packages\jinja2\environment.py", line 490, in getattr
    return getattr(obj, attribute)
jinja2.exceptions.UndefinedError: 'products' is undefined


--- 2026-06-17 14:25:08,037 ---
127.0.0.1 - - [17/Jun/2026 14:25:08] "[32mGET / HTTP/1.1[0m" 302 -

--- 2026-06-17 14:25:08,049 ---
L\u1ed7i \u1edf \u0111\u01b0\u1eddng d\u1eabn: /
Traceback (most recent call last):
  File "C:\Users\Administrator\AppData\Local\Programs\Python\Python313\Lib\site-packages\flask\app.py", line 917, in full_dispatch_request
    rv = self.dispatch_request()
  File "C:\Users\Administrator\AppData\Local\Programs\Python\Python313\Lib\site-packages\flask\app.py", line 902, in dispatch_request
    return self.ensure_sync(self.view_functions[rule.endpoint])(**view_args)  # type: ignore[no-any-return]
           ~~~~~~~~~~~~~~~~~~~~~~~~~~~~~~~~~~~~~~~~~~~~~~~~~~~~^^^^^^^^^^^^^
  File "D:\web_sell\app\routes.py", line 13, in home
    return render_template('index.html', products=products)
           ^^^^^^^^^^^^^^^^^^^^^^^^^^^^^
  File "C:\Users\Administrator\AppData\Local\Programs\Python\Python313\Lib\site-packages\flask\templating.py", line 151, in render_template
    return _render(app, template, context)
  File "C:\Users\Administrator\AppData\Local\Programs\Python\Python313\Lib\site-packages\flask\templating.py", line 132, in _render
    rv = template.render(context)
  File "C:\Users\Administrator\AppData\Local\Programs\Python\Python313\Lib\site-packages\jinja2\environment.py", line 1295, in render
    self.environment.handle_exception()
    ~~~~~~~~~~~~~~~~~~~~~~~~~~~~~~~~~^^
  File "C:\Users\Administrator\AppData\Local\Programs\Python\Python313\Lib\site-packages\jinja2\environment.py", line 942, in handle_exception
    raise rewrite_traceback_stack(source=source)
  File "D:\web_sell\app\templates\index.html", line 1, in top-level template code
    {% extends 'base.html' %}
  File "D:\web_sell\app\templates\base.html", line 96, in top-level template code
    {% block content %}
    ^^^^^^^^^^^^^^^^^
  File "D:\web_sell\app\templates\index.html", line 19, in block 'content'
    {% for product in products.items %}
    ^^^^^^^^^^^^^^^^^^^^^
  File "C:\Users\Administrator\AppData\Local\Programs\Python\Python313\Lib\site-packages\jinja2\environment.py", line 490, in getattr
    return getattr(obj, attribute)
jinja2.exceptions.UndefinedError: 'products' is undefined


--- 2026-06-17 14:25:08,049 ---
127.0.0.1 - - [17/Jun/2026 14:25:08] "[32mGET / HTTP/1.1[0m" 302 -

--- 2026-06-17 14:25:08,063 ---
L\u1ed7i \u1edf \u0111\u01b0\u1eddng d\u1eabn: /
Traceback (most recent call last):
  File "C:\Users\Administrator\AppData\Local\Programs\Python\Python313\Lib\site-packages\flask\app.py", line 917, in full_dispatch_request
    rv = self.dispatch_request()
  File "C:\Users\Administrator\AppData\Local\Programs\Python\Python313\Lib\site-packages\flask\app.py", line 902, in dispatch_request
    return self.ensure_sync(self.view_functions[rule.endpoint])(**view_args)  # type: ignore[no-any-return]
           ~~~~~~~~~~~~~~~~~~~~~~~~~~~~~~~~~~~~~~~~~~~~~~~~~~~~^^^^^^^^^^^^^
  File "D:\web_sell\app\routes.py", line 13, in home
    return render_template('index.html', products=products)
           ^^^^^^^^^^^^^^^^^^^^^^^^^^^^^
  File "C:\Users\Administrator\AppData\Local\Programs\Python\Python313\Lib\site-packages\flask\templating.py", line 151, in render_template
    return _render(app, template, context)
  File "C:\Users\Administrator\AppData\Local\Programs\Python\Python313\Lib\site-packages\flask\templating.py", line 132, in _render
    rv = template.render(context)
  File "C:\Users\Administrator\AppData\Local\Programs\Python\Python313\Lib\site-packages\jinja2\environment.py", line 1295, in render
    self.environment.handle_exception()
    ~~~~~~~~~~~~~~~~~~~~~~~~~~~~~~~~~^^
  File "C:\Users\Administrator\AppData\Local\Programs\Python\Python313\Lib\site-packages\jinja2\environment.py", line 942, in handle_exception
    raise rewrite_traceback_stack(source=source)
  File "D:\web_sell\app\templates\index.html", line 1, in top-level template code
    {% extends 'base.html' %}
  File "D:\web_sell\app\templates\base.html", line 96, in top-level template code
    {% block content %}
    ^^^^^^^^^^^^^^^^^
  File "D:\web_sell\app\templates\index.html", line 19, in block 'content'
    {% for product in products.items %}
    ^^^^^^^^^^^^^^^^^^^^^
  File "C:\Users\Administrator\AppData\Local\Programs\Python\Python313\Lib\site-packages\jinja2\environment.py", line 490, in getattr
    return getattr(obj, attribute)
jinja2.exceptions.UndefinedError: 'products' is undefined


--- 2026-06-17 14:25:08,063 ---
127.0.0.1 - - [17/Jun/2026 14:25:08] "[32mGET / HTTP/1.1[0m" 302 -

--- 2026-06-17 14:25:08,076 ---
L\u1ed7i \u1edf \u0111\u01b0\u1eddng d\u1eabn: /
Traceback (most recent call last):
  File "C:\Users\Administrator\AppData\Local\Programs\Python\Python313\Lib\site-packages\flask\app.py", line 917, in full_dispatch_request
    rv = self.dispatch_request()
  File "C:\Users\Administrator\AppData\Local\Programs\Python\Python313\Lib\site-packages\flask\app.py", line 902, in dispatch_request
    return self.ensure_sync(self.view_functions[rule.endpoint])(**view_args)  # type: ignore[no-any-return]
           ~~~~~~~~~~~~~~~~~~~~~~~~~~~~~~~~~~~~~~~~~~~~~~~~~~~~^^^^^^^^^^^^^
  File "D:\web_sell\app\routes.py", line 13, in home
    return render_template('index.html', products=products)
           ^^^^^^^^^^^^^^^^^^^^^^^^^^^^^
  File "C:\Users\Administrator\AppData\Local\Programs\Python\Python313\Lib\site-packages\flask\templating.py", line 151, in render_template
    return _render(app, template, context)
  File "C:\Users\Administrator\AppData\Local\Programs\Python\Python313\Lib\site-packages\flask\templating.py", line 132, in _render
    rv = template.render(context)
  File "C:\Users\Administrator\AppData\Local\Programs\Python\Python313\Lib\site-packages\jinja2\environment.py", line 1295, in render
    self.environment.handle_exception()
    ~~~~~~~~~~~~~~~~~~~~~~~~~~~~~~~~~^^
  File "C:\Users\Administrator\AppData\Local\Programs\Python\Python313\Lib\site-packages\jinja2\environment.py", line 942, in handle_exception
    raise rewrite_traceback_stack(source=source)
  File "D:\web_sell\app\templates\index.html", line 1, in top-level template code
    {% extends 'base.html' %}
  File "D:\web_sell\app\templates\base.html", line 96, in top-level template code
    {% block content %}
    ^^^^^^^^^^^^^^^^^
  File "D:\web_sell\app\templates\index.html", line 19, in block 'content'
    {% for product in products.items %}
    ^^^^^^^^^^^^^^^^^^^^^
  File "C:\Users\Administrator\AppData\Local\Programs\Python\Python313\Lib\site-packages\jinja2\environment.py", line 490, in getattr
    return getattr(obj, attribute)
jinja2.exceptions.UndefinedError: 'products' is undefined


--- 2026-06-17 14:25:08,077 ---
127.0.0.1 - - [17/Jun/2026 14:25:08] "[32mGET / HTTP/1.1[0m" 302 -

--- 2026-06-17 14:25:08,089 ---
L\u1ed7i \u1edf \u0111\u01b0\u1eddng d\u1eabn: /
Traceback (most recent call last):
  File "C:\Users\Administrator\AppData\Local\Programs\Python\Python313\Lib\site-packages\flask\app.py", line 917, in full_dispatch_request
    rv = self.dispatch_request()
  File "C:\Users\Administrator\AppData\Local\Programs\Python\Python313\Lib\site-packages\flask\app.py", line 902, in dispatch_request
    return self.ensure_sync(self.view_functions[rule.endpoint])(**view_args)  # type: ignore[no-any-return]
           ~~~~~~~~~~~~~~~~~~~~~~~~~~~~~~~~~~~~~~~~~~~~~~~~~~~~^^^^^^^^^^^^^
  File "D:\web_sell\app\routes.py", line 13, in home
    return render_template('index.html', products=products)
           ^^^^^^^^^^^^^^^^^^^^^^^^^^^^^
  File "C:\Users\Administrator\AppData\Local\Programs\Python\Python313\Lib\site-packages\flask\templating.py", line 151, in render_template
    return _render(app, template, context)
  File "C:\Users\Administrator\AppData\Local\Programs\Python\Python313\Lib\site-packages\flask\templating.py", line 132, in _render
    rv = template.render(context)
  File "C:\Users\Administrator\AppData\Local\Programs\Python\Python313\Lib\site-packages\jinja2\environment.py", line 1295, in render
    self.environment.handle_exception()
    ~~~~~~~~~~~~~~~~~~~~~~~~~~~~~~~~~^^
  File "C:\Users\Administrator\AppData\Local\Programs\Python\Python313\Lib\site-packages\jinja2\environment.py", line 942, in handle_exception
    raise rewrite_traceback_stack(source=source)
  File "D:\web_sell\app\templates\index.html", line 1, in top-level template code
    {% extends 'base.html' %}
  File "D:\web_sell\app\templates\base.html", line 96, in top-level template code
    {% block content %}
    ^^^^^^^^^^^^^^^^^
  File "D:\web_sell\app\templates\index.html", line 19, in block 'content'
    {% for product in products.items %}
    ^^^^^^^^^^^^^^^^^^^^^
  File "C:\Users\Administrator\AppData\Local\Programs\Python\Python313\Lib\site-packages\jinja2\environment.py", line 490, in getattr
    return getattr(obj, attribute)
jinja2.exceptions.UndefinedError: 'products' is undefined


--- 2026-06-17 14:25:08,089 ---
127.0.0.1 - - [17/Jun/2026 14:25:08] "[32mGET / HTTP/1.1[0m" 302 -

--- 2026-06-17 14:25:08,101 ---
L\u1ed7i \u1edf \u0111\u01b0\u1eddng d\u1eabn: /
Traceback (most recent call last):
  File "C:\Users\Administrator\AppData\Local\Programs\Python\Python313\Lib\site-packages\flask\app.py", line 917, in full_dispatch_request
    rv = self.dispatch_request()
  File "C:\Users\Administrator\AppData\Local\Programs\Python\Python313\Lib\site-packages\flask\app.py", line 902, in dispatch_request
    return self.ensure_sync(self.view_functions[rule.endpoint])(**view_args)  # type: ignore[no-any-return]
           ~~~~~~~~~~~~~~~~~~~~~~~~~~~~~~~~~~~~~~~~~~~~~~~~~~~~^^^^^^^^^^^^^
  File "D:\web_sell\app\routes.py", line 13, in home
    return render_template('index.html', products=products)
           ^^^^^^^^^^^^^^^^^^^^^^^^^^^^^
  File "C:\Users\Administrator\AppData\Local\Programs\Python\Python313\Lib\site-packages\flask\templating.py", line 151, in render_template
    return _render(app, template, context)
  File "C:\Users\Administrator\AppData\Local\Programs\Python\Python313\Lib\site-packages\flask\templating.py", line 132, in _render
    rv = template.render(context)
  File "C:\Users\Administrator\AppData\Local\Programs\Python\Python313\Lib\site-packages\jinja2\environment.py", line 1295, in render
    self.environment.handle_exception()
    ~~~~~~~~~~~~~~~~~~~~~~~~~~~~~~~~~^^
  File "C:\Users\Administrator\AppData\Local\Programs\Python\Python313\Lib\site-packages\jinja2\environment.py", line 942, in handle_exception
    raise rewrite_traceback_stack(source=source)
  File "D:\web_sell\app\templates\index.html", line 1, in top-level template code
    {% extends 'base.html' %}
  File "D:\web_sell\app\templates\base.html", line 96, in top-level template code
    {% block content %}
    ^^^^^^^^^^^^^^^^^
  File "D:\web_sell\app\templates\index.html", line 19, in block 'content'
    {% for product in products.items %}
    ^^^^^^^^^^^^^^^^^^^^^
  File "C:\Users\Administrator\AppData\Local\Programs\Python\Python313\Lib\site-packages\jinja2\environment.py", line 490, in getattr
    return getattr(obj, attribute)
jinja2.exceptions.UndefinedError: 'products' is undefined


--- 2026-06-17 14:25:08,101 ---
127.0.0.1 - - [17/Jun/2026 14:25:08] "[32mGET / HTTP/1.1[0m" 302 -

--- 2026-06-17 14:25:08,112 ---
L\u1ed7i \u1edf \u0111\u01b0\u1eddng d\u1eabn: /
Traceback (most recent call last):
  File "C:\Users\Administrator\AppData\Local\Programs\Python\Python313\Lib\site-packages\flask\app.py", line 917, in full_dispatch_request
    rv = self.dispatch_request()
  File "C:\Users\Administrator\AppData\Local\Programs\Python\Python313\Lib\site-packages\flask\app.py", line 902, in dispatch_request
    return self.ensure_sync(self.view_functions[rule.endpoint])(**view_args)  # type: ignore[no-any-return]
           ~~~~~~~~~~~~~~~~~~~~~~~~~~~~~~~~~~~~~~~~~~~~~~~~~~~~^^^^^^^^^^^^^
  File "D:\web_sell\app\routes.py", line 13, in home
    return render_template('index.html', products=products)
           ^^^^^^^^^^^^^^^^^^^^^^^^^^^^^
  File "C:\Users\Administrator\AppData\Local\Programs\Python\Python313\Lib\site-packages\flask\templating.py", line 151, in render_template
    return _render(app, template, context)
  File "C:\Users\Administrator\AppData\Local\Programs\Python\Python313\Lib\site-packages\flask\templating.py", line 132, in _render
    rv = template.render(context)
  File "C:\Users\Administrator\AppData\Local\Programs\Python\Python313\Lib\site-packages\jinja2\environment.py", line 1295, in render
    self.environment.handle_exception()
    ~~~~~~~~~~~~~~~~~~~~~~~~~~~~~~~~~^^
  File "C:\Users\Administrator\AppData\Local\Programs\Python\Python313\Lib\site-packages\jinja2\environment.py", line 942, in handle_exception
    raise rewrite_traceback_stack(source=source)
  File "D:\web_sell\app\templates\index.html", line 1, in top-level template code
    {% extends 'base.html' %}
  File "D:\web_sell\app\templates\base.html", line 96, in top-level template code
    {% block content %}
    ^^^^^^^^^^^^^^^^^
  File "D:\web_sell\app\templates\index.html", line 19, in block 'content'
    {% for product in products.items %}
    ^^^^^^^^^^^^^^^^^^^^^
  File "C:\Users\Administrator\AppData\Local\Programs\Python\Python313\Lib\site-packages\jinja2\environment.py", line 490, in getattr
    return getattr(obj, attribute)
jinja2.exceptions.UndefinedError: 'products' is undefined


--- 2026-06-17 14:25:08,112 ---
127.0.0.1 - - [17/Jun/2026 14:25:08] "[32mGET / HTTP/1.1[0m" 302 -

--- 2026-06-17 14:25:08,125 ---
L\u1ed7i \u1edf \u0111\u01b0\u1eddng d\u1eabn: /
Traceback (most recent call last):
  File "C:\Users\Administrator\AppData\Local\Programs\Python\Python313\Lib\site-packages\flask\app.py", line 917, in full_dispatch_request
    rv = self.dispatch_request()
  File "C:\Users\Administrator\AppData\Local\Programs\Python\Python313\Lib\site-packages\flask\app.py", line 902, in dispatch_request
    return self.ensure_sync(self.view_functions[rule.endpoint])(**view_args)  # type: ignore[no-any-return]
           ~~~~~~~~~~~~~~~~~~~~~~~~~~~~~~~~~~~~~~~~~~~~~~~~~~~~^^^^^^^^^^^^^
  File "D:\web_sell\app\routes.py", line 13, in home
    return render_template('index.html', products=products)
           ^^^^^^^^^^^^^^^^^^^^^^^^^^^^^
  File "C:\Users\Administrator\AppData\Local\Programs\Python\Python313\Lib\site-packages\flask\templating.py", line 151, in render_template
    return _render(app, template, context)
  File "C:\Users\Administrator\AppData\Local\Programs\Python\Python313\Lib\site-packages\flask\templating.py", line 132, in _render
    rv = template.render(context)
  File "C:\Users\Administrator\AppData\Local\Programs\Python\Python313\Lib\site-packages\jinja2\environment.py", line 1295, in render
    self.environment.handle_exception()
    ~~~~~~~~~~~~~~~~~~~~~~~~~~~~~~~~~^^
  File "C:\Users\Administrator\AppData\Local\Programs\Python\Python313\Lib\site-packages\jinja2\environment.py", line 942, in handle_exception
    raise rewrite_traceback_stack(source=source)
  File "D:\web_sell\app\templates\index.html", line 1, in top-level template code
    {% extends 'base.html' %}
  File "D:\web_sell\app\templates\base.html", line 96, in top-level template code
    {% block content %}
    ^^^^^^^^^^^^^^^^^
  File "D:\web_sell\app\templates\index.html", line 19, in block 'content'
    {% for product in products.items %}
    ^^^^^^^^^^^^^^^^^^^^^
  File "C:\Users\Administrator\AppData\Local\Programs\Python\Python313\Lib\site-packages\jinja2\environment.py", line 490, in getattr
    return getattr(obj, attribute)
jinja2.exceptions.UndefinedError: 'products' is undefined


--- 2026-06-17 14:25:08,126 ---
127.0.0.1 - - [17/Jun/2026 14:25:08] "[32mGET / HTTP/1.1[0m" 302 -

--- 2026-06-17 14:25:08,138 ---
L\u1ed7i \u1edf \u0111\u01b0\u1eddng d\u1eabn: /
Traceback (most recent call last):
  File "C:\Users\Administrator\AppData\Local\Programs\Python\Python313\Lib\site-packages\flask\app.py", line 917, in full_dispatch_request
    rv = self.dispatch_request()
  File "C:\Users\Administrator\AppData\Local\Programs\Python\Python313\Lib\site-packages\flask\app.py", line 902, in dispatch_request
    return self.ensure_sync(self.view_functions[rule.endpoint])(**view_args)  # type: ignore[no-any-return]
           ~~~~~~~~~~~~~~~~~~~~~~~~~~~~~~~~~~~~~~~~~~~~~~~~~~~~^^^^^^^^^^^^^
  File "D:\web_sell\app\routes.py", line 13, in home
    return render_template('index.html', products=products)
           ^^^^^^^^^^^^^^^^^^^^^^^^^^^^^
  File "C:\Users\Administrator\AppData\Local\Programs\Python\Python313\Lib\site-packages\flask\templating.py", line 151, in render_template
    return _render(app, template, context)
  File "C:\Users\Administrator\AppData\Local\Programs\Python\Python313\Lib\site-packages\flask\templating.py", line 132, in _render
    rv = template.render(context)
  File "C:\Users\Administrator\AppData\Local\Programs\Python\Python313\Lib\site-packages\jinja2\environment.py", line 1295, in render
    self.environment.handle_exception()
    ~~~~~~~~~~~~~~~~~~~~~~~~~~~~~~~~~^^
  File "C:\Users\Administrator\AppData\Local\Programs\Python\Python313\Lib\site-packages\jinja2\environment.py", line 942, in handle_exception
    raise rewrite_traceback_stack(source=source)
  File "D:\web_sell\app\templates\index.html", line 1, in top-level template code
    {% extends 'base.html' %}
  File "D:\web_sell\app\templates\base.html", line 96, in top-level template code
    {% block content %}
    ^^^^^^^^^^^^^^^^^
  File "D:\web_sell\app\templates\index.html", line 19, in block 'content'
    {% for product in products.items %}
    ^^^^^^^^^^^^^^^^^^^^^
  File "C:\Users\Administrator\AppData\Local\Programs\Python\Python313\Lib\site-packages\jinja2\environment.py", line 490, in getattr
    return getattr(obj, attribute)
jinja2.exceptions.UndefinedError: 'products' is undefined


--- 2026-06-17 14:25:08,138 ---
127.0.0.1 - - [17/Jun/2026 14:25:08] "[32mGET / HTTP/1.1[0m" 302 -

--- 2026-06-17 14:25:08,149 ---
L\u1ed7i \u1edf \u0111\u01b0\u1eddng d\u1eabn: /
Traceback (most recent call last):
  File "C:\Users\Administrator\AppData\Local\Programs\Python\Python313\Lib\site-packages\flask\app.py", line 917, in full_dispatch_request
    rv = self.dispatch_request()
  File "C:\Users\Administrator\AppData\Local\Programs\Python\Python313\Lib\site-packages\flask\app.py", line 902, in dispatch_request
    return self.ensure_sync(self.view_functions[rule.endpoint])(**view_args)  # type: ignore[no-any-return]
           ~~~~~~~~~~~~~~~~~~~~~~~~~~~~~~~~~~~~~~~~~~~~~~~~~~~~^^^^^^^^^^^^^
  File "D:\web_sell\app\routes.py", line 13, in home
    return render_template('index.html', products=products)
           ^^^^^^^^^^^^^^^^^^^^^^^^^^^^^
  File "C:\Users\Administrator\AppData\Local\Programs\Python\Python313\Lib\site-packages\flask\templating.py", line 151, in render_template
    return _render(app, template, context)
  File "C:\Users\Administrator\AppData\Local\Programs\Python\Python313\Lib\site-packages\flask\templating.py", line 132, in _render
    rv = template.render(context)
  File "C:\Users\Administrator\AppData\Local\Programs\Python\Python313\Lib\site-packages\jinja2\environment.py", line 1295, in render
    self.environment.handle_exception()
    ~~~~~~~~~~~~~~~~~~~~~~~~~~~~~~~~~^^
  File "C:\Users\Administrator\AppData\Local\Programs\Python\Python313\Lib\site-packages\jinja2\environment.py", line 942, in handle_exception
    raise rewrite_traceback_stack(source=source)
  File "D:\web_sell\app\templates\index.html", line 1, in top-level template code
    {% extends 'base.html' %}
  File "D:\web_sell\app\templates\base.html", line 96, in top-level template code
    {% block content %}
    ^^^^^^^^^^^^^^^^^
  File "D:\web_sell\app\templates\index.html", line 19, in block 'content'
    {% for product in products.items %}
    ^^^^^^^^^^^^^^^^^^^^^
  File "C:\Users\Administrator\AppData\Local\Programs\Python\Python313\Lib\site-packages\jinja2\environment.py", line 490, in getattr
    return getattr(obj, attribute)
jinja2.exceptions.UndefinedError: 'products' is undefined


--- 2026-06-17 14:25:08,150 ---
127.0.0.1 - - [17/Jun/2026 14:25:08] "[32mGET / HTTP/1.1[0m" 302 -

--- 2026-06-17 14:25:08,160 ---
L\u1ed7i \u1edf \u0111\u01b0\u1eddng d\u1eabn: /
Traceback (most recent call last):
  File "C:\Users\Administrator\AppData\Local\Programs\Python\Python313\Lib\site-packages\flask\app.py", line 917, in full_dispatch_request
    rv = self.dispatch_request()
  File "C:\Users\Administrator\AppData\Local\Programs\Python\Python313\Lib\site-packages\flask\app.py", line 902, in dispatch_request
    return self.ensure_sync(self.view_functions[rule.endpoint])(**view_args)  # type: ignore[no-any-return]
           ~~~~~~~~~~~~~~~~~~~~~~~~~~~~~~~~~~~~~~~~~~~~~~~~~~~~^^^^^^^^^^^^^
  File "D:\web_sell\app\routes.py", line 13, in home
    return render_template('index.html', products=products)
           ^^^^^^^^^^^^^^^^^^^^^^^^^^^^^
  File "C:\Users\Administrator\AppData\Local\Programs\Python\Python313\Lib\site-packages\flask\templating.py", line 151, in render_template
    return _render(app, template, context)
  File "C:\Users\Administrator\AppData\Local\Programs\Python\Python313\Lib\site-packages\flask\templating.py", line 132, in _render
    rv = template.render(context)
  File "C:\Users\Administrator\AppData\Local\Programs\Python\Python313\Lib\site-packages\jinja2\environment.py", line 1295, in render
    self.environment.handle_exception()
    ~~~~~~~~~~~~~~~~~~~~~~~~~~~~~~~~~^^
  File "C:\Users\Administrator\AppData\Local\Programs\Python\Python313\Lib\site-packages\jinja2\environment.py", line 942, in handle_exception
    raise rewrite_traceback_stack(source=source)
  File "D:\web_sell\app\templates\index.html", line 1, in top-level template code
    {% extends 'base.html' %}
  File "D:\web_sell\app\templates\base.html", line 96, in top-level template code
    {% block content %}
    ^^^^^^^^^^^^^^^^^
  File "D:\web_sell\app\templates\index.html", line 19, in block 'content'
    {% for product in products.items %}
    ^^^^^^^^^^^^^^^^^^^^^
  File "C:\Users\Administrator\AppData\Local\Programs\Python\Python313\Lib\site-packages\jinja2\environment.py", line 490, in getattr
    return getattr(obj, attribute)
jinja2.exceptions.UndefinedError: 'products' is undefined


--- 2026-06-17 14:25:08,161 ---
127.0.0.1 - - [17/Jun/2026 14:25:08] "[32mGET / HTTP/1.1[0m" 302 -

--- 2026-06-17 14:25:08,172 ---
L\u1ed7i \u1edf \u0111\u01b0\u1eddng d\u1eabn: /
Traceback (most recent call last):
  File "C:\Users\Administrator\AppData\Local\Programs\Python\Python313\Lib\site-packages\flask\app.py", line 917, in full_dispatch_request
    rv = self.dispatch_request()
  File "C:\Users\Administrator\AppData\Local\Programs\Python\Python313\Lib\site-packages\flask\app.py", line 902, in dispatch_request
    return self.ensure_sync(self.view_functions[rule.endpoint])(**view_args)  # type: ignore[no-any-return]
           ~~~~~~~~~~~~~~~~~~~~~~~~~~~~~~~~~~~~~~~~~~~~~~~~~~~~^^^^^^^^^^^^^
  File "D:\web_sell\app\routes.py", line 13, in home
    return render_template('index.html', products=products)
           ^^^^^^^^^^^^^^^^^^^^^^^^^^^^^
  File "C:\Users\Administrator\AppData\Local\Programs\Python\Python313\Lib\site-packages\flask\templating.py", line 151, in render_template
    return _render(app, template, context)
  File "C:\Users\Administrator\AppData\Local\Programs\Python\Python313\Lib\site-packages\flask\templating.py", line 132, in _render
    rv = template.render(context)
  File "C:\Users\Administrator\AppData\Local\Programs\Python\Python313\Lib\site-packages\jinja2\environment.py", line 1295, in render
    self.environment.handle_exception()
    ~~~~~~~~~~~~~~~~~~~~~~~~~~~~~~~~~^^
  File "C:\Users\Administrator\AppData\Local\Programs\Python\Python313\Lib\site-packages\jinja2\environment.py", line 942, in handle_exception
    raise rewrite_traceback_stack(source=source)
  File "D:\web_sell\app\templates\index.html", line 1, in top-level template code
    {% extends 'base.html' %}
  File "D:\web_sell\app\templates\base.html", line 96, in top-level template code
    {% block content %}
    ^^^^^^^^^^^^^^^^^
  File "D:\web_sell\app\templates\index.html", line 19, in block 'content'
    {% for product in products.items %}
    ^^^^^^^^^^^^^^^^^^^^^
  File "C:\Users\Administrator\AppData\Local\Programs\Python\Python313\Lib\site-packages\jinja2\environment.py", line 490, in getattr
    return getattr(obj, attribute)
jinja2.exceptions.UndefinedError: 'products' is undefined


--- 2026-06-17 14:25:08,173 ---
127.0.0.1 - - [17/Jun/2026 14:25:08] "[32mGET / HTTP/1.1[0m" 302 -

--- 2026-06-17 14:25:08,184 ---
L\u1ed7i \u1edf \u0111\u01b0\u1eddng d\u1eabn: /
Traceback (most recent call last):
  File "C:\Users\Administrator\AppData\Local\Programs\Python\Python313\Lib\site-packages\flask\app.py", line 917, in full_dispatch_request
    rv = self.dispatch_request()
  File "C:\Users\Administrator\AppData\Local\Programs\Python\Python313\Lib\site-packages\flask\app.py", line 902, in dispatch_request
    return self.ensure_sync(self.view_functions[rule.endpoint])(**view_args)  # type: ignore[no-any-return]
           ~~~~~~~~~~~~~~~~~~~~~~~~~~~~~~~~~~~~~~~~~~~~~~~~~~~~^^^^^^^^^^^^^
  File "D:\web_sell\app\routes.py", line 13, in home
    return render_template('index.html', products=products)
           ^^^^^^^^^^^^^^^^^^^^^^^^^^^^^
  File "C:\Users\Administrator\AppData\Local\Programs\Python\Python313\Lib\site-packages\flask\templating.py", line 151, in render_template
    return _render(app, template, context)
  File "C:\Users\Administrator\AppData\Local\Programs\Python\Python313\Lib\site-packages\flask\templating.py", line 132, in _render
    rv = template.render(context)
  File "C:\Users\Administrator\AppData\Local\Programs\Python\Python313\Lib\site-packages\jinja2\environment.py", line 1295, in render
    self.environment.handle_exception()
    ~~~~~~~~~~~~~~~~~~~~~~~~~~~~~~~~~^^
  File "C:\Users\Administrator\AppData\Local\Programs\Python\Python313\Lib\site-packages\jinja2\environment.py", line 942, in handle_exception
    raise rewrite_traceback_stack(source=source)
  File "D:\web_sell\app\templates\index.html", line 1, in top-level template code
    {% extends 'base.html' %}
  File "D:\web_sell\app\templates\base.html", line 96, in top-level template code
    {% block content %}
    ^^^^^^^^^^^^^^^^^
  File "D:\web_sell\app\templates\index.html", line 19, in block 'content'
    {% for product in products.items %}
    ^^^^^^^^^^^^^^^^^^^^^
  File "C:\Users\Administrator\AppData\Local\Programs\Python\Python313\Lib\site-packages\jinja2\environment.py", line 490, in getattr
    return getattr(obj, attribute)
jinja2.exceptions.UndefinedError: 'products' is undefined


--- 2026-06-17 14:25:08,184 ---
127.0.0.1 - - [17/Jun/2026 14:25:08] "[32mGET / HTTP/1.1[0m" 302 -

--- 2026-06-17 14:25:08,195 ---
L\u1ed7i \u1edf \u0111\u01b0\u1eddng d\u1eabn: /
Traceback (most recent call last):
  File "C:\Users\Administrator\AppData\Local\Programs\Python\Python313\Lib\site-packages\flask\app.py", line 917, in full_dispatch_request
    rv = self.dispatch_request()
  File "C:\Users\Administrator\AppData\Local\Programs\Python\Python313\Lib\site-packages\flask\app.py", line 902, in dispatch_request
    return self.ensure_sync(self.view_functions[rule.endpoint])(**view_args)  # type: ignore[no-any-return]
           ~~~~~~~~~~~~~~~~~~~~~~~~~~~~~~~~~~~~~~~~~~~~~~~~~~~~^^^^^^^^^^^^^
  File "D:\web_sell\app\routes.py", line 13, in home
    return render_template('index.html', products=products)
           ^^^^^^^^^^^^^^^^^^^^^^^^^^^^^
  File "C:\Users\Administrator\AppData\Local\Programs\Python\Python313\Lib\site-packages\flask\templating.py", line 151, in render_template
    return _render(app, template, context)
  File "C:\Users\Administrator\AppData\Local\Programs\Python\Python313\Lib\site-packages\flask\templating.py", line 132, in _render
    rv = template.render(context)
  File "C:\Users\Administrator\AppData\Local\Programs\Python\Python313\Lib\site-packages\jinja2\environment.py", line 1295, in render
    self.environment.handle_exception()
    ~~~~~~~~~~~~~~~~~~~~~~~~~~~~~~~~~^^
  File "C:\Users\Administrator\AppData\Local\Programs\Python\Python313\Lib\site-packages\jinja2\environment.py", line 942, in handle_exception
    raise rewrite_traceback_stack(source=source)
  File "D:\web_sell\app\templates\index.html", line 1, in top-level template code
    {% extends 'base.html' %}
  File "D:\web_sell\app\templates\base.html", line 96, in top-level template code
    {% block content %}
    ^^^^^^^^^^^^^^^^^
  File "D:\web_sell\app\templates\index.html", line 19, in block 'content'
    {% for product in products.items %}
    ^^^^^^^^^^^^^^^^^^^^^
  File "C:\Users\Administrator\AppData\Local\Programs\Python\Python313\Lib\site-packages\jinja2\environment.py", line 490, in getattr
    return getattr(obj, attribute)
jinja2.exceptions.UndefinedError: 'products' is undefined


--- 2026-06-17 14:25:08,195 ---
127.0.0.1 - - [17/Jun/2026 14:25:08] "[32mGET / HTTP/1.1[0m" 302 -

--- 2026-06-17 14:25:08,208 ---
L\u1ed7i \u1edf \u0111\u01b0\u1eddng d\u1eabn: /
Traceback (most recent call last):
  File "C:\Users\Administrator\AppData\Local\Programs\Python\Python313\Lib\site-packages\flask\app.py", line 917, in full_dispatch_request
    rv = self.dispatch_request()
  File "C:\Users\Administrator\AppData\Local\Programs\Python\Python313\Lib\site-packages\flask\app.py", line 902, in dispatch_request
    return self.ensure_sync(self.view_functions[rule.endpoint])(**view_args)  # type: ignore[no-any-return]
           ~~~~~~~~~~~~~~~~~~~~~~~~~~~~~~~~~~~~~~~~~~~~~~~~~~~~^^^^^^^^^^^^^
  File "D:\web_sell\app\routes.py", line 13, in home
    return render_template('index.html', products=products)
           ^^^^^^^^^^^^^^^^^^^^^^^^^^^^^
  File "C:\Users\Administrator\AppData\Local\Programs\Python\Python313\Lib\site-packages\flask\templating.py", line 151, in render_template
    return _render(app, template, context)
  File "C:\Users\Administrator\AppData\Local\Programs\Python\Python313\Lib\site-packages\flask\templating.py", line 132, in _render
    rv = template.render(context)
  File "C:\Users\Administrator\AppData\Local\Programs\Python\Python313\Lib\site-packages\jinja2\environment.py", line 1295, in render
    self.environment.handle_exception()
    ~~~~~~~~~~~~~~~~~~~~~~~~~~~~~~~~~^^
  File "C:\Users\Administrator\AppData\Local\Programs\Python\Python313\Lib\site-packages\jinja2\environment.py", line 942, in handle_exception
    raise rewrite_traceback_stack(source=source)
  File "D:\web_sell\app\templates\index.html", line 1, in top-level template code
    {% extends 'base.html' %}
  File "D:\web_sell\app\templates\base.html", line 96, in top-level template code
    {% block content %}
    ^^^^^^^^^^^^^^^^^
  File "D:\web_sell\app\templates\index.html", line 19, in block 'content'
    {% for product in products.items %}
    ^^^^^^^^^^^^^^^^^^^^^
  File "C:\Users\Administrator\AppData\Local\Programs\Python\Python313\Lib\site-packages\jinja2\environment.py", line 490, in getattr
    return getattr(obj, attribute)
jinja2.exceptions.UndefinedError: 'products' is undefined


--- 2026-06-17 14:25:08,208 ---
127.0.0.1 - - [17/Jun/2026 14:25:08] "[32mGET / HTTP/1.1[0m" 302 -

--- 2026-06-17 14:25:08,220 ---
L\u1ed7i \u1edf \u0111\u01b0\u1eddng d\u1eabn: /
Traceback (most recent call last):
  File "C:\Users\Administrator\AppData\Local\Programs\Python\Python313\Lib\site-packages\flask\app.py", line 917, in full_dispatch_request
    rv = self.dispatch_request()
  File "C:\Users\Administrator\AppData\Local\Programs\Python\Python313\Lib\site-packages\flask\app.py", line 902, in dispatch_request
    return self.ensure_sync(self.view_functions[rule.endpoint])(**view_args)  # type: ignore[no-any-return]
           ~~~~~~~~~~~~~~~~~~~~~~~~~~~~~~~~~~~~~~~~~~~~~~~~~~~~^^^^^^^^^^^^^
  File "D:\web_sell\app\routes.py", line 13, in home
    return render_template('index.html', products=products)
           ^^^^^^^^^^^^^^^^^^^^^^^^^^^^^
  File "C:\Users\Administrator\AppData\Local\Programs\Python\Python313\Lib\site-packages\flask\templating.py", line 151, in render_template
    return _render(app, template, context)
  File "C:\Users\Administrator\AppData\Local\Programs\Python\Python313\Lib\site-packages\flask\templating.py", line 132, in _render
    rv = template.render(context)
  File "C:\Users\Administrator\AppData\Local\Programs\Python\Python313\Lib\site-packages\jinja2\environment.py", line 1295, in render
    self.environment.handle_exception()
    ~~~~~~~~~~~~~~~~~~~~~~~~~~~~~~~~~^^
  File "C:\Users\Administrator\AppData\Local\Programs\Python\Python313\Lib\site-packages\jinja2\environment.py", line 942, in handle_exception
    raise rewrite_traceback_stack(source=source)
  File "D:\web_sell\app\templates\index.html", line 1, in top-level template code
    {% extends 'base.html' %}
  File "D:\web_sell\app\templates\base.html", line 96, in top-level template code
    {% block content %}
    ^^^^^^^^^^^^^^^^^
  File "D:\web_sell\app\templates\index.html", line 19, in block 'content'
    {% for product in products.items %}
    ^^^^^^^^^^^^^^^^^^^^^
  File "C:\Users\Administrator\AppData\Local\Programs\Python\Python313\Lib\site-packages\jinja2\environment.py", line 490, in getattr
    return getattr(obj, attribute)
jinja2.exceptions.UndefinedError: 'products' is undefined


--- 2026-06-17 14:25:08,221 ---
127.0.0.1 - - [17/Jun/2026 14:25:08] "[32mGET / HTTP/1.1[0m" 302 -

--- 2026-06-17 14:25:08,231 ---
L\u1ed7i \u1edf \u0111\u01b0\u1eddng d\u1eabn: /
Traceback (most recent call last):
  File "C:\Users\Administrator\AppData\Local\Programs\Python\Python313\Lib\site-packages\flask\app.py", line 917, in full_dispatch_request
    rv = self.dispatch_request()
  File "C:\Users\Administrator\AppData\Local\Programs\Python\Python313\Lib\site-packages\flask\app.py", line 902, in dispatch_request
    return self.ensure_sync(self.view_functions[rule.endpoint])(**view_args)  # type: ignore[no-any-return]
           ~~~~~~~~~~~~~~~~~~~~~~~~~~~~~~~~~~~~~~~~~~~~~~~~~~~~^^^^^^^^^^^^^
  File "D:\web_sell\app\routes.py", line 13, in home
    return render_template('index.html', products=products)
           ^^^^^^^^^^^^^^^^^^^^^^^^^^^^^
  File "C:\Users\Administrator\AppData\Local\Programs\Python\Python313\Lib\site-packages\flask\templating.py", line 151, in render_template
    return _render(app, template, context)
  File "C:\Users\Administrator\AppData\Local\Programs\Python\Python313\Lib\site-packages\flask\templating.py", line 132, in _render
    rv = template.render(context)
  File "C:\Users\Administrator\AppData\Local\Programs\Python\Python313\Lib\site-packages\jinja2\environment.py", line 1295, in render
    self.environment.handle_exception()
    ~~~~~~~~~~~~~~~~~~~~~~~~~~~~~~~~~^^
  File "C:\Users\Administrator\AppData\Local\Programs\Python\Python313\Lib\site-packages\jinja2\environment.py", line 942, in handle_exception
    raise rewrite_traceback_stack(source=source)
  File "D:\web_sell\app\templates\index.html", line 1, in top-level template code
    {% extends 'base.html' %}
  File "D:\web_sell\app\templates\base.html", line 96, in top-level template code
    {% block content %}
    ^^^^^^^^^^^^^^^^^
  File "D:\web_sell\app\templates\index.html", line 19, in block 'content'
    {% for product in products.items %}
    ^^^^^^^^^^^^^^^^^^^^^
  File "C:\Users\Administrator\AppData\Local\Programs\Python\Python313\Lib\site-packages\jinja2\environment.py", line 490, in getattr
    return getattr(obj, attribute)
jinja2.exceptions.UndefinedError: 'products' is undefined


--- 2026-06-17 14:25:08,232 ---
127.0.0.1 - - [17/Jun/2026 14:25:08] "[32mGET / HTTP/1.1[0m" 302 -

--- 2026-06-17 14:25:08,711 ---
L\u1ed7i \u1edf \u0111\u01b0\u1eddng d\u1eabn: /
Traceback (most recent call last):
  File "C:\Users\Administrator\AppData\Local\Programs\Python\Python313\Lib\site-packages\flask\app.py", line 917, in full_dispatch_request
    rv = self.dispatch_request()
  File "C:\Users\Administrator\AppData\Local\Programs\Python\Python313\Lib\site-packages\flask\app.py", line 902, in dispatch_request
    return self.ensure_sync(self.view_functions[rule.endpoint])(**view_args)  # type: ignore[no-any-return]
           ~~~~~~~~~~~~~~~~~~~~~~~~~~~~~~~~~~~~~~~~~~~~~~~~~~~~^^^^^^^^^^^^^
  File "D:\web_sell\app\routes.py", line 13, in home
    return render_template('index.html', products=products)
           ^^^^^^^^^^^^^^^^^^^^^^^^^^^^^
  File "C:\Users\Administrator\AppData\Local\Programs\Python\Python313\Lib\site-packages\flask\templating.py", line 151, in render_template
    return _render(app, template, context)
  File "C:\Users\Administrator\AppData\Local\Programs\Python\Python313\Lib\site-packages\flask\templating.py", line 132, in _render
    rv = template.render(context)
  File "C:\Users\Administrator\AppData\Local\Programs\Python\Python313\Lib\site-packages\jinja2\environment.py", line 1295, in render
    self.environment.handle_exception()
    ~~~~~~~~~~~~~~~~~~~~~~~~~~~~~~~~~^^
  File "C:\Users\Administrator\AppData\Local\Programs\Python\Python313\Lib\site-packages\jinja2\environment.py", line 942, in handle_exception
    raise rewrite_traceback_stack(source=source)
  File "D:\web_sell\app\templates\index.html", line 1, in top-level template code
    {% extends 'base.html' %}
  File "D:\web_sell\app\templates\base.html", line 96, in top-level template code
    {% block content %}
    ^^^^^^^^^^^^^^^^^
  File "D:\web_sell\app\templates\index.html", line 19, in block 'content'
    {% for product in products.items %}
    ^^^^^^^^^^^^^^^^^^^^^
  File "C:\Users\Administrator\AppData\Local\Programs\Python\Python313\Lib\site-packages\jinja2\environment.py", line 490, in getattr
    return getattr(obj, attribute)
jinja2.exceptions.UndefinedError: 'products' is undefined


--- 2026-06-17 14:25:08,711 ---
127.0.0.1 - - [17/Jun/2026 14:25:08] "[32mGET / HTTP/1.1[0m" 302 -

--- 2026-06-17 14:25:08,722 ---
L\u1ed7i \u1edf \u0111\u01b0\u1eddng d\u1eabn: /
Traceback (most recent call last):
  File "C:\Users\Administrator\AppData\Local\Programs\Python\Python313\Lib\site-packages\flask\app.py", line 917, in full_dispatch_request
    rv = self.dispatch_request()
  File "C:\Users\Administrator\AppData\Local\Programs\Python\Python313\Lib\site-packages\flask\app.py", line 902, in dispatch_request
    return self.ensure_sync(self.view_functions[rule.endpoint])(**view_args)  # type: ignore[no-any-return]
           ~~~~~~~~~~~~~~~~~~~~~~~~~~~~~~~~~~~~~~~~~~~~~~~~~~~~^^^^^^^^^^^^^
  File "D:\web_sell\app\routes.py", line 13, in home
    return render_template('index.html', products=products)
           ^^^^^^^^^^^^^^^^^^^^^^^^^^^^^
  File "C:\Users\Administrator\AppData\Local\Programs\Python\Python313\Lib\site-packages\flask\templating.py", line 151, in render_template
    return _render(app, template, context)
  File "C:\Users\Administrator\AppData\Local\Programs\Python\Python313\Lib\site-packages\flask\templating.py", line 132, in _render
    rv = template.render(context)
  File "C:\Users\Administrator\AppData\Local\Programs\Python\Python313\Lib\site-packages\jinja2\environment.py", line 1295, in render
    self.environment.handle_exception()
    ~~~~~~~~~~~~~~~~~~~~~~~~~~~~~~~~~^^
  File "C:\Users\Administrator\AppData\Local\Programs\Python\Python313\Lib\site-packages\jinja2\environment.py", line 942, in handle_exception
    raise rewrite_traceback_stack(source=source)
  File "D:\web_sell\app\templates\index.html", line 1, in top-level template code
    {% extends 'base.html' %}
  File "D:\web_sell\app\templates\base.html", line 96, in top-level template code
    {% block content %}
    ^^^^^^^^^^^^^^^^^
  File "D:\web_sell\app\templates\index.html", line 19, in block 'content'
    {% for product in products.items %}
    ^^^^^^^^^^^^^^^^^^^^^
  File "C:\Users\Administrator\AppData\Local\Programs\Python\Python313\Lib\site-packages\jinja2\environment.py", line 490, in getattr
    return getattr(obj, attribute)
jinja2.exceptions.UndefinedError: 'products' is undefined


--- 2026-06-17 14:25:08,722 ---
127.0.0.1 - - [17/Jun/2026 14:25:08] "[32mGET / HTTP/1.1[0m" 302 -

--- 2026-06-17 14:25:08,733 ---
L\u1ed7i \u1edf \u0111\u01b0\u1eddng d\u1eabn: /
Traceback (most recent call last):
  File "C:\Users\Administrator\AppData\Local\Programs\Python\Python313\Lib\site-packages\flask\app.py", line 917, in full_dispatch_request
    rv = self.dispatch_request()
  File "C:\Users\Administrator\AppData\Local\Programs\Python\Python313\Lib\site-packages\flask\app.py", line 902, in dispatch_request
    return self.ensure_sync(self.view_functions[rule.endpoint])(**view_args)  # type: ignore[no-any-return]
           ~~~~~~~~~~~~~~~~~~~~~~~~~~~~~~~~~~~~~~~~~~~~~~~~~~~~^^^^^^^^^^^^^
  File "D:\web_sell\app\routes.py", line 13, in home
    return render_template('index.html', products=products)
           ^^^^^^^^^^^^^^^^^^^^^^^^^^^^^
  File "C:\Users\Administrator\AppData\Local\Programs\Python\Python313\Lib\site-packages\flask\templating.py", line 151, in render_template
    return _render(app, template, context)
  File "C:\Users\Administrator\AppData\Local\Programs\Python\Python313\Lib\site-packages\flask\templating.py", line 132, in _render
    rv = template.render(context)
  File "C:\Users\Administrator\AppData\Local\Programs\Python\Python313\Lib\site-packages\jinja2\environment.py", line 1295, in render
    self.environment.handle_exception()
    ~~~~~~~~~~~~~~~~~~~~~~~~~~~~~~~~~^^
  File "C:\Users\Administrator\AppData\Local\Programs\Python\Python313\Lib\site-packages\jinja2\environment.py", line 942, in handle_exception
    raise rewrite_traceback_stack(source=source)
  File "D:\web_sell\app\templates\index.html", line 1, in top-level template code
    {% extends 'base.html' %}
  File "D:\web_sell\app\templates\base.html", line 96, in top-level template code
    {% block content %}
    ^^^^^^^^^^^^^^^^^
  File "D:\web_sell\app\templates\index.html", line 19, in block 'content'
    {% for product in products.items %}
    ^^^^^^^^^^^^^^^^^^^^^
  File "C:\Users\Administrator\AppData\Local\Programs\Python\Python313\Lib\site-packages\jinja2\environment.py", line 490, in getattr
    return getattr(obj, attribute)
jinja2.exceptions.UndefinedError: 'products' is undefined


--- 2026-06-17 14:25:08,734 ---
127.0.0.1 - - [17/Jun/2026 14:25:08] "[32mGET / HTTP/1.1[0m" 302 -

--- 2026-06-17 14:25:08,745 ---
L\u1ed7i \u1edf \u0111\u01b0\u1eddng d\u1eabn: /
Traceback (most recent call last):
  File "C:\Users\Administrator\AppData\Local\Programs\Python\Python313\Lib\site-packages\flask\app.py", line 917, in full_dispatch_request
    rv = self.dispatch_request()
  File "C:\Users\Administrator\AppData\Local\Programs\Python\Python313\Lib\site-packages\flask\app.py", line 902, in dispatch_request
    return self.ensure_sync(self.view_functions[rule.endpoint])(**view_args)  # type: ignore[no-any-return]
           ~~~~~~~~~~~~~~~~~~~~~~~~~~~~~~~~~~~~~~~~~~~~~~~~~~~~^^^^^^^^^^^^^
  File "D:\web_sell\app\routes.py", line 13, in home
    return render_template('index.html', products=products)
           ^^^^^^^^^^^^^^^^^^^^^^^^^^^^^
  File "C:\Users\Administrator\AppData\Local\Programs\Python\Python313\Lib\site-packages\flask\templating.py", line 151, in render_template
    return _render(app, template, context)
  File "C:\Users\Administrator\AppData\Local\Programs\Python\Python313\Lib\site-packages\flask\templating.py", line 132, in _render
    rv = template.render(context)
  File "C:\Users\Administrator\AppData\Local\Programs\Python\Python313\Lib\site-packages\jinja2\environment.py", line 1295, in render
    self.environment.handle_exception()
    ~~~~~~~~~~~~~~~~~~~~~~~~~~~~~~~~~^^
  File "C:\Users\Administrator\AppData\Local\Programs\Python\Python313\Lib\site-packages\jinja2\environment.py", line 942, in handle_exception
    raise rewrite_traceback_stack(source=source)
  File "D:\web_sell\app\templates\index.html", line 1, in top-level template code
    {% extends 'base.html' %}
  File "D:\web_sell\app\templates\base.html", line 96, in top-level template code
    {% block content %}
    ^^^^^^^^^^^^^^^^^
  File "D:\web_sell\app\templates\index.html", line 19, in block 'content'
    {% for product in products.items %}
    ^^^^^^^^^^^^^^^^^^^^^
  File "C:\Users\Administrator\AppData\Local\Programs\Python\Python313\Lib\site-packages\jinja2\environment.py", line 490, in getattr
    return getattr(obj, attribute)
jinja2.exceptions.UndefinedError: 'products' is undefined


--- 2026-06-17 14:25:08,745 ---
127.0.0.1 - - [17/Jun/2026 14:25:08] "[32mGET / HTTP/1.1[0m" 302 -

--- 2026-06-17 14:25:08,757 ---
L\u1ed7i \u1edf \u0111\u01b0\u1eddng d\u1eabn: /
Traceback (most recent call last):
  File "C:\Users\Administrator\AppData\Local\Programs\Python\Python313\Lib\site-packages\flask\app.py", line 917, in full_dispatch_request
    rv = self.dispatch_request()
  File "C:\Users\Administrator\AppData\Local\Programs\Python\Python313\Lib\site-packages\flask\app.py", line 902, in dispatch_request
    return self.ensure_sync(self.view_functions[rule.endpoint])(**view_args)  # type: ignore[no-any-return]
           ~~~~~~~~~~~~~~~~~~~~~~~~~~~~~~~~~~~~~~~~~~~~~~~~~~~~^^^^^^^^^^^^^
  File "D:\web_sell\app\routes.py", line 13, in home
    return render_template('index.html', products=products)
           ^^^^^^^^^^^^^^^^^^^^^^^^^^^^^
  File "C:\Users\Administrator\AppData\Local\Programs\Python\Python313\Lib\site-packages\flask\templating.py", line 151, in render_template
    return _render(app, template, context)
  File "C:\Users\Administrator\AppData\Local\Programs\Python\Python313\Lib\site-packages\flask\templating.py", line 132, in _render
    rv = template.render(context)
  File "C:\Users\Administrator\AppData\Local\Programs\Python\Python313\Lib\site-packages\jinja2\environment.py", line 1295, in render
    self.environment.handle_exception()
    ~~~~~~~~~~~~~~~~~~~~~~~~~~~~~~~~~^^
  File "C:\Users\Administrator\AppData\Local\Programs\Python\Python313\Lib\site-packages\jinja2\environment.py", line 942, in handle_exception
    raise rewrite_traceback_stack(source=source)
  File "D:\web_sell\app\templates\index.html", line 1, in top-level template code
    {% extends 'base.html' %}
  File "D:\web_sell\app\templates\base.html", line 96, in top-level template code
    {% block content %}
    ^^^^^^^^^^^^^^^^^
  File "D:\web_sell\app\templates\index.html", line 19, in block 'content'
    {% for product in products.items %}
    ^^^^^^^^^^^^^^^^^^^^^
  File "C:\Users\Administrator\AppData\Local\Programs\Python\Python313\Lib\site-packages\jinja2\environment.py", line 490, in getattr
    return getattr(obj, attribute)
jinja2.exceptions.UndefinedError: 'products' is undefined


--- 2026-06-17 14:25:08,758 ---
127.0.0.1 - - [17/Jun/2026 14:25:08] "[32mGET / HTTP/1.1[0m" 302 -

--- 2026-06-17 14:25:08,771 ---
L\u1ed7i \u1edf \u0111\u01b0\u1eddng d\u1eabn: /
Traceback (most recent call last):
  File "C:\Users\Administrator\AppData\Local\Programs\Python\Python313\Lib\site-packages\flask\app.py", line 917, in full_dispatch_request
    rv = self.dispatch_request()
  File "C:\Users\Administrator\AppData\Local\Programs\Python\Python313\Lib\site-packages\flask\app.py", line 902, in dispatch_request
    return self.ensure_sync(self.view_functions[rule.endpoint])(**view_args)  # type: ignore[no-any-return]
           ~~~~~~~~~~~~~~~~~~~~~~~~~~~~~~~~~~~~~~~~~~~~~~~~~~~~^^^^^^^^^^^^^
  File "D:\web_sell\app\routes.py", line 13, in home
    return render_template('index.html', products=products)
           ^^^^^^^^^^^^^^^^^^^^^^^^^^^^^
  File "C:\Users\Administrator\AppData\Local\Programs\Python\Python313\Lib\site-packages\flask\templating.py", line 151, in render_template
    return _render(app, template, context)
  File "C:\Users\Administrator\AppData\Local\Programs\Python\Python313\Lib\site-packages\flask\templating.py", line 132, in _render
    rv = template.render(context)
  File "C:\Users\Administrator\AppData\Local\Programs\Python\Python313\Lib\site-packages\jinja2\environment.py", line 1295, in render
    self.environment.handle_exception()
    ~~~~~~~~~~~~~~~~~~~~~~~~~~~~~~~~~^^
  File "C:\Users\Administrator\AppData\Local\Programs\Python\Python313\Lib\site-packages\jinja2\environment.py", line 942, in handle_exception
    raise rewrite_traceback_stack(source=source)
  File "D:\web_sell\app\templates\index.html", line 1, in top-level template code
    {% extends 'base.html' %}
  File "D:\web_sell\app\templates\base.html", line 96, in top-level template code
    {% block content %}
    ^^^^^^^^^^^^^^^^^
  File "D:\web_sell\app\templates\index.html", line 19, in block 'content'
    {% for product in products.items %}
    ^^^^^^^^^^^^^^^^^^^^^
  File "C:\Users\Administrator\AppData\Local\Programs\Python\Python313\Lib\site-packages\jinja2\environment.py", line 490, in getattr
    return getattr(obj, attribute)
jinja2.exceptions.UndefinedError: 'products' is undefined


--- 2026-06-17 14:25:08,771 ---
127.0.0.1 - - [17/Jun/2026 14:25:08] "[32mGET / HTTP/1.1[0m" 302 -

--- 2026-06-17 14:25:08,783 ---
L\u1ed7i \u1edf \u0111\u01b0\u1eddng d\u1eabn: /
Traceback (most recent call last):
  File "C:\Users\Administrator\AppData\Local\Programs\Python\Python313\Lib\site-packages\flask\app.py", line 917, in full_dispatch_request
    rv = self.dispatch_request()
  File "C:\Users\Administrator\AppData\Local\Programs\Python\Python313\Lib\site-packages\flask\app.py", line 902, in dispatch_request
    return self.ensure_sync(self.view_functions[rule.endpoint])(**view_args)  # type: ignore[no-any-return]
           ~~~~~~~~~~~~~~~~~~~~~~~~~~~~~~~~~~~~~~~~~~~~~~~~~~~~^^^^^^^^^^^^^
  File "D:\web_sell\app\routes.py", line 13, in home
    return render_template('index.html', products=products)
           ^^^^^^^^^^^^^^^^^^^^^^^^^^^^^
  File "C:\Users\Administrator\AppData\Local\Programs\Python\Python313\Lib\site-packages\flask\templating.py", line 151, in render_template
    return _render(app, template, context)
  File "C:\Users\Administrator\AppData\Local\Programs\Python\Python313\Lib\site-packages\flask\templating.py", line 132, in _render
    rv = template.render(context)
  File "C:\Users\Administrator\AppData\Local\Programs\Python\Python313\Lib\site-packages\jinja2\environment.py", line 1295, in render
    self.environment.handle_exception()
    ~~~~~~~~~~~~~~~~~~~~~~~~~~~~~~~~~^^
  File "C:\Users\Administrator\AppData\Local\Programs\Python\Python313\Lib\site-packages\jinja2\environment.py", line 942, in handle_exception
    raise rewrite_traceback_stack(source=source)
  File "D:\web_sell\app\templates\index.html", line 1, in top-level template code
    {% extends 'base.html' %}
  File "D:\web_sell\app\templates\base.html", line 96, in top-level template code
    {% block content %}
    ^^^^^^^^^^^^^^^^^
  File "D:\web_sell\app\templates\index.html", line 19, in block 'content'
    {% for product in products.items %}
    ^^^^^^^^^^^^^^^^^^^^^
  File "C:\Users\Administrator\AppData\Local\Programs\Python\Python313\Lib\site-packages\jinja2\environment.py", line 490, in getattr
    return getattr(obj, attribute)
jinja2.exceptions.UndefinedError: 'products' is undefined


--- 2026-06-17 14:25:08,783 ---
127.0.0.1 - - [17/Jun/2026 14:25:08] "[32mGET / HTTP/1.1[0m" 302 -

--- 2026-06-17 14:25:08,794 ---
L\u1ed7i \u1edf \u0111\u01b0\u1eddng d\u1eabn: /
Traceback (most recent call last):
  File "C:\Users\Administrator\AppData\Local\Programs\Python\Python313\Lib\site-packages\flask\app.py", line 917, in full_dispatch_request
    rv = self.dispatch_request()
  File "C:\Users\Administrator\AppData\Local\Programs\Python\Python313\Lib\site-packages\flask\app.py", line 902, in dispatch_request
    return self.ensure_sync(self.view_functions[rule.endpoint])(**view_args)  # type: ignore[no-any-return]
           ~~~~~~~~~~~~~~~~~~~~~~~~~~~~~~~~~~~~~~~~~~~~~~~~~~~~^^^^^^^^^^^^^
  File "D:\web_sell\app\routes.py", line 13, in home
    return render_template('index.html', products=products)
           ^^^^^^^^^^^^^^^^^^^^^^^^^^^^^
  File "C:\Users\Administrator\AppData\Local\Programs\Python\Python313\Lib\site-packages\flask\templating.py", line 151, in render_template
    return _render(app, template, context)
  File "C:\Users\Administrator\AppData\Local\Programs\Python\Python313\Lib\site-packages\flask\templating.py", line 132, in _render
    rv = template.render(context)
  File "C:\Users\Administrator\AppData\Local\Programs\Python\Python313\Lib\site-packages\jinja2\environment.py", line 1295, in render
    self.environment.handle_exception()
    ~~~~~~~~~~~~~~~~~~~~~~~~~~~~~~~~~^^
  File "C:\Users\Administrator\AppData\Local\Programs\Python\Python313\Lib\site-packages\jinja2\environment.py", line 942, in handle_exception
    raise rewrite_traceback_stack(source=source)
  File "D:\web_sell\app\templates\index.html", line 1, in top-level template code
    {% extends 'base.html' %}
  File "D:\web_sell\app\templates\base.html", line 96, in top-level template code
    {% block content %}
    ^^^^^^^^^^^^^^^^^
  File "D:\web_sell\app\templates\index.html", line 19, in block 'content'
    {% for product in products.items %}
    ^^^^^^^^^^^^^^^^^^^^^
  File "C:\Users\Administrator\AppData\Local\Programs\Python\Python313\Lib\site-packages\jinja2\environment.py", line 490, in getattr
    return getattr(obj, attribute)
jinja2.exceptions.UndefinedError: 'products' is undefined


--- 2026-06-17 14:25:08,795 ---
127.0.0.1 - - [17/Jun/2026 14:25:08] "[32mGET / HTTP/1.1[0m" 302 -

--- 2026-06-17 14:25:08,807 ---
L\u1ed7i \u1edf \u0111\u01b0\u1eddng d\u1eabn: /
Traceback (most recent call last):
  File "C:\Users\Administrator\AppData\Local\Programs\Python\Python313\Lib\site-packages\flask\app.py", line 917, in full_dispatch_request
    rv = self.dispatch_request()
  File "C:\Users\Administrator\AppData\Local\Programs\Python\Python313\Lib\site-packages\flask\app.py", line 902, in dispatch_request
    return self.ensure_sync(self.view_functions[rule.endpoint])(**view_args)  # type: ignore[no-any-return]
           ~~~~~~~~~~~~~~~~~~~~~~~~~~~~~~~~~~~~~~~~~~~~~~~~~~~~^^^^^^^^^^^^^
  File "D:\web_sell\app\routes.py", line 13, in home
    return render_template('index.html', products=products)
           ^^^^^^^^^^^^^^^^^^^^^^^^^^^^^
  File "C:\Users\Administrator\AppData\Local\Programs\Python\Python313\Lib\site-packages\flask\templating.py", line 151, in render_template
    return _render(app, template, context)
  File "C:\Users\Administrator\AppData\Local\Programs\Python\Python313\Lib\site-packages\flask\templating.py", line 132, in _render
    rv = template.render(context)
  File "C:\Users\Administrator\AppData\Local\Programs\Python\Python313\Lib\site-packages\jinja2\environment.py", line 1295, in render
    self.environment.handle_exception()
    ~~~~~~~~~~~~~~~~~~~~~~~~~~~~~~~~~^^
  File "C:\Users\Administrator\AppData\Local\Programs\Python\Python313\Lib\site-packages\jinja2\environment.py", line 942, in handle_exception
    raise rewrite_traceback_stack(source=source)
  File "D:\web_sell\app\templates\index.html", line 1, in top-level template code
    {% extends 'base.html' %}
  File "D:\web_sell\app\templates\base.html", line 96, in top-level template code
    {% block content %}
    ^^^^^^^^^^^^^^^^^
  File "D:\web_sell\app\templates\index.html", line 19, in block 'content'
    {% for product in products.items %}
    ^^^^^^^^^^^^^^^^^^^^^
  File "C:\Users\Administrator\AppData\Local\Programs\Python\Python313\Lib\site-packages\jinja2\environment.py", line 490, in getattr
    return getattr(obj, attribute)
jinja2.exceptions.UndefinedError: 'products' is undefined


--- 2026-06-17 14:25:08,807 ---
127.0.0.1 - - [17/Jun/2026 14:25:08] "[32mGET / HTTP/1.1[0m" 302 -

--- 2026-06-17 14:25:08,819 ---
L\u1ed7i \u1edf \u0111\u01b0\u1eddng d\u1eabn: /
Traceback (most recent call last):
  File "C:\Users\Administrator\AppData\Local\Programs\Python\Python313\Lib\site-packages\flask\app.py", line 917, in full_dispatch_request
    rv = self.dispatch_request()
  File "C:\Users\Administrator\AppData\Local\Programs\Python\Python313\Lib\site-packages\flask\app.py", line 902, in dispatch_request
    return self.ensure_sync(self.view_functions[rule.endpoint])(**view_args)  # type: ignore[no-any-return]
           ~~~~~~~~~~~~~~~~~~~~~~~~~~~~~~~~~~~~~~~~~~~~~~~~~~~~^^^^^^^^^^^^^
  File "D:\web_sell\app\routes.py", line 13, in home
    return render_template('index.html', products=products)
           ^^^^^^^^^^^^^^^^^^^^^^^^^^^^^
  File "C:\Users\Administrator\AppData\Local\Programs\Python\Python313\Lib\site-packages\flask\templating.py", line 151, in render_template
    return _render(app, template, context)
  File "C:\Users\Administrator\AppData\Local\Programs\Python\Python313\Lib\site-packages\flask\templating.py", line 132, in _render
    rv = template.render(context)
  File "C:\Users\Administrator\AppData\Local\Programs\Python\Python313\Lib\site-packages\jinja2\environment.py", line 1295, in render
    self.environment.handle_exception()
    ~~~~~~~~~~~~~~~~~~~~~~~~~~~~~~~~~^^
  File "C:\Users\Administrator\AppData\Local\Programs\Python\Python313\Lib\site-packages\jinja2\environment.py", line 942, in handle_exception
    raise rewrite_traceback_stack(source=source)
  File "D:\web_sell\app\templates\index.html", line 1, in top-level template code
    {% extends 'base.html' %}
  File "D:\web_sell\app\templates\base.html", line 96, in top-level template code
    {% block content %}
    ^^^^^^^^^^^^^^^^^
  File "D:\web_sell\app\templates\index.html", line 19, in block 'content'
    {% for product in products.items %}
    ^^^^^^^^^^^^^^^^^^^^^
  File "C:\Users\Administrator\AppData\Local\Programs\Python\Python313\Lib\site-packages\jinja2\environment.py", line 490, in getattr
    return getattr(obj, attribute)
jinja2.exceptions.UndefinedError: 'products' is undefined


--- 2026-06-17 14:25:08,820 ---
127.0.0.1 - - [17/Jun/2026 14:25:08] "[32mGET / HTTP/1.1[0m" 302 -

--- 2026-06-17 14:25:08,830 ---
L\u1ed7i \u1edf \u0111\u01b0\u1eddng d\u1eabn: /
Traceback (most recent call last):
  File "C:\Users\Administrator\AppData\Local\Programs\Python\Python313\Lib\site-packages\flask\app.py", line 917, in full_dispatch_request
    rv = self.dispatch_request()
  File "C:\Users\Administrator\AppData\Local\Programs\Python\Python313\Lib\site-packages\flask\app.py", line 902, in dispatch_request
    return self.ensure_sync(self.view_functions[rule.endpoint])(**view_args)  # type: ignore[no-any-return]
           ~~~~~~~~~~~~~~~~~~~~~~~~~~~~~~~~~~~~~~~~~~~~~~~~~~~~^^^^^^^^^^^^^
  File "D:\web_sell\app\routes.py", line 13, in home
    return render_template('index.html', products=products)
           ^^^^^^^^^^^^^^^^^^^^^^^^^^^^^
  File "C:\Users\Administrator\AppData\Local\Programs\Python\Python313\Lib\site-packages\flask\templating.py", line 151, in render_template
    return _render(app, template, context)
  File "C:\Users\Administrator\AppData\Local\Programs\Python\Python313\Lib\site-packages\flask\templating.py", line 132, in _render
    rv = template.render(context)
  File "C:\Users\Administrator\AppData\Local\Programs\Python\Python313\Lib\site-packages\jinja2\environment.py", line 1295, in render
    self.environment.handle_exception()
    ~~~~~~~~~~~~~~~~~~~~~~~~~~~~~~~~~^^
  File "C:\Users\Administrator\AppData\Local\Programs\Python\Python313\Lib\site-packages\jinja2\environment.py", line 942, in handle_exception
    raise rewrite_traceback_stack(source=source)
  File "D:\web_sell\app\templates\index.html", line 1, in top-level template code
    {% extends 'base.html' %}
  File "D:\web_sell\app\templates\base.html", line 96, in top-level template code
    {% block content %}
    ^^^^^^^^^^^^^^^^^
  File "D:\web_sell\app\templates\index.html", line 19, in block 'content'
    {% for product in products.items %}
    ^^^^^^^^^^^^^^^^^^^^^
  File "C:\Users\Administrator\AppData\Local\Programs\Python\Python313\Lib\site-packages\jinja2\environment.py", line 490, in getattr
    return getattr(obj, attribute)
jinja2.exceptions.UndefinedError: 'products' is undefined


--- 2026-06-17 14:25:08,831 ---
127.0.0.1 - - [17/Jun/2026 14:25:08] "[32mGET / HTTP/1.1[0m" 302 -

--- 2026-06-17 14:25:08,843 ---
L\u1ed7i \u1edf \u0111\u01b0\u1eddng d\u1eabn: /
Traceback (most recent call last):
  File "C:\Users\Administrator\AppData\Local\Programs\Python\Python313\Lib\site-packages\flask\app.py", line 917, in full_dispatch_request
    rv = self.dispatch_request()
  File "C:\Users\Administrator\AppData\Local\Programs\Python\Python313\Lib\site-packages\flask\app.py", line 902, in dispatch_request
    return self.ensure_sync(self.view_functions[rule.endpoint])(**view_args)  # type: ignore[no-any-return]
           ~~~~~~~~~~~~~~~~~~~~~~~~~~~~~~~~~~~~~~~~~~~~~~~~~~~~^^^^^^^^^^^^^
  File "D:\web_sell\app\routes.py", line 13, in home
    return render_template('index.html', products=products)
           ^^^^^^^^^^^^^^^^^^^^^^^^^^^^^
  File "C:\Users\Administrator\AppData\Local\Programs\Python\Python313\Lib\site-packages\flask\templating.py", line 151, in render_template
    return _render(app, template, context)
  File "C:\Users\Administrator\AppData\Local\Programs\Python\Python313\Lib\site-packages\flask\templating.py", line 132, in _render
    rv = template.render(context)
  File "C:\Users\Administrator\AppData\Local\Programs\Python\Python313\Lib\site-packages\jinja2\environment.py", line 1295, in render
    self.environment.handle_exception()
    ~~~~~~~~~~~~~~~~~~~~~~~~~~~~~~~~~^^
  File "C:\Users\Administrator\AppData\Local\Programs\Python\Python313\Lib\site-packages\jinja2\environment.py", line 942, in handle_exception
    raise rewrite_traceback_stack(source=source)
  File "D:\web_sell\app\templates\index.html", line 1, in top-level template code
    {% extends 'base.html' %}
  File "D:\web_sell\app\templates\base.html", line 96, in top-level template code
    {% block content %}
    ^^^^^^^^^^^^^^^^^
  File "D:\web_sell\app\templates\index.html", line 19, in block 'content'
    {% for product in products.items %}
    ^^^^^^^^^^^^^^^^^^^^^
  File "C:\Users\Administrator\AppData\Local\Programs\Python\Python313\Lib\site-packages\jinja2\environment.py", line 490, in getattr
    return getattr(obj, attribute)
jinja2.exceptions.UndefinedError: 'products' is undefined


--- 2026-06-17 14:25:08,843 ---
127.0.0.1 - - [17/Jun/2026 14:25:08] "[32mGET / HTTP/1.1[0m" 302 -

--- 2026-06-17 14:25:08,855 ---
L\u1ed7i \u1edf \u0111\u01b0\u1eddng d\u1eabn: /
Traceback (most recent call last):
  File "C:\Users\Administrator\AppData\Local\Programs\Python\Python313\Lib\site-packages\flask\app.py", line 917, in full_dispatch_request
    rv = self.dispatch_request()
  File "C:\Users\Administrator\AppData\Local\Programs\Python\Python313\Lib\site-packages\flask\app.py", line 902, in dispatch_request
    return self.ensure_sync(self.view_functions[rule.endpoint])(**view_args)  # type: ignore[no-any-return]
           ~~~~~~~~~~~~~~~~~~~~~~~~~~~~~~~~~~~~~~~~~~~~~~~~~~~~^^^^^^^^^^^^^
  File "D:\web_sell\app\routes.py", line 13, in home
    return render_template('index.html', products=products)
           ^^^^^^^^^^^^^^^^^^^^^^^^^^^^^
  File "C:\Users\Administrator\AppData\Local\Programs\Python\Python313\Lib\site-packages\flask\templating.py", line 151, in render_template
    return _render(app, template, context)
  File "C:\Users\Administrator\AppData\Local\Programs\Python\Python313\Lib\site-packages\flask\templating.py", line 132, in _render
    rv = template.render(context)
  File "C:\Users\Administrator\AppData\Local\Programs\Python\Python313\Lib\site-packages\jinja2\environment.py", line 1295, in render
    self.environment.handle_exception()
    ~~~~~~~~~~~~~~~~~~~~~~~~~~~~~~~~~^^
  File "C:\Users\Administrator\AppData\Local\Programs\Python\Python313\Lib\site-packages\jinja2\environment.py", line 942, in handle_exception
    raise rewrite_traceback_stack(source=source)
  File "D:\web_sell\app\templates\index.html", line 1, in top-level template code
    {% extends 'base.html' %}
  File "D:\web_sell\app\templates\base.html", line 96, in top-level template code
    {% block content %}
    ^^^^^^^^^^^^^^^^^
  File "D:\web_sell\app\templates\index.html", line 19, in block 'content'
    {% for product in products.items %}
    ^^^^^^^^^^^^^^^^^^^^^
  File "C:\Users\Administrator\AppData\Local\Programs\Python\Python313\Lib\site-packages\jinja2\environment.py", line 490, in getattr
    return getattr(obj, attribute)
jinja2.exceptions.UndefinedError: 'products' is undefined


--- 2026-06-17 14:25:08,856 ---
127.0.0.1 - - [17/Jun/2026 14:25:08] "[32mGET / HTTP/1.1[0m" 302 -

--- 2026-06-17 14:25:08,867 ---
L\u1ed7i \u1edf \u0111\u01b0\u1eddng d\u1eabn: /
Traceback (most recent call last):
  File "C:\Users\Administrator\AppData\Local\Programs\Python\Python313\Lib\site-packages\flask\app.py", line 917, in full_dispatch_request
    rv = self.dispatch_request()
  File "C:\Users\Administrator\AppData\Local\Programs\Python\Python313\Lib\site-packages\flask\app.py", line 902, in dispatch_request
    return self.ensure_sync(self.view_functions[rule.endpoint])(**view_args)  # type: ignore[no-any-return]
           ~~~~~~~~~~~~~~~~~~~~~~~~~~~~~~~~~~~~~~~~~~~~~~~~~~~~^^^^^^^^^^^^^
  File "D:\web_sell\app\routes.py", line 13, in home
    return render_template('index.html', products=products)
           ^^^^^^^^^^^^^^^^^^^^^^^^^^^^^
  File "C:\Users\Administrator\AppData\Local\Programs\Python\Python313\Lib\site-packages\flask\templating.py", line 151, in render_template
    return _render(app, template, context)
  File "C:\Users\Administrator\AppData\Local\Programs\Python\Python313\Lib\site-packages\flask\templating.py", line 132, in _render
    rv = template.render(context)
  File "C:\Users\Administrator\AppData\Local\Programs\Python\Python313\Lib\site-packages\jinja2\environment.py", line 1295, in render
    self.environment.handle_exception()
    ~~~~~~~~~~~~~~~~~~~~~~~~~~~~~~~~~^^
  File "C:\Users\Administrator\AppData\Local\Programs\Python\Python313\Lib\site-packages\jinja2\environment.py", line 942, in handle_exception
    raise rewrite_traceback_stack(source=source)
  File "D:\web_sell\app\templates\index.html", line 1, in top-level template code
    {% extends 'base.html' %}
  File "D:\web_sell\app\templates\base.html", line 96, in top-level template code
    {% block content %}
    ^^^^^^^^^^^^^^^^^
  File "D:\web_sell\app\templates\index.html", line 19, in block 'content'
    {% for product in products.items %}
    ^^^^^^^^^^^^^^^^^^^^^
  File "C:\Users\Administrator\AppData\Local\Programs\Python\Python313\Lib\site-packages\jinja2\environment.py", line 490, in getattr
    return getattr(obj, attribute)
jinja2.exceptions.UndefinedError: 'products' is undefined


--- 2026-06-17 14:25:08,867 ---
127.0.0.1 - - [17/Jun/2026 14:25:08] "[32mGET / HTTP/1.1[0m" 302 -

--- 2026-06-17 14:25:08,878 ---
L\u1ed7i \u1edf \u0111\u01b0\u1eddng d\u1eabn: /
Traceback (most recent call last):
  File "C:\Users\Administrator\AppData\Local\Programs\Python\Python313\Lib\site-packages\flask\app.py", line 917, in full_dispatch_request
    rv = self.dispatch_request()
  File "C:\Users\Administrator\AppData\Local\Programs\Python\Python313\Lib\site-packages\flask\app.py", line 902, in dispatch_request
    return self.ensure_sync(self.view_functions[rule.endpoint])(**view_args)  # type: ignore[no-any-return]
           ~~~~~~~~~~~~~~~~~~~~~~~~~~~~~~~~~~~~~~~~~~~~~~~~~~~~^^^^^^^^^^^^^
  File "D:\web_sell\app\routes.py", line 13, in home
    return render_template('index.html', products=products)
           ^^^^^^^^^^^^^^^^^^^^^^^^^^^^^
  File "C:\Users\Administrator\AppData\Local\Programs\Python\Python313\Lib\site-packages\flask\templating.py", line 151, in render_template
    return _render(app, template, context)
  File "C:\Users\Administrator\AppData\Local\Programs\Python\Python313\Lib\site-packages\flask\templating.py", line 132, in _render
    rv = template.render(context)
  File "C:\Users\Administrator\AppData\Local\Programs\Python\Python313\Lib\site-packages\jinja2\environment.py", line 1295, in render
    self.environment.handle_exception()
    ~~~~~~~~~~~~~~~~~~~~~~~~~~~~~~~~~^^
  File "C:\Users\Administrator\AppData\Local\Programs\Python\Python313\Lib\site-packages\jinja2\environment.py", line 942, in handle_exception
    raise rewrite_traceback_stack(source=source)
  File "D:\web_sell\app\templates\index.html", line 1, in top-level template code
    {% extends 'base.html' %}
  File "D:\web_sell\app\templates\base.html", line 96, in top-level template code
    {% block content %}
    ^^^^^^^^^^^^^^^^^
  File "D:\web_sell\app\templates\index.html", line 19, in block 'content'
    {% for product in products.items %}
    ^^^^^^^^^^^^^^^^^^^^^
  File "C:\Users\Administrator\AppData\Local\Programs\Python\Python313\Lib\site-packages\jinja2\environment.py", line 490, in getattr
    return getattr(obj, attribute)
jinja2.exceptions.UndefinedError: 'products' is undefined


--- 2026-06-17 14:25:08,878 ---
127.0.0.1 - - [17/Jun/2026 14:25:08] "[32mGET / HTTP/1.1[0m" 302 -

--- 2026-06-17 14:25:08,890 ---
L\u1ed7i \u1edf \u0111\u01b0\u1eddng d\u1eabn: /
Traceback (most recent call last):
  File "C:\Users\Administrator\AppData\Local\Programs\Python\Python313\Lib\site-packages\flask\app.py", line 917, in full_dispatch_request
    rv = self.dispatch_request()
  File "C:\Users\Administrator\AppData\Local\Programs\Python\Python313\Lib\site-packages\flask\app.py", line 902, in dispatch_request
    return self.ensure_sync(self.view_functions[rule.endpoint])(**view_args)  # type: ignore[no-any-return]
           ~~~~~~~~~~~~~~~~~~~~~~~~~~~~~~~~~~~~~~~~~~~~~~~~~~~~^^^^^^^^^^^^^
  File "D:\web_sell\app\routes.py", line 13, in home
    return render_template('index.html', products=products)
           ^^^^^^^^^^^^^^^^^^^^^^^^^^^^^
  File "C:\Users\Administrator\AppData\Local\Programs\Python\Python313\Lib\site-packages\flask\templating.py", line 151, in render_template
    return _render(app, template, context)
  File "C:\Users\Administrator\AppData\Local\Programs\Python\Python313\Lib\site-packages\flask\templating.py", line 132, in _render
    rv = template.render(context)
  File "C:\Users\Administrator\AppData\Local\Programs\Python\Python313\Lib\site-packages\jinja2\environment.py", line 1295, in render
    self.environment.handle_exception()
    ~~~~~~~~~~~~~~~~~~~~~~~~~~~~~~~~~^^
  File "C:\Users\Administrator\AppData\Local\Programs\Python\Python313\Lib\site-packages\jinja2\environment.py", line 942, in handle_exception
    raise rewrite_traceback_stack(source=source)
  File "D:\web_sell\app\templates\index.html", line 1, in top-level template code
    {% extends 'base.html' %}
  File "D:\web_sell\app\templates\base.html", line 96, in top-level template code
    {% block content %}
    ^^^^^^^^^^^^^^^^^
  File "D:\web_sell\app\templates\index.html", line 19, in block 'content'
    {% for product in products.items %}
    ^^^^^^^^^^^^^^^^^^^^^
  File "C:\Users\Administrator\AppData\Local\Programs\Python\Python313\Lib\site-packages\jinja2\environment.py", line 490, in getattr
    return getattr(obj, attribute)
jinja2.exceptions.UndefinedError: 'products' is undefined


--- 2026-06-17 14:25:08,890 ---
127.0.0.1 - - [17/Jun/2026 14:25:08] "[32mGET / HTTP/1.1[0m" 302 -

--- 2026-06-17 14:25:08,902 ---
L\u1ed7i \u1edf \u0111\u01b0\u1eddng d\u1eabn: /
Traceback (most recent call last):
  File "C:\Users\Administrator\AppData\Local\Programs\Python\Python313\Lib\site-packages\flask\app.py", line 917, in full_dispatch_request
    rv = self.dispatch_request()
  File "C:\Users\Administrator\AppData\Local\Programs\Python\Python313\Lib\site-packages\flask\app.py", line 902, in dispatch_request
    return self.ensure_sync(self.view_functions[rule.endpoint])(**view_args)  # type: ignore[no-any-return]
           ~~~~~~~~~~~~~~~~~~~~~~~~~~~~~~~~~~~~~~~~~~~~~~~~~~~~^^^^^^^^^^^^^
  File "D:\web_sell\app\routes.py", line 13, in home
    return render_template('index.html', products=products)
           ^^^^^^^^^^^^^^^^^^^^^^^^^^^^^
  File "C:\Users\Administrator\AppData\Local\Programs\Python\Python313\Lib\site-packages\flask\templating.py", line 151, in render_template
    return _render(app, template, context)
  File "C:\Users\Administrator\AppData\Local\Programs\Python\Python313\Lib\site-packages\flask\templating.py", line 132, in _render
    rv = template.render(context)
  File "C:\Users\Administrator\AppData\Local\Programs\Python\Python313\Lib\site-packages\jinja2\environment.py", line 1295, in render
    self.environment.handle_exception()
    ~~~~~~~~~~~~~~~~~~~~~~~~~~~~~~~~~^^
  File "C:\Users\Administrator\AppData\Local\Programs\Python\Python313\Lib\site-packages\jinja2\environment.py", line 942, in handle_exception
    raise rewrite_traceback_stack(source=source)
  File "D:\web_sell\app\templates\index.html", line 1, in top-level template code
    {% extends 'base.html' %}
  File "D:\web_sell\app\templates\base.html", line 96, in top-level template code
    {% block content %}
    ^^^^^^^^^^^^^^^^^
  File "D:\web_sell\app\templates\index.html", line 19, in block 'content'
    {% for product in products.items %}
    ^^^^^^^^^^^^^^^^^^^^^
  File "C:\Users\Administrator\AppData\Local\Programs\Python\Python313\Lib\site-packages\jinja2\environment.py", line 490, in getattr
    return getattr(obj, attribute)
jinja2.exceptions.UndefinedError: 'products' is undefined


--- 2026-06-17 14:25:08,902 ---
127.0.0.1 - - [17/Jun/2026 14:25:08] "[32mGET / HTTP/1.1[0m" 302 -

--- 2026-06-17 14:25:08,913 ---
L\u1ed7i \u1edf \u0111\u01b0\u1eddng d\u1eabn: /
Traceback (most recent call last):
  File "C:\Users\Administrator\AppData\Local\Programs\Python\Python313\Lib\site-packages\flask\app.py", line 917, in full_dispatch_request
    rv = self.dispatch_request()
  File "C:\Users\Administrator\AppData\Local\Programs\Python\Python313\Lib\site-packages\flask\app.py", line 902, in dispatch_request
    return self.ensure_sync(self.view_functions[rule.endpoint])(**view_args)  # type: ignore[no-any-return]
           ~~~~~~~~~~~~~~~~~~~~~~~~~~~~~~~~~~~~~~~~~~~~~~~~~~~~^^^^^^^^^^^^^
  File "D:\web_sell\app\routes.py", line 13, in home
    return render_template('index.html', products=products)
           ^^^^^^^^^^^^^^^^^^^^^^^^^^^^^
  File "C:\Users\Administrator\AppData\Local\Programs\Python\Python313\Lib\site-packages\flask\templating.py", line 151, in render_template
    return _render(app, template, context)
  File "C:\Users\Administrator\AppData\Local\Programs\Python\Python313\Lib\site-packages\flask\templating.py", line 132, in _render
    rv = template.render(context)
  File "C:\Users\Administrator\AppData\Local\Programs\Python\Python313\Lib\site-packages\jinja2\environment.py", line 1295, in render
    self.environment.handle_exception()
    ~~~~~~~~~~~~~~~~~~~~~~~~~~~~~~~~~^^
  File "C:\Users\Administrator\AppData\Local\Programs\Python\Python313\Lib\site-packages\jinja2\environment.py", line 942, in handle_exception
    raise rewrite_traceback_stack(source=source)
  File "D:\web_sell\app\templates\index.html", line 1, in top-level template code
    {% extends 'base.html' %}
  File "D:\web_sell\app\templates\base.html", line 96, in top-level template code
    {% block content %}
    ^^^^^^^^^^^^^^^^^
  File "D:\web_sell\app\templates\index.html", line 19, in block 'content'
    {% for product in products.items %}
    ^^^^^^^^^^^^^^^^^^^^^
  File "C:\Users\Administrator\AppData\Local\Programs\Python\Python313\Lib\site-packages\jinja2\environment.py", line 490, in getattr
    return getattr(obj, attribute)
jinja2.exceptions.UndefinedError: 'products' is undefined


--- 2026-06-17 14:25:08,914 ---
127.0.0.1 - - [17/Jun/2026 14:25:08] "[32mGET / HTTP/1.1[0m" 302 -

--- 2026-06-17 14:25:08,923 ---
L\u1ed7i \u1edf \u0111\u01b0\u1eddng d\u1eabn: /
Traceback (most recent call last):
  File "C:\Users\Administrator\AppData\Local\Programs\Python\Python313\Lib\site-packages\flask\app.py", line 917, in full_dispatch_request
    rv = self.dispatch_request()
  File "C:\Users\Administrator\AppData\Local\Programs\Python\Python313\Lib\site-packages\flask\app.py", line 902, in dispatch_request
    return self.ensure_sync(self.view_functions[rule.endpoint])(**view_args)  # type: ignore[no-any-return]
           ~~~~~~~~~~~~~~~~~~~~~~~~~~~~~~~~~~~~~~~~~~~~~~~~~~~~^^^^^^^^^^^^^
  File "D:\web_sell\app\routes.py", line 13, in home
    return render_template('index.html', products=products)
           ^^^^^^^^^^^^^^^^^^^^^^^^^^^^^
  File "C:\Users\Administrator\AppData\Local\Programs\Python\Python313\Lib\site-packages\flask\templating.py", line 151, in render_template
    return _render(app, template, context)
  File "C:\Users\Administrator\AppData\Local\Programs\Python\Python313\Lib\site-packages\flask\templating.py", line 132, in _render
    rv = template.render(context)
  File "C:\Users\Administrator\AppData\Local\Programs\Python\Python313\Lib\site-packages\jinja2\environment.py", line 1295, in render
    self.environment.handle_exception()
    ~~~~~~~~~~~~~~~~~~~~~~~~~~~~~~~~~^^
  File "C:\Users\Administrator\AppData\Local\Programs\Python\Python313\Lib\site-packages\jinja2\environment.py", line 942, in handle_exception
    raise rewrite_traceback_stack(source=source)
  File "D:\web_sell\app\templates\index.html", line 1, in top-level template code
    {% extends 'base.html' %}
  File "D:\web_sell\app\templates\base.html", line 96, in top-level template code
    {% block content %}
    ^^^^^^^^^^^^^^^^^
  File "D:\web_sell\app\templates\index.html", line 19, in block 'content'
    {% for product in products.items %}
    ^^^^^^^^^^^^^^^^^^^^^
  File "C:\Users\Administrator\AppData\Local\Programs\Python\Python313\Lib\site-packages\jinja2\environment.py", line 490, in getattr
    return getattr(obj, attribute)
jinja2.exceptions.UndefinedError: 'products' is undefined


--- 2026-06-17 14:25:08,924 ---
127.0.0.1 - - [17/Jun/2026 14:25:08] "[32mGET / HTTP/1.1[0m" 302 -

--- 2026-06-17 14:25:08,935 ---
L\u1ed7i \u1edf \u0111\u01b0\u1eddng d\u1eabn: /
Traceback (most recent call last):
  File "C:\Users\Administrator\AppData\Local\Programs\Python\Python313\Lib\site-packages\flask\app.py", line 917, in full_dispatch_request
    rv = self.dispatch_request()
  File "C:\Users\Administrator\AppData\Local\Programs\Python\Python313\Lib\site-packages\flask\app.py", line 902, in dispatch_request
    return self.ensure_sync(self.view_functions[rule.endpoint])(**view_args)  # type: ignore[no-any-return]
           ~~~~~~~~~~~~~~~~~~~~~~~~~~~~~~~~~~~~~~~~~~~~~~~~~~~~^^^^^^^^^^^^^
  File "D:\web_sell\app\routes.py", line 13, in home
    return render_template('index.html', products=products)
           ^^^^^^^^^^^^^^^^^^^^^^^^^^^^^
  File "C:\Users\Administrator\AppData\Local\Programs\Python\Python313\Lib\site-packages\flask\templating.py", line 151, in render_template
    return _render(app, template, context)
  File "C:\Users\Administrator\AppData\Local\Programs\Python\Python313\Lib\site-packages\flask\templating.py", line 132, in _render
    rv = template.render(context)
  File "C:\Users\Administrator\AppData\Local\Programs\Python\Python313\Lib\site-packages\jinja2\environment.py", line 1295, in render
    self.environment.handle_exception()
    ~~~~~~~~~~~~~~~~~~~~~~~~~~~~~~~~~^^
  File "C:\Users\Administrator\AppData\Local\Programs\Python\Python313\Lib\site-packages\jinja2\environment.py", line 942, in handle_exception
    raise rewrite_traceback_stack(source=source)
  File "D:\web_sell\app\templates\index.html", line 1, in top-level template code
    {% extends 'base.html' %}
  File "D:\web_sell\app\templates\base.html", line 96, in top-level template code
    {% block content %}
    ^^^^^^^^^^^^^^^^^
  File "D:\web_sell\app\templates\index.html", line 19, in block 'content'
    {% for product in products.items %}
    ^^^^^^^^^^^^^^^^^^^^^
  File "C:\Users\Administrator\AppData\Local\Programs\Python\Python313\Lib\site-packages\jinja2\environment.py", line 490, in getattr
    return getattr(obj, attribute)
jinja2.exceptions.UndefinedError: 'products' is undefined


--- 2026-06-17 14:25:08,935 ---
127.0.0.1 - - [17/Jun/2026 14:25:08] "[32mGET / HTTP/1.1[0m" 302 -

--- 2026-06-17 14:25:08,946 ---
L\u1ed7i \u1edf \u0111\u01b0\u1eddng d\u1eabn: /
Traceback (most recent call last):
  File "C:\Users\Administrator\AppData\Local\Programs\Python\Python313\Lib\site-packages\flask\app.py", line 917, in full_dispatch_request
    rv = self.dispatch_request()
  File "C:\Users\Administrator\AppData\Local\Programs\Python\Python313\Lib\site-packages\flask\app.py", line 902, in dispatch_request
    return self.ensure_sync(self.view_functions[rule.endpoint])(**view_args)  # type: ignore[no-any-return]
           ~~~~~~~~~~~~~~~~~~~~~~~~~~~~~~~~~~~~~~~~~~~~~~~~~~~~^^^^^^^^^^^^^
  File "D:\web_sell\app\routes.py", line 13, in home
    return render_template('index.html', products=products)
           ^^^^^^^^^^^^^^^^^^^^^^^^^^^^^
  File "C:\Users\Administrator\AppData\Local\Programs\Python\Python313\Lib\site-packages\flask\templating.py", line 151, in render_template
    return _render(app, template, context)
  File "C:\Users\Administrator\AppData\Local\Programs\Python\Python313\Lib\site-packages\flask\templating.py", line 132, in _render
    rv = template.render(context)
  File "C:\Users\Administrator\AppData\Local\Programs\Python\Python313\Lib\site-packages\jinja2\environment.py", line 1295, in render
    self.environment.handle_exception()
    ~~~~~~~~~~~~~~~~~~~~~~~~~~~~~~~~~^^
  File "C:\Users\Administrator\AppData\Local\Programs\Python\Python313\Lib\site-packages\jinja2\environment.py", line 942, in handle_exception
    raise rewrite_traceback_stack(source=source)
  File "D:\web_sell\app\templates\index.html", line 1, in top-level template code
    {% extends 'base.html' %}
  File "D:\web_sell\app\templates\base.html", line 96, in top-level template code
    {% block content %}
    ^^^^^^^^^^^^^^^^^
  File "D:\web_sell\app\templates\index.html", line 19, in block 'content'
    {% for product in products.items %}
    ^^^^^^^^^^^^^^^^^^^^^
  File "C:\Users\Administrator\AppData\Local\Programs\Python\Python313\Lib\site-packages\jinja2\environment.py", line 490, in getattr
    return getattr(obj, attribute)
jinja2.exceptions.UndefinedError: 'products' is undefined


--- 2026-06-17 14:25:08,947 ---
127.0.0.1 - - [17/Jun/2026 14:25:08] "[32mGET / HTTP/1.1[0m" 302 -

--- 2026-06-17 14:25:08,959 ---
L\u1ed7i \u1edf \u0111\u01b0\u1eddng d\u1eabn: /
Traceback (most recent call last):
  File "C:\Users\Administrator\AppData\Local\Programs\Python\Python313\Lib\site-packages\flask\app.py", line 917, in full_dispatch_request
    rv = self.dispatch_request()
  File "C:\Users\Administrator\AppData\Local\Programs\Python\Python313\Lib\site-packages\flask\app.py", line 902, in dispatch_request
    return self.ensure_sync(self.view_functions[rule.endpoint])(**view_args)  # type: ignore[no-any-return]
           ~~~~~~~~~~~~~~~~~~~~~~~~~~~~~~~~~~~~~~~~~~~~~~~~~~~~^^^^^^^^^^^^^
  File "D:\web_sell\app\routes.py", line 13, in home
    return render_template('index.html', products=products)
           ^^^^^^^^^^^^^^^^^^^^^^^^^^^^^
  File "C:\Users\Administrator\AppData\Local\Programs\Python\Python313\Lib\site-packages\flask\templating.py", line 151, in render_template
    return _render(app, template, context)
  File "C:\Users\Administrator\AppData\Local\Programs\Python\Python313\Lib\site-packages\flask\templating.py", line 132, in _render
    rv = template.render(context)
  File "C:\Users\Administrator\AppData\Local\Programs\Python\Python313\Lib\site-packages\jinja2\environment.py", line 1295, in render
    self.environment.handle_exception()
    ~~~~~~~~~~~~~~~~~~~~~~~~~~~~~~~~~^^
  File "C:\Users\Administrator\AppData\Local\Programs\Python\Python313\Lib\site-packages\jinja2\environment.py", line 942, in handle_exception
    raise rewrite_traceback_stack(source=source)
  File "D:\web_sell\app\templates\index.html", line 1, in top-level template code
    {% extends 'base.html' %}
  File "D:\web_sell\app\templates\base.html", line 96, in top-level template code
    {% block content %}
    ^^^^^^^^^^^^^^^^^
  File "D:\web_sell\app\templates\index.html", line 19, in block 'content'
    {% for product in products.items %}
    ^^^^^^^^^^^^^^^^^^^^^
  File "C:\Users\Administrator\AppData\Local\Programs\Python\Python313\Lib\site-packages\jinja2\environment.py", line 490, in getattr
    return getattr(obj, attribute)
jinja2.exceptions.UndefinedError: 'products' is undefined


--- 2026-06-17 14:25:08,959 ---
127.0.0.1 - - [17/Jun/2026 14:25:08] "[32mGET / HTTP/1.1[0m" 302 -

--- 2026-06-17 14:25:08,970 ---
L\u1ed7i \u1edf \u0111\u01b0\u1eddng d\u1eabn: /
Traceback (most recent call last):
  File "C:\Users\Administrator\AppData\Local\Programs\Python\Python313\Lib\site-packages\flask\app.py", line 917, in full_dispatch_request
    rv = self.dispatch_request()
  File "C:\Users\Administrator\AppData\Local\Programs\Python\Python313\Lib\site-packages\flask\app.py", line 902, in dispatch_request
    return self.ensure_sync(self.view_functions[rule.endpoint])(**view_args)  # type: ignore[no-any-return]
           ~~~~~~~~~~~~~~~~~~~~~~~~~~~~~~~~~~~~~~~~~~~~~~~~~~~~^^^^^^^^^^^^^
  File "D:\web_sell\app\routes.py", line 13, in home
    return render_template('index.html', products=products)
           ^^^^^^^^^^^^^^^^^^^^^^^^^^^^^
  File "C:\Users\Administrator\AppData\Local\Programs\Python\Python313\Lib\site-packages\flask\templating.py", line 151, in render_template
    return _render(app, template, context)
  File "C:\Users\Administrator\AppData\Local\Programs\Python\Python313\Lib\site-packages\flask\templating.py", line 132, in _render
    rv = template.render(context)
  File "C:\Users\Administrator\AppData\Local\Programs\Python\Python313\Lib\site-packages\jinja2\environment.py", line 1295, in render
    self.environment.handle_exception()
    ~~~~~~~~~~~~~~~~~~~~~~~~~~~~~~~~~^^
  File "C:\Users\Administrator\AppData\Local\Programs\Python\Python313\Lib\site-packages\jinja2\environment.py", line 942, in handle_exception
    raise rewrite_traceback_stack(source=source)
  File "D:\web_sell\app\templates\index.html", line 1, in top-level template code
    {% extends 'base.html' %}
  File "D:\web_sell\app\templates\base.html", line 96, in top-level template code
    {% block content %}
    ^^^^^^^^^^^^^^^^^
  File "D:\web_sell\app\templates\index.html", line 19, in block 'content'
    {% for product in products.items %}
    ^^^^^^^^^^^^^^^^^^^^^
  File "C:\Users\Administrator\AppData\Local\Programs\Python\Python313\Lib\site-packages\jinja2\environment.py", line 490, in getattr
    return getattr(obj, attribute)
jinja2.exceptions.UndefinedError: 'products' is undefined


--- 2026-06-17 14:25:08,971 ---
127.0.0.1 - - [17/Jun/2026 14:25:08] "[32mGET / HTTP/1.1[0m" 302 -

--- 2026-06-17 14:25:08,982 ---
L\u1ed7i \u1edf \u0111\u01b0\u1eddng d\u1eabn: /
Traceback (most recent call last):
  File "C:\Users\Administrator\AppData\Local\Programs\Python\Python313\Lib\site-packages\flask\app.py", line 917, in full_dispatch_request
    rv = self.dispatch_request()
  File "C:\Users\Administrator\AppData\Local\Programs\Python\Python313\Lib\site-packages\flask\app.py", line 902, in dispatch_request
    return self.ensure_sync(self.view_functions[rule.endpoint])(**view_args)  # type: ignore[no-any-return]
           ~~~~~~~~~~~~~~~~~~~~~~~~~~~~~~~~~~~~~~~~~~~~~~~~~~~~^^^^^^^^^^^^^
  File "D:\web_sell\app\routes.py", line 13, in home
    return render_template('index.html', products=products)
           ^^^^^^^^^^^^^^^^^^^^^^^^^^^^^
  File "C:\Users\Administrator\AppData\Local\Programs\Python\Python313\Lib\site-packages\flask\templating.py", line 151, in render_template
    return _render(app, template, context)
  File "C:\Users\Administrator\AppData\Local\Programs\Python\Python313\Lib\site-packages\flask\templating.py", line 132, in _render
    rv = template.render(context)
  File "C:\Users\Administrator\AppData\Local\Programs\Python\Python313\Lib\site-packages\jinja2\environment.py", line 1295, in render
    self.environment.handle_exception()
    ~~~~~~~~~~~~~~~~~~~~~~~~~~~~~~~~~^^
  File "C:\Users\Administrator\AppData\Local\Programs\Python\Python313\Lib\site-packages\jinja2\environment.py", line 942, in handle_exception
    raise rewrite_traceback_stack(source=source)
  File "D:\web_sell\app\templates\index.html", line 1, in top-level template code
    {% extends 'base.html' %}
  File "D:\web_sell\app\templates\base.html", line 96, in top-level template code
    {% block content %}
    ^^^^^^^^^^^^^^^^^
  File "D:\web_sell\app\templates\index.html", line 19, in block 'content'
    {% for product in products.items %}
    ^^^^^^^^^^^^^^^^^^^^^
  File "C:\Users\Administrator\AppData\Local\Programs\Python\Python313\Lib\site-packages\jinja2\environment.py", line 490, in getattr
    return getattr(obj, attribute)
jinja2.exceptions.UndefinedError: 'products' is undefined


--- 2026-06-17 14:25:08,982 ---
127.0.0.1 - - [17/Jun/2026 14:25:08] "[32mGET / HTTP/1.1[0m" 302 -

--- 2026-06-17 14:25:08,994 ---
L\u1ed7i \u1edf \u0111\u01b0\u1eddng d\u1eabn: /
Traceback (most recent call last):
  File "C:\Users\Administrator\AppData\Local\Programs\Python\Python313\Lib\site-packages\flask\app.py", line 917, in full_dispatch_request
    rv = self.dispatch_request()
  File "C:\Users\Administrator\AppData\Local\Programs\Python\Python313\Lib\site-packages\flask\app.py", line 902, in dispatch_request
    return self.ensure_sync(self.view_functions[rule.endpoint])(**view_args)  # type: ignore[no-any-return]
           ~~~~~~~~~~~~~~~~~~~~~~~~~~~~~~~~~~~~~~~~~~~~~~~~~~~~^^^^^^^^^^^^^
  File "D:\web_sell\app\routes.py", line 13, in home
    return render_template('index.html', products=products)
           ^^^^^^^^^^^^^^^^^^^^^^^^^^^^^
  File "C:\Users\Administrator\AppData\Local\Programs\Python\Python313\Lib\site-packages\flask\templating.py", line 151, in render_template
    return _render(app, template, context)
  File "C:\Users\Administrator\AppData\Local\Programs\Python\Python313\Lib\site-packages\flask\templating.py", line 132, in _render
    rv = template.render(context)
  File "C:\Users\Administrator\AppData\Local\Programs\Python\Python313\Lib\site-packages\jinja2\environment.py", line 1295, in render
    self.environment.handle_exception()
    ~~~~~~~~~~~~~~~~~~~~~~~~~~~~~~~~~^^
  File "C:\Users\Administrator\AppData\Local\Programs\Python\Python313\Lib\site-packages\jinja2\environment.py", line 942, in handle_exception
    raise rewrite_traceback_stack(source=source)
  File "D:\web_sell\app\templates\index.html", line 1, in top-level template code
    {% extends 'base.html' %}
  File "D:\web_sell\app\templates\base.html", line 96, in top-level template code
    {% block content %}
    ^^^^^^^^^^^^^^^^^
  File "D:\web_sell\app\templates\index.html", line 19, in block 'content'
    {% for product in products.items %}
    ^^^^^^^^^^^^^^^^^^^^^
  File "C:\Users\Administrator\AppData\Local\Programs\Python\Python313\Lib\site-packages\jinja2\environment.py", line 490, in getattr
    return getattr(obj, attribute)
jinja2.exceptions.UndefinedError: 'products' is undefined


--- 2026-06-17 14:25:08,995 ---
127.0.0.1 - - [17/Jun/2026 14:25:08] "[32mGET / HTTP/1.1[0m" 302 -

--- 2026-06-17 14:25:09,007 ---
L\u1ed7i \u1edf \u0111\u01b0\u1eddng d\u1eabn: /
Traceback (most recent call last):
  File "C:\Users\Administrator\AppData\Local\Programs\Python\Python313\Lib\site-packages\flask\app.py", line 917, in full_dispatch_request
    rv = self.dispatch_request()
  File "C:\Users\Administrator\AppData\Local\Programs\Python\Python313\Lib\site-packages\flask\app.py", line 902, in dispatch_request
    return self.ensure_sync(self.view_functions[rule.endpoint])(**view_args)  # type: ignore[no-any-return]
           ~~~~~~~~~~~~~~~~~~~~~~~~~~~~~~~~~~~~~~~~~~~~~~~~~~~~^^^^^^^^^^^^^
  File "D:\web_sell\app\routes.py", line 13, in home
    return render_template('index.html', products=products)
           ^^^^^^^^^^^^^^^^^^^^^^^^^^^^^
  File "C:\Users\Administrator\AppData\Local\Programs\Python\Python313\Lib\site-packages\flask\templating.py", line 151, in render_template
    return _render(app, template, context)
  File "C:\Users\Administrator\AppData\Local\Programs\Python\Python313\Lib\site-packages\flask\templating.py", line 132, in _render
    rv = template.render(context)
  File "C:\Users\Administrator\AppData\Local\Programs\Python\Python313\Lib\site-packages\jinja2\environment.py", line 1295, in render
    self.environment.handle_exception()
    ~~~~~~~~~~~~~~~~~~~~~~~~~~~~~~~~~^^
  File "C:\Users\Administrator\AppData\Local\Programs\Python\Python313\Lib\site-packages\jinja2\environment.py", line 942, in handle_exception
    raise rewrite_traceback_stack(source=source)
  File "D:\web_sell\app\templates\index.html", line 1, in top-level template code
    {% extends 'base.html' %}
  File "D:\web_sell\app\templates\base.html", line 96, in top-level template code
    {% block content %}
    ^^^^^^^^^^^^^^^^^
  File "D:\web_sell\app\templates\index.html", line 19, in block 'content'
    {% for product in products.items %}
    ^^^^^^^^^^^^^^^^^^^^^
  File "C:\Users\Administrator\AppData\Local\Programs\Python\Python313\Lib\site-packages\jinja2\environment.py", line 490, in getattr
    return getattr(obj, attribute)
jinja2.exceptions.UndefinedError: 'products' is undefined


--- 2026-06-17 14:25:09,007 ---
127.0.0.1 - - [17/Jun/2026 14:25:09] "[32mGET / HTTP/1.1[0m" 302 -

--- 2026-06-17 14:25:09,018 ---
L\u1ed7i \u1edf \u0111\u01b0\u1eddng d\u1eabn: /
Traceback (most recent call last):
  File "C:\Users\Administrator\AppData\Local\Programs\Python\Python313\Lib\site-packages\flask\app.py", line 917, in full_dispatch_request
    rv = self.dispatch_request()
  File "C:\Users\Administrator\AppData\Local\Programs\Python\Python313\Lib\site-packages\flask\app.py", line 902, in dispatch_request
    return self.ensure_sync(self.view_functions[rule.endpoint])(**view_args)  # type: ignore[no-any-return]
           ~~~~~~~~~~~~~~~~~~~~~~~~~~~~~~~~~~~~~~~~~~~~~~~~~~~~^^^^^^^^^^^^^
  File "D:\web_sell\app\routes.py", line 13, in home
    return render_template('index.html', products=products)
           ^^^^^^^^^^^^^^^^^^^^^^^^^^^^^
  File "C:\Users\Administrator\AppData\Local\Programs\Python\Python313\Lib\site-packages\flask\templating.py", line 151, in render_template
    return _render(app, template, context)
  File "C:\Users\Administrator\AppData\Local\Programs\Python\Python313\Lib\site-packages\flask\templating.py", line 132, in _render
    rv = template.render(context)
  File "C:\Users\Administrator\AppData\Local\Programs\Python\Python313\Lib\site-packages\jinja2\environment.py", line 1295, in render
    self.environment.handle_exception()
    ~~~~~~~~~~~~~~~~~~~~~~~~~~~~~~~~~^^
  File "C:\Users\Administrator\AppData\Local\Programs\Python\Python313\Lib\site-packages\jinja2\environment.py", line 942, in handle_exception
    raise rewrite_traceback_stack(source=source)
  File "D:\web_sell\app\templates\index.html", line 1, in top-level template code
    {% extends 'base.html' %}
  File "D:\web_sell\app\templates\base.html", line 96, in top-level template code
    {% block content %}
    ^^^^^^^^^^^^^^^^^
  File "D:\web_sell\app\templates\index.html", line 19, in block 'content'
    {% for product in products.items %}
    ^^^^^^^^^^^^^^^^^^^^^
  File "C:\Users\Administrator\AppData\Local\Programs\Python\Python313\Lib\site-packages\jinja2\environment.py", line 490, in getattr
    return getattr(obj, attribute)
jinja2.exceptions.UndefinedError: 'products' is undefined


--- 2026-06-17 14:25:09,019 ---
127.0.0.1 - - [17/Jun/2026 14:25:09] "[32mGET / HTTP/1.1[0m" 302 -

--- 2026-06-17 14:25:09,029 ---
L\u1ed7i \u1edf \u0111\u01b0\u1eddng d\u1eabn: /
Traceback (most recent call last):
  File "C:\Users\Administrator\AppData\Local\Programs\Python\Python313\Lib\site-packages\flask\app.py", line 917, in full_dispatch_request
    rv = self.dispatch_request()
  File "C:\Users\Administrator\AppData\Local\Programs\Python\Python313\Lib\site-packages\flask\app.py", line 902, in dispatch_request
    return self.ensure_sync(self.view_functions[rule.endpoint])(**view_args)  # type: ignore[no-any-return]
           ~~~~~~~~~~~~~~~~~~~~~~~~~~~~~~~~~~~~~~~~~~~~~~~~~~~~^^^^^^^^^^^^^
  File "D:\web_sell\app\routes.py", line 13, in home
    return render_template('index.html', products=products)
           ^^^^^^^^^^^^^^^^^^^^^^^^^^^^^
  File "C:\Users\Administrator\AppData\Local\Programs\Python\Python313\Lib\site-packages\flask\templating.py", line 151, in render_template
    return _render(app, template, context)
  File "C:\Users\Administrator\AppData\Local\Programs\Python\Python313\Lib\site-packages\flask\templating.py", line 132, in _render
    rv = template.render(context)
  File "C:\Users\Administrator\AppData\Local\Programs\Python\Python313\Lib\site-packages\jinja2\environment.py", line 1295, in render
    self.environment.handle_exception()
    ~~~~~~~~~~~~~~~~~~~~~~~~~~~~~~~~~^^
  File "C:\Users\Administrator\AppData\Local\Programs\Python\Python313\Lib\site-packages\jinja2\environment.py", line 942, in handle_exception
    raise rewrite_traceback_stack(source=source)
  File "D:\web_sell\app\templates\index.html", line 1, in top-level template code
    {% extends 'base.html' %}
  File "D:\web_sell\app\templates\base.html", line 96, in top-level template code
    {% block content %}
    ^^^^^^^^^^^^^^^^^
  File "D:\web_sell\app\templates\index.html", line 19, in block 'content'
    {% for product in products.items %}
    ^^^^^^^^^^^^^^^^^^^^^
  File "C:\Users\Administrator\AppData\Local\Programs\Python\Python313\Lib\site-packages\jinja2\environment.py", line 490, in getattr
    return getattr(obj, attribute)
jinja2.exceptions.UndefinedError: 'products' is undefined


--- 2026-06-17 14:25:09,029 ---
127.0.0.1 - - [17/Jun/2026 14:25:09] "[32mGET / HTTP/1.1[0m" 302 -

--- 2026-06-17 14:25:09,041 ---
L\u1ed7i \u1edf \u0111\u01b0\u1eddng d\u1eabn: /
Traceback (most recent call last):
  File "C:\Users\Administrator\AppData\Local\Programs\Python\Python313\Lib\site-packages\flask\app.py", line 917, in full_dispatch_request
    rv = self.dispatch_request()
  File "C:\Users\Administrator\AppData\Local\Programs\Python\Python313\Lib\site-packages\flask\app.py", line 902, in dispatch_request
    return self.ensure_sync(self.view_functions[rule.endpoint])(**view_args)  # type: ignore[no-any-return]
           ~~~~~~~~~~~~~~~~~~~~~~~~~~~~~~~~~~~~~~~~~~~~~~~~~~~~^^^^^^^^^^^^^
  File "D:\web_sell\app\routes.py", line 13, in home
    return render_template('index.html', products=products)
           ^^^^^^^^^^^^^^^^^^^^^^^^^^^^^
  File "C:\Users\Administrator\AppData\Local\Programs\Python\Python313\Lib\site-packages\flask\templating.py", line 151, in render_template
    return _render(app, template, context)
  File "C:\Users\Administrator\AppData\Local\Programs\Python\Python313\Lib\site-packages\flask\templating.py", line 132, in _render
    rv = template.render(context)
  File "C:\Users\Administrator\AppData\Local\Programs\Python\Python313\Lib\site-packages\jinja2\environment.py", line 1295, in render
    self.environment.handle_exception()
    ~~~~~~~~~~~~~~~~~~~~~~~~~~~~~~~~~^^
  File "C:\Users\Administrator\AppData\Local\Programs\Python\Python313\Lib\site-packages\jinja2\environment.py", line 942, in handle_exception
    raise rewrite_traceback_stack(source=source)
  File "D:\web_sell\app\templates\index.html", line 1, in top-level template code
    {% extends 'base.html' %}
  File "D:\web_sell\app\templates\base.html", line 96, in top-level template code
    {% block content %}
    ^^^^^^^^^^^^^^^^^
  File "D:\web_sell\app\templates\index.html", line 19, in block 'content'
    {% for product in products.items %}
    ^^^^^^^^^^^^^^^^^^^^^
  File "C:\Users\Administrator\AppData\Local\Programs\Python\Python313\Lib\site-packages\jinja2\environment.py", line 490, in getattr
    return getattr(obj, attribute)
jinja2.exceptions.UndefinedError: 'products' is undefined


--- 2026-06-17 14:25:09,041 ---
127.0.0.1 - - [17/Jun/2026 14:25:09] "[32mGET / HTTP/1.1[0m" 302 -

--- 2026-06-17 14:25:09,053 ---
L\u1ed7i \u1edf \u0111\u01b0\u1eddng d\u1eabn: /
Traceback (most recent call last):
  File "C:\Users\Administrator\AppData\Local\Programs\Python\Python313\Lib\site-packages\flask\app.py", line 917, in full_dispatch_request
    rv = self.dispatch_request()
  File "C:\Users\Administrator\AppData\Local\Programs\Python\Python313\Lib\site-packages\flask\app.py", line 902, in dispatch_request
    return self.ensure_sync(self.view_functions[rule.endpoint])(**view_args)  # type: ignore[no-any-return]
           ~~~~~~~~~~~~~~~~~~~~~~~~~~~~~~~~~~~~~~~~~~~~~~~~~~~~^^^^^^^^^^^^^
  File "D:\web_sell\app\routes.py", line 13, in home
    return render_template('index.html', products=products)
           ^^^^^^^^^^^^^^^^^^^^^^^^^^^^^
  File "C:\Users\Administrator\AppData\Local\Programs\Python\Python313\Lib\site-packages\flask\templating.py", line 151, in render_template
    return _render(app, template, context)
  File "C:\Users\Administrator\AppData\Local\Programs\Python\Python313\Lib\site-packages\flask\templating.py", line 132, in _render
    rv = template.render(context)
  File "C:\Users\Administrator\AppData\Local\Programs\Python\Python313\Lib\site-packages\jinja2\environment.py", line 1295, in render
    self.environment.handle_exception()
    ~~~~~~~~~~~~~~~~~~~~~~~~~~~~~~~~~^^
  File "C:\Users\Administrator\AppData\Local\Programs\Python\Python313\Lib\site-packages\jinja2\environment.py", line 942, in handle_exception
    raise rewrite_traceback_stack(source=source)
  File "D:\web_sell\app\templates\index.html", line 1, in top-level template code
    {% extends 'base.html' %}
  File "D:\web_sell\app\templates\base.html", line 96, in top-level template code
    {% block content %}
    ^^^^^^^^^^^^^^^^^
  File "D:\web_sell\app\templates\index.html", line 19, in block 'content'
    {% for product in products.items %}
    ^^^^^^^^^^^^^^^^^^^^^
  File "C:\Users\Administrator\AppData\Local\Programs\Python\Python313\Lib\site-packages\jinja2\environment.py", line 490, in getattr
    return getattr(obj, attribute)
jinja2.exceptions.UndefinedError: 'products' is undefined


--- 2026-06-17 14:25:09,053 ---
127.0.0.1 - - [17/Jun/2026 14:25:09] "[32mGET / HTTP/1.1[0m" 302 -

--- 2026-06-17 14:25:09,064 ---
L\u1ed7i \u1edf \u0111\u01b0\u1eddng d\u1eabn: /
Traceback (most recent call last):
  File "C:\Users\Administrator\AppData\Local\Programs\Python\Python313\Lib\site-packages\flask\app.py", line 917, in full_dispatch_request
    rv = self.dispatch_request()
  File "C:\Users\Administrator\AppData\Local\Programs\Python\Python313\Lib\site-packages\flask\app.py", line 902, in dispatch_request
    return self.ensure_sync(self.view_functions[rule.endpoint])(**view_args)  # type: ignore[no-any-return]
           ~~~~~~~~~~~~~~~~~~~~~~~~~~~~~~~~~~~~~~~~~~~~~~~~~~~~^^^^^^^^^^^^^
  File "D:\web_sell\app\routes.py", line 13, in home
    return render_template('index.html', products=products)
           ^^^^^^^^^^^^^^^^^^^^^^^^^^^^^
  File "C:\Users\Administrator\AppData\Local\Programs\Python\Python313\Lib\site-packages\flask\templating.py", line 151, in render_template
    return _render(app, template, context)
  File "C:\Users\Administrator\AppData\Local\Programs\Python\Python313\Lib\site-packages\flask\templating.py", line 132, in _render
    rv = template.render(context)
  File "C:\Users\Administrator\AppData\Local\Programs\Python\Python313\Lib\site-packages\jinja2\environment.py", line 1295, in render
    self.environment.handle_exception()
    ~~~~~~~~~~~~~~~~~~~~~~~~~~~~~~~~~^^
  File "C:\Users\Administrator\AppData\Local\Programs\Python\Python313\Lib\site-packages\jinja2\environment.py", line 942, in handle_exception
    raise rewrite_traceback_stack(source=source)
  File "D:\web_sell\app\templates\index.html", line 1, in top-level template code
    {% extends 'base.html' %}
  File "D:\web_sell\app\templates\base.html", line 96, in top-level template code
    {% block content %}
    ^^^^^^^^^^^^^^^^^
  File "D:\web_sell\app\templates\index.html", line 19, in block 'content'
    {% for product in products.items %}
    ^^^^^^^^^^^^^^^^^^^^^
  File "C:\Users\Administrator\AppData\Local\Programs\Python\Python313\Lib\site-packages\jinja2\environment.py", line 490, in getattr
    return getattr(obj, attribute)
jinja2.exceptions.UndefinedError: 'products' is undefined


--- 2026-06-17 14:25:09,064 ---
127.0.0.1 - - [17/Jun/2026 14:25:09] "[32mGET / HTTP/1.1[0m" 302 -

--- 2026-06-17 14:25:09,075 ---
L\u1ed7i \u1edf \u0111\u01b0\u1eddng d\u1eabn: /
Traceback (most recent call last):
  File "C:\Users\Administrator\AppData\Local\Programs\Python\Python313\Lib\site-packages\flask\app.py", line 917, in full_dispatch_request
    rv = self.dispatch_request()
  File "C:\Users\Administrator\AppData\Local\Programs\Python\Python313\Lib\site-packages\flask\app.py", line 902, in dispatch_request
    return self.ensure_sync(self.view_functions[rule.endpoint])(**view_args)  # type: ignore[no-any-return]
           ~~~~~~~~~~~~~~~~~~~~~~~~~~~~~~~~~~~~~~~~~~~~~~~~~~~~^^^^^^^^^^^^^
  File "D:\web_sell\app\routes.py", line 13, in home
    return render_template('index.html', products=products)
           ^^^^^^^^^^^^^^^^^^^^^^^^^^^^^
  File "C:\Users\Administrator\AppData\Local\Programs\Python\Python313\Lib\site-packages\flask\templating.py", line 151, in render_template
    return _render(app, template, context)
  File "C:\Users\Administrator\AppData\Local\Programs\Python\Python313\Lib\site-packages\flask\templating.py", line 132, in _render
    rv = template.render(context)
  File "C:\Users\Administrator\AppData\Local\Programs\Python\Python313\Lib\site-packages\jinja2\environment.py", line 1295, in render
    self.environment.handle_exception()
    ~~~~~~~~~~~~~~~~~~~~~~~~~~~~~~~~~^^
  File "C:\Users\Administrator\AppData\Local\Programs\Python\Python313\Lib\site-packages\jinja2\environment.py", line 942, in handle_exception
    raise rewrite_traceback_stack(source=source)
  File "D:\web_sell\app\templates\index.html", line 1, in top-level template code
    {% extends 'base.html' %}
  File "D:\web_sell\app\templates\base.html", line 96, in top-level template code
    {% block content %}
    ^^^^^^^^^^^^^^^^^
  File "D:\web_sell\app\templates\index.html", line 19, in block 'content'
    {% for product in products.items %}
    ^^^^^^^^^^^^^^^^^^^^^
  File "C:\Users\Administrator\AppData\Local\Programs\Python\Python313\Lib\site-packages\jinja2\environment.py", line 490, in getattr
    return getattr(obj, attribute)
jinja2.exceptions.UndefinedError: 'products' is undefined


--- 2026-06-17 14:25:09,076 ---
127.0.0.1 - - [17/Jun/2026 14:25:09] "[32mGET / HTTP/1.1[0m" 302 -

--- 2026-06-17 14:25:09,087 ---
L\u1ed7i \u1edf \u0111\u01b0\u1eddng d\u1eabn: /
Traceback (most recent call last):
  File "C:\Users\Administrator\AppData\Local\Programs\Python\Python313\Lib\site-packages\flask\app.py", line 917, in full_dispatch_request
    rv = self.dispatch_request()
  File "C:\Users\Administrator\AppData\Local\Programs\Python\Python313\Lib\site-packages\flask\app.py", line 902, in dispatch_request
    return self.ensure_sync(self.view_functions[rule.endpoint])(**view_args)  # type: ignore[no-any-return]
           ~~~~~~~~~~~~~~~~~~~~~~~~~~~~~~~~~~~~~~~~~~~~~~~~~~~~^^^^^^^^^^^^^
  File "D:\web_sell\app\routes.py", line 13, in home
    return render_template('index.html', products=products)
           ^^^^^^^^^^^^^^^^^^^^^^^^^^^^^
  File "C:\Users\Administrator\AppData\Local\Programs\Python\Python313\Lib\site-packages\flask\templating.py", line 151, in render_template
    return _render(app, template, context)
  File "C:\Users\Administrator\AppData\Local\Programs\Python\Python313\Lib\site-packages\flask\templating.py", line 132, in _render
    rv = template.render(context)
  File "C:\Users\Administrator\AppData\Local\Programs\Python\Python313\Lib\site-packages\jinja2\environment.py", line 1295, in render
    self.environment.handle_exception()
    ~~~~~~~~~~~~~~~~~~~~~~~~~~~~~~~~~^^
  File "C:\Users\Administrator\AppData\Local\Programs\Python\Python313\Lib\site-packages\jinja2\environment.py", line 942, in handle_exception
    raise rewrite_traceback_stack(source=source)
  File "D:\web_sell\app\templates\index.html", line 1, in top-level template code
    {% extends 'base.html' %}
  File "D:\web_sell\app\templates\base.html", line 96, in top-level template code
    {% block content %}
    ^^^^^^^^^^^^^^^^^
  File "D:\web_sell\app\templates\index.html", line 19, in block 'content'
    {% for product in products.items %}
    ^^^^^^^^^^^^^^^^^^^^^
  File "C:\Users\Administrator\AppData\Local\Programs\Python\Python313\Lib\site-packages\jinja2\environment.py", line 490, in getattr
    return getattr(obj, attribute)
jinja2.exceptions.UndefinedError: 'products' is undefined


--- 2026-06-17 14:25:09,088 ---
127.0.0.1 - - [17/Jun/2026 14:25:09] "[32mGET / HTTP/1.1[0m" 302 -

--- 2026-06-17 14:25:09,100 ---
L\u1ed7i \u1edf \u0111\u01b0\u1eddng d\u1eabn: /
Traceback (most recent call last):
  File "C:\Users\Administrator\AppData\Local\Programs\Python\Python313\Lib\site-packages\flask\app.py", line 917, in full_dispatch_request
    rv = self.dispatch_request()
  File "C:\Users\Administrator\AppData\Local\Programs\Python\Python313\Lib\site-packages\flask\app.py", line 902, in dispatch_request
    return self.ensure_sync(self.view_functions[rule.endpoint])(**view_args)  # type: ignore[no-any-return]
           ~~~~~~~~~~~~~~~~~~~~~~~~~~~~~~~~~~~~~~~~~~~~~~~~~~~~^^^^^^^^^^^^^
  File "D:\web_sell\app\routes.py", line 13, in home
    return render_template('index.html', products=products)
           ^^^^^^^^^^^^^^^^^^^^^^^^^^^^^
  File "C:\Users\Administrator\AppData\Local\Programs\Python\Python313\Lib\site-packages\flask\templating.py", line 151, in render_template
    return _render(app, template, context)
  File "C:\Users\Administrator\AppData\Local\Programs\Python\Python313\Lib\site-packages\flask\templating.py", line 132, in _render
    rv = template.render(context)
  File "C:\Users\Administrator\AppData\Local\Programs\Python\Python313\Lib\site-packages\jinja2\environment.py", line 1295, in render
    self.environment.handle_exception()
    ~~~~~~~~~~~~~~~~~~~~~~~~~~~~~~~~~^^
  File "C:\Users\Administrator\AppData\Local\Programs\Python\Python313\Lib\site-packages\jinja2\environment.py", line 942, in handle_exception
    raise rewrite_traceback_stack(source=source)
  File "D:\web_sell\app\templates\index.html", line 1, in top-level template code
    {% extends 'base.html' %}
  File "D:\web_sell\app\templates\base.html", line 96, in top-level template code
    {% block content %}
    ^^^^^^^^^^^^^^^^^
  File "D:\web_sell\app\templates\index.html", line 19, in block 'content'
    {% for product in products.items %}
    ^^^^^^^^^^^^^^^^^^^^^
  File "C:\Users\Administrator\AppData\Local\Programs\Python\Python313\Lib\site-packages\jinja2\environment.py", line 490, in getattr
    return getattr(obj, attribute)
jinja2.exceptions.UndefinedError: 'products' is undefined


--- 2026-06-17 14:25:09,102 ---
127.0.0.1 - - [17/Jun/2026 14:25:09] "[32mGET / HTTP/1.1[0m" 302 -

--- 2026-06-17 14:25:09,107 ---
L\u1ed7i \u1edf \u0111\u01b0\u1eddng d\u1eabn: /
Traceback (most recent call last):
  File "C:\Users\Administrator\AppData\Local\Programs\Python\Python313\Lib\site-packages\flask\app.py", line 917, in full_dispatch_request
    rv = self.dispatch_request()
  File "C:\Users\Administrator\AppData\Local\Programs\Python\Python313\Lib\site-packages\flask\app.py", line 902, in dispatch_request
    return self.ensure_sync(self.view_functions[rule.endpoint])(**view_args)  # type: ignore[no-any-return]
           ~~~~~~~~~~~~~~~~~~~~~~~~~~~~~~~~~~~~~~~~~~~~~~~~~~~~^^^^^^^^^^^^^
  File "D:\web_sell\app\routes.py", line 13, in home
    return render_template('index.html', products=products)
           ^^^^^^^^^^^^^^^^^^^^^^^^^^^^^
  File "C:\Users\Administrator\AppData\Local\Programs\Python\Python313\Lib\site-packages\flask\templating.py", line 151, in render_template
    return _render(app, template, context)
  File "C:\Users\Administrator\AppData\Local\Programs\Python\Python313\Lib\site-packages\flask\templating.py", line 132, in _render
    rv = template.render(context)
  File "C:\Users\Administrator\AppData\Local\Programs\Python\Python313\Lib\site-packages\jinja2\environment.py", line 1295, in render
    self.environment.handle_exception()
    ~~~~~~~~~~~~~~~~~~~~~~~~~~~~~~~~~^^
  File "C:\Users\Administrator\AppData\Local\Programs\Python\Python313\Lib\site-packages\jinja2\environment.py", line 942, in handle_exception
    raise rewrite_traceback_stack(source=source)
  File "D:\web_sell\app\templates\index.html", line 1, in top-level template code
    {% extends 'base.html' %}
  File "D:\web_sell\app\templates\base.html", line 96, in top-level template code
    {% block content %}
    ^^^^^^^^^^^^^^^^^
  File "D:\web_sell\app\templates\index.html", line 19, in block 'content'
    {% for product in products.items %}
    ^^^^^^^^^^^^^^^^^^^^^
  File "C:\Users\Administrator\AppData\Local\Programs\Python\Python313\Lib\site-packages\jinja2\environment.py", line 490, in getattr
    return getattr(obj, attribute)
jinja2.exceptions.UndefinedError: 'products' is undefined


--- 2026-06-17 14:25:09,107 ---
127.0.0.1 - - [17/Jun/2026 14:25:09] "[32mGET / HTTP/1.1[0m" 302 -

--- 2026-06-17 14:25:09,119 ---
L\u1ed7i \u1edf \u0111\u01b0\u1eddng d\u1eabn: /
Traceback (most recent call last):
  File "C:\Users\Administrator\AppData\Local\Programs\Python\Python313\Lib\site-packages\flask\app.py", line 917, in full_dispatch_request
    rv = self.dispatch_request()
  File "C:\Users\Administrator\AppData\Local\Programs\Python\Python313\Lib\site-packages\flask\app.py", line 902, in dispatch_request
    return self.ensure_sync(self.view_functions[rule.endpoint])(**view_args)  # type: ignore[no-any-return]
           ~~~~~~~~~~~~~~~~~~~~~~~~~~~~~~~~~~~~~~~~~~~~~~~~~~~~^^^^^^^^^^^^^
  File "D:\web_sell\app\routes.py", line 13, in home
    return render_template('index.html', products=products)
           ^^^^^^^^^^^^^^^^^^^^^^^^^^^^^
  File "C:\Users\Administrator\AppData\Local\Programs\Python\Python313\Lib\site-packages\flask\templating.py", line 151, in render_template
    return _render(app, template, context)
  File "C:\Users\Administrator\AppData\Local\Programs\Python\Python313\Lib\site-packages\flask\templating.py", line 132, in _render
    rv = template.render(context)
  File "C:\Users\Administrator\AppData\Local\Programs\Python\Python313\Lib\site-packages\jinja2\environment.py", line 1295, in render
    self.environment.handle_exception()
    ~~~~~~~~~~~~~~~~~~~~~~~~~~~~~~~~~^^
  File "C:\Users\Administrator\AppData\Local\Programs\Python\Python313\Lib\site-packages\jinja2\environment.py", line 942, in handle_exception
    raise rewrite_traceback_stack(source=source)
  File "D:\web_sell\app\templates\index.html", line 1, in top-level template code
    {% extends 'base.html' %}
  File "D:\web_sell\app\templates\base.html", line 96, in top-level template code
    {% block content %}
    ^^^^^^^^^^^^^^^^^
  File "D:\web_sell\app\templates\index.html", line 19, in block 'content'
    {% for product in products.items %}
    ^^^^^^^^^^^^^^^^^^^^^
  File "C:\Users\Administrator\AppData\Local\Programs\Python\Python313\Lib\site-packages\jinja2\environment.py", line 490, in getattr
    return getattr(obj, attribute)
jinja2.exceptions.UndefinedError: 'products' is undefined


--- 2026-06-17 14:25:09,119 ---
127.0.0.1 - - [17/Jun/2026 14:25:09] "[32mGET / HTTP/1.1[0m" 302 -

--- 2026-06-17 14:25:09,130 ---
L\u1ed7i \u1edf \u0111\u01b0\u1eddng d\u1eabn: /
Traceback (most recent call last):
  File "C:\Users\Administrator\AppData\Local\Programs\Python\Python313\Lib\site-packages\flask\app.py", line 917, in full_dispatch_request
    rv = self.dispatch_request()
  File "C:\Users\Administrator\AppData\Local\Programs\Python\Python313\Lib\site-packages\flask\app.py", line 902, in dispatch_request
    return self.ensure_sync(self.view_functions[rule.endpoint])(**view_args)  # type: ignore[no-any-return]
           ~~~~~~~~~~~~~~~~~~~~~~~~~~~~~~~~~~~~~~~~~~~~~~~~~~~~^^^^^^^^^^^^^
  File "D:\web_sell\app\routes.py", line 13, in home
    return render_template('index.html', products=products)
           ^^^^^^^^^^^^^^^^^^^^^^^^^^^^^
  File "C:\Users\Administrator\AppData\Local\Programs\Python\Python313\Lib\site-packages\flask\templating.py", line 151, in render_template
    return _render(app, template, context)
  File "C:\Users\Administrator\AppData\Local\Programs\Python\Python313\Lib\site-packages\flask\templating.py", line 132, in _render
    rv = template.render(context)
  File "C:\Users\Administrator\AppData\Local\Programs\Python\Python313\Lib\site-packages\jinja2\environment.py", line 1295, in render
    self.environment.handle_exception()
    ~~~~~~~~~~~~~~~~~~~~~~~~~~~~~~~~~^^
  File "C:\Users\Administrator\AppData\Local\Programs\Python\Python313\Lib\site-packages\jinja2\environment.py", line 942, in handle_exception
    raise rewrite_traceback_stack(source=source)
  File "D:\web_sell\app\templates\index.html", line 1, in top-level template code
    {% extends 'base.html' %}
  File "D:\web_sell\app\templates\base.html", line 96, in top-level template code
    {% block content %}
    ^^^^^^^^^^^^^^^^^
  File "D:\web_sell\app\templates\index.html", line 19, in block 'content'
    {% for product in products.items %}
    ^^^^^^^^^^^^^^^^^^^^^
  File "C:\Users\Administrator\AppData\Local\Programs\Python\Python313\Lib\site-packages\jinja2\environment.py", line 490, in getattr
    return getattr(obj, attribute)
jinja2.exceptions.UndefinedError: 'products' is undefined


--- 2026-06-17 14:25:09,130 ---
127.0.0.1 - - [17/Jun/2026 14:25:09] "[32mGET / HTTP/1.1[0m" 302 -

--- 2026-06-17 14:25:09,142 ---
L\u1ed7i \u1edf \u0111\u01b0\u1eddng d\u1eabn: /
Traceback (most recent call last):
  File "C:\Users\Administrator\AppData\Local\Programs\Python\Python313\Lib\site-packages\flask\app.py", line 917, in full_dispatch_request
    rv = self.dispatch_request()
  File "C:\Users\Administrator\AppData\Local\Programs\Python\Python313\Lib\site-packages\flask\app.py", line 902, in dispatch_request
    return self.ensure_sync(self.view_functions[rule.endpoint])(**view_args)  # type: ignore[no-any-return]
           ~~~~~~~~~~~~~~~~~~~~~~~~~~~~~~~~~~~~~~~~~~~~~~~~~~~~^^^^^^^^^^^^^
  File "D:\web_sell\app\routes.py", line 13, in home
    return render_template('index.html', products=products)
           ^^^^^^^^^^^^^^^^^^^^^^^^^^^^^
  File "C:\Users\Administrator\AppData\Local\Programs\Python\Python313\Lib\site-packages\flask\templating.py", line 151, in render_template
    return _render(app, template, context)
  File "C:\Users\Administrator\AppData\Local\Programs\Python\Python313\Lib\site-packages\flask\templating.py", line 132, in _render
    rv = template.render(context)
  File "C:\Users\Administrator\AppData\Local\Programs\Python\Python313\Lib\site-packages\jinja2\environment.py", line 1295, in render
    self.environment.handle_exception()
    ~~~~~~~~~~~~~~~~~~~~~~~~~~~~~~~~~^^
  File "C:\Users\Administrator\AppData\Local\Programs\Python\Python313\Lib\site-packages\jinja2\environment.py", line 942, in handle_exception
    raise rewrite_traceback_stack(source=source)
  File "D:\web_sell\app\templates\index.html", line 1, in top-level template code
    {% extends 'base.html' %}
  File "D:\web_sell\app\templates\base.html", line 96, in top-level template code
    {% block content %}
    ^^^^^^^^^^^^^^^^^
  File "D:\web_sell\app\templates\index.html", line 19, in block 'content'
    {% for product in products.items %}
    ^^^^^^^^^^^^^^^^^^^^^
  File "C:\Users\Administrator\AppData\Local\Programs\Python\Python313\Lib\site-packages\jinja2\environment.py", line 490, in getattr
    return getattr(obj, attribute)
jinja2.exceptions.UndefinedError: 'products' is undefined


--- 2026-06-17 14:25:09,143 ---
127.0.0.1 - - [17/Jun/2026 14:25:09] "[32mGET / HTTP/1.1[0m" 302 -

--- 2026-06-17 14:25:09,154 ---
L\u1ed7i \u1edf \u0111\u01b0\u1eddng d\u1eabn: /
Traceback (most recent call last):
  File "C:\Users\Administrator\AppData\Local\Programs\Python\Python313\Lib\site-packages\flask\app.py", line 917, in full_dispatch_request
    rv = self.dispatch_request()
  File "C:\Users\Administrator\AppData\Local\Programs\Python\Python313\Lib\site-packages\flask\app.py", line 902, in dispatch_request
    return self.ensure_sync(self.view_functions[rule.endpoint])(**view_args)  # type: ignore[no-any-return]
           ~~~~~~~~~~~~~~~~~~~~~~~~~~~~~~~~~~~~~~~~~~~~~~~~~~~~^^^^^^^^^^^^^
  File "D:\web_sell\app\routes.py", line 13, in home
    return render_template('index.html', products=products)
           ^^^^^^^^^^^^^^^^^^^^^^^^^^^^^
  File "C:\Users\Administrator\AppData\Local\Programs\Python\Python313\Lib\site-packages\flask\templating.py", line 151, in render_template
    return _render(app, template, context)
  File "C:\Users\Administrator\AppData\Local\Programs\Python\Python313\Lib\site-packages\flask\templating.py", line 132, in _render
    rv = template.render(context)
  File "C:\Users\Administrator\AppData\Local\Programs\Python\Python313\Lib\site-packages\jinja2\environment.py", line 1295, in render
    self.environment.handle_exception()
    ~~~~~~~~~~~~~~~~~~~~~~~~~~~~~~~~~^^
  File "C:\Users\Administrator\AppData\Local\Programs\Python\Python313\Lib\site-packages\jinja2\environment.py", line 942, in handle_exception
    raise rewrite_traceback_stack(source=source)
  File "D:\web_sell\app\templates\index.html", line 1, in top-level template code
    {% extends 'base.html' %}
  File "D:\web_sell\app\templates\base.html", line 96, in top-level template code
    {% block content %}
    ^^^^^^^^^^^^^^^^^
  File "D:\web_sell\app\templates\index.html", line 19, in block 'content'
    {% for product in products.items %}
    ^^^^^^^^^^^^^^^^^^^^^
  File "C:\Users\Administrator\AppData\Local\Programs\Python\Python313\Lib\site-packages\jinja2\environment.py", line 490, in getattr
    return getattr(obj, attribute)
jinja2.exceptions.UndefinedError: 'products' is undefined


--- 2026-06-17 14:25:09,154 ---
127.0.0.1 - - [17/Jun/2026 14:25:09] "[32mGET / HTTP/1.1[0m" 302 -

--- 2026-06-17 14:25:09,166 ---
L\u1ed7i \u1edf \u0111\u01b0\u1eddng d\u1eabn: /
Traceback (most recent call last):
  File "C:\Users\Administrator\AppData\Local\Programs\Python\Python313\Lib\site-packages\flask\app.py", line 917, in full_dispatch_request
    rv = self.dispatch_request()
  File "C:\Users\Administrator\AppData\Local\Programs\Python\Python313\Lib\site-packages\flask\app.py", line 902, in dispatch_request
    return self.ensure_sync(self.view_functions[rule.endpoint])(**view_args)  # type: ignore[no-any-return]
           ~~~~~~~~~~~~~~~~~~~~~~~~~~~~~~~~~~~~~~~~~~~~~~~~~~~~^^^^^^^^^^^^^
  File "D:\web_sell\app\routes.py", line 13, in home
    return render_template('index.html', products=products)
           ^^^^^^^^^^^^^^^^^^^^^^^^^^^^^
  File "C:\Users\Administrator\AppData\Local\Programs\Python\Python313\Lib\site-packages\flask\templating.py", line 151, in render_template
    return _render(app, template, context)
  File "C:\Users\Administrator\AppData\Local\Programs\Python\Python313\Lib\site-packages\flask\templating.py", line 132, in _render
    rv = template.render(context)
  File "C:\Users\Administrator\AppData\Local\Programs\Python\Python313\Lib\site-packages\jinja2\environment.py", line 1295, in render
    self.environment.handle_exception()
    ~~~~~~~~~~~~~~~~~~~~~~~~~~~~~~~~~^^
  File "C:\Users\Administrator\AppData\Local\Programs\Python\Python313\Lib\site-packages\jinja2\environment.py", line 942, in handle_exception
    raise rewrite_traceback_stack(source=source)
  File "D:\web_sell\app\templates\index.html", line 1, in top-level template code
    {% extends 'base.html' %}
  File "D:\web_sell\app\templates\base.html", line 96, in top-level template code
    {% block content %}
    ^^^^^^^^^^^^^^^^^
  File "D:\web_sell\app\templates\index.html", line 19, in block 'content'
    {% for product in products.items %}
    ^^^^^^^^^^^^^^^^^^^^^
  File "C:\Users\Administrator\AppData\Local\Programs\Python\Python313\Lib\site-packages\jinja2\environment.py", line 490, in getattr
    return getattr(obj, attribute)
jinja2.exceptions.UndefinedError: 'products' is undefined


--- 2026-06-17 14:25:09,166 ---
127.0.0.1 - - [17/Jun/2026 14:25:09] "[32mGET / HTTP/1.1[0m" 302 -

--- 2026-06-17 14:25:09,177 ---
L\u1ed7i \u1edf \u0111\u01b0\u1eddng d\u1eabn: /
Traceback (most recent call last):
  File "C:\Users\Administrator\AppData\Local\Programs\Python\Python313\Lib\site-packages\flask\app.py", line 917, in full_dispatch_request
    rv = self.dispatch_request()
  File "C:\Users\Administrator\AppData\Local\Programs\Python\Python313\Lib\site-packages\flask\app.py", line 902, in dispatch_request
    return self.ensure_sync(self.view_functions[rule.endpoint])(**view_args)  # type: ignore[no-any-return]
           ~~~~~~~~~~~~~~~~~~~~~~~~~~~~~~~~~~~~~~~~~~~~~~~~~~~~^^^^^^^^^^^^^
  File "D:\web_sell\app\routes.py", line 13, in home
    return render_template('index.html', products=products)
           ^^^^^^^^^^^^^^^^^^^^^^^^^^^^^
  File "C:\Users\Administrator\AppData\Local\Programs\Python\Python313\Lib\site-packages\flask\templating.py", line 151, in render_template
    return _render(app, template, context)
  File "C:\Users\Administrator\AppData\Local\Programs\Python\Python313\Lib\site-packages\flask\templating.py", line 132, in _render
    rv = template.render(context)
  File "C:\Users\Administrator\AppData\Local\Programs\Python\Python313\Lib\site-packages\jinja2\environment.py", line 1295, in render
    self.environment.handle_exception()
    ~~~~~~~~~~~~~~~~~~~~~~~~~~~~~~~~~^^
  File "C:\Users\Administrator\AppData\Local\Programs\Python\Python313\Lib\site-packages\jinja2\environment.py", line 942, in handle_exception
    raise rewrite_traceback_stack(source=source)
  File "D:\web_sell\app\templates\index.html", line 1, in top-level template code
    {% extends 'base.html' %}
  File "D:\web_sell\app\templates\base.html", line 96, in top-level template code
    {% block content %}
    ^^^^^^^^^^^^^^^^^
  File "D:\web_sell\app\templates\index.html", line 19, in block 'content'
    {% for product in products.items %}
    ^^^^^^^^^^^^^^^^^^^^^
  File "C:\Users\Administrator\AppData\Local\Programs\Python\Python313\Lib\site-packages\jinja2\environment.py", line 490, in getattr
    return getattr(obj, attribute)
jinja2.exceptions.UndefinedError: 'products' is undefined


--- 2026-06-17 14:25:09,178 ---
127.0.0.1 - - [17/Jun/2026 14:25:09] "[32mGET / HTTP/1.1[0m" 302 -

--- 2026-06-17 14:25:09,189 ---
L\u1ed7i \u1edf \u0111\u01b0\u1eddng d\u1eabn: /
Traceback (most recent call last):
  File "C:\Users\Administrator\AppData\Local\Programs\Python\Python313\Lib\site-packages\flask\app.py", line 917, in full_dispatch_request
    rv = self.dispatch_request()
  File "C:\Users\Administrator\AppData\Local\Programs\Python\Python313\Lib\site-packages\flask\app.py", line 902, in dispatch_request
    return self.ensure_sync(self.view_functions[rule.endpoint])(**view_args)  # type: ignore[no-any-return]
           ~~~~~~~~~~~~~~~~~~~~~~~~~~~~~~~~~~~~~~~~~~~~~~~~~~~~^^^^^^^^^^^^^
  File "D:\web_sell\app\routes.py", line 13, in home
    return render_template('index.html', products=products)
           ^^^^^^^^^^^^^^^^^^^^^^^^^^^^^
  File "C:\Users\Administrator\AppData\Local\Programs\Python\Python313\Lib\site-packages\flask\templating.py", line 151, in render_template
    return _render(app, template, context)
  File "C:\Users\Administrator\AppData\Local\Programs\Python\Python313\Lib\site-packages\flask\templating.py", line 132, in _render
    rv = template.render(context)
  File "C:\Users\Administrator\AppData\Local\Programs\Python\Python313\Lib\site-packages\jinja2\environment.py", line 1295, in render
    self.environment.handle_exception()
    ~~~~~~~~~~~~~~~~~~~~~~~~~~~~~~~~~^^
  File "C:\Users\Administrator\AppData\Local\Programs\Python\Python313\Lib\site-packages\jinja2\environment.py", line 942, in handle_exception
    raise rewrite_traceback_stack(source=source)
  File "D:\web_sell\app\templates\index.html", line 1, in top-level template code
    {% extends 'base.html' %}
  File "D:\web_sell\app\templates\base.html", line 96, in top-level template code
    {% block content %}
    ^^^^^^^^^^^^^^^^^
  File "D:\web_sell\app\templates\index.html", line 19, in block 'content'
    {% for product in products.items %}
    ^^^^^^^^^^^^^^^^^^^^^
  File "C:\Users\Administrator\AppData\Local\Programs\Python\Python313\Lib\site-packages\jinja2\environment.py", line 490, in getattr
    return getattr(obj, attribute)
jinja2.exceptions.UndefinedError: 'products' is undefined


--- 2026-06-17 14:25:09,189 ---
127.0.0.1 - - [17/Jun/2026 14:25:09] "[32mGET / HTTP/1.1[0m" 302 -

--- 2026-06-17 14:25:09,200 ---
L\u1ed7i \u1edf \u0111\u01b0\u1eddng d\u1eabn: /
Traceback (most recent call last):
  File "C:\Users\Administrator\AppData\Local\Programs\Python\Python313\Lib\site-packages\flask\app.py", line 917, in full_dispatch_request
    rv = self.dispatch_request()
  File "C:\Users\Administrator\AppData\Local\Programs\Python\Python313\Lib\site-packages\flask\app.py", line 902, in dispatch_request
    return self.ensure_sync(self.view_functions[rule.endpoint])(**view_args)  # type: ignore[no-any-return]
           ~~~~~~~~~~~~~~~~~~~~~~~~~~~~~~~~~~~~~~~~~~~~~~~~~~~~^^^^^^^^^^^^^
  File "D:\web_sell\app\routes.py", line 13, in home
    return render_template('index.html', products=products)
           ^^^^^^^^^^^^^^^^^^^^^^^^^^^^^
  File "C:\Users\Administrator\AppData\Local\Programs\Python\Python313\Lib\site-packages\flask\templating.py", line 151, in render_template
    return _render(app, template, context)
  File "C:\Users\Administrator\AppData\Local\Programs\Python\Python313\Lib\site-packages\flask\templating.py", line 132, in _render
    rv = template.render(context)
  File "C:\Users\Administrator\AppData\Local\Programs\Python\Python313\Lib\site-packages\jinja2\environment.py", line 1295, in render
    self.environment.handle_exception()
    ~~~~~~~~~~~~~~~~~~~~~~~~~~~~~~~~~^^
  File "C:\Users\Administrator\AppData\Local\Programs\Python\Python313\Lib\site-packages\jinja2\environment.py", line 942, in handle_exception
    raise rewrite_traceback_stack(source=source)
  File "D:\web_sell\app\templates\index.html", line 1, in top-level template code
    {% extends 'base.html' %}
  File "D:\web_sell\app\templates\base.html", line 96, in top-level template code
    {% block content %}
    ^^^^^^^^^^^^^^^^^
  File "D:\web_sell\app\templates\index.html", line 19, in block 'content'
    {% for product in products.items %}
    ^^^^^^^^^^^^^^^^^^^^^
  File "C:\Users\Administrator\AppData\Local\Programs\Python\Python313\Lib\site-packages\jinja2\environment.py", line 490, in getattr
    return getattr(obj, attribute)
jinja2.exceptions.UndefinedError: 'products' is undefined


--- 2026-06-17 14:25:09,201 ---
127.0.0.1 - - [17/Jun/2026 14:25:09] "[32mGET / HTTP/1.1[0m" 302 -

--- 2026-06-17 14:25:09,213 ---
L\u1ed7i \u1edf \u0111\u01b0\u1eddng d\u1eabn: /
Traceback (most recent call last):
  File "C:\Users\Administrator\AppData\Local\Programs\Python\Python313\Lib\site-packages\flask\app.py", line 917, in full_dispatch_request
    rv = self.dispatch_request()
  File "C:\Users\Administrator\AppData\Local\Programs\Python\Python313\Lib\site-packages\flask\app.py", line 902, in dispatch_request
    return self.ensure_sync(self.view_functions[rule.endpoint])(**view_args)  # type: ignore[no-any-return]
           ~~~~~~~~~~~~~~~~~~~~~~~~~~~~~~~~~~~~~~~~~~~~~~~~~~~~^^^^^^^^^^^^^
  File "D:\web_sell\app\routes.py", line 13, in home
    return render_template('index.html', products=products)
           ^^^^^^^^^^^^^^^^^^^^^^^^^^^^^
  File "C:\Users\Administrator\AppData\Local\Programs\Python\Python313\Lib\site-packages\flask\templating.py", line 151, in render_template
    return _render(app, template, context)
  File "C:\Users\Administrator\AppData\Local\Programs\Python\Python313\Lib\site-packages\flask\templating.py", line 132, in _render
    rv = template.render(context)
  File "C:\Users\Administrator\AppData\Local\Programs\Python\Python313\Lib\site-packages\jinja2\environment.py", line 1295, in render
    self.environment.handle_exception()
    ~~~~~~~~~~~~~~~~~~~~~~~~~~~~~~~~~^^
  File "C:\Users\Administrator\AppData\Local\Programs\Python\Python313\Lib\site-packages\jinja2\environment.py", line 942, in handle_exception
    raise rewrite_traceback_stack(source=source)
  File "D:\web_sell\app\templates\index.html", line 1, in top-level template code
    {% extends 'base.html' %}
  File "D:\web_sell\app\templates\base.html", line 96, in top-level template code
    {% block content %}
    ^^^^^^^^^^^^^^^^^
  File "D:\web_sell\app\templates\index.html", line 19, in block 'content'
    {% for product in products.items %}
    ^^^^^^^^^^^^^^^^^^^^^
  File "C:\Users\Administrator\AppData\Local\Programs\Python\Python313\Lib\site-packages\jinja2\environment.py", line 490, in getattr
    return getattr(obj, attribute)
jinja2.exceptions.UndefinedError: 'products' is undefined


--- 2026-06-17 14:25:09,213 ---
127.0.0.1 - - [17/Jun/2026 14:25:09] "[32mGET / HTTP/1.1[0m" 302 -

--- 2026-06-17 14:25:09,227 ---
L\u1ed7i \u1edf \u0111\u01b0\u1eddng d\u1eabn: /
Traceback (most recent call last):
  File "C:\Users\Administrator\AppData\Local\Programs\Python\Python313\Lib\site-packages\flask\app.py", line 917, in full_dispatch_request
    rv = self.dispatch_request()
  File "C:\Users\Administrator\AppData\Local\Programs\Python\Python313\Lib\site-packages\flask\app.py", line 902, in dispatch_request
    return self.ensure_sync(self.view_functions[rule.endpoint])(**view_args)  # type: ignore[no-any-return]
           ~~~~~~~~~~~~~~~~~~~~~~~~~~~~~~~~~~~~~~~~~~~~~~~~~~~~^^^^^^^^^^^^^
  File "D:\web_sell\app\routes.py", line 13, in home
    return render_template('index.html', products=products)
           ^^^^^^^^^^^^^^^^^^^^^^^^^^^^^
  File "C:\Users\Administrator\AppData\Local\Programs\Python\Python313\Lib\site-packages\flask\templating.py", line 151, in render_template
    return _render(app, template, context)
  File "C:\Users\Administrator\AppData\Local\Programs\Python\Python313\Lib\site-packages\flask\templating.py", line 132, in _render
    rv = template.render(context)
  File "C:\Users\Administrator\AppData\Local\Programs\Python\Python313\Lib\site-packages\jinja2\environment.py", line 1295, in render
    self.environment.handle_exception()
    ~~~~~~~~~~~~~~~~~~~~~~~~~~~~~~~~~^^
  File "C:\Users\Administrator\AppData\Local\Programs\Python\Python313\Lib\site-packages\jinja2\environment.py", line 942, in handle_exception
    raise rewrite_traceback_stack(source=source)
  File "D:\web_sell\app\templates\index.html", line 1, in top-level template code
    {% extends 'base.html' %}
  File "D:\web_sell\app\templates\base.html", line 96, in top-level template code
    {% block content %}
    ^^^^^^^^^^^^^^^^^
  File "D:\web_sell\app\templates\index.html", line 19, in block 'content'
    {% for product in products.items %}
    ^^^^^^^^^^^^^^^^^^^^^
  File "C:\Users\Administrator\AppData\Local\Programs\Python\Python313\Lib\site-packages\jinja2\environment.py", line 490, in getattr
    return getattr(obj, attribute)
jinja2.exceptions.UndefinedError: 'products' is undefined


--- 2026-06-17 14:25:09,228 ---
127.0.0.1 - - [17/Jun/2026 14:25:09] "[32mGET / HTTP/1.1[0m" 302 -

--- 2026-06-17 14:25:09,241 ---
L\u1ed7i \u1edf \u0111\u01b0\u1eddng d\u1eabn: /
Traceback (most recent call last):
  File "C:\Users\Administrator\AppData\Local\Programs\Python\Python313\Lib\site-packages\flask\app.py", line 917, in full_dispatch_request
    rv = self.dispatch_request()
  File "C:\Users\Administrator\AppData\Local\Programs\Python\Python313\Lib\site-packages\flask\app.py", line 902, in dispatch_request
    return self.ensure_sync(self.view_functions[rule.endpoint])(**view_args)  # type: ignore[no-any-return]
           ~~~~~~~~~~~~~~~~~~~~~~~~~~~~~~~~~~~~~~~~~~~~~~~~~~~~^^^^^^^^^^^^^
  File "D:\web_sell\app\routes.py", line 13, in home
    return render_template('index.html', products=products)
           ^^^^^^^^^^^^^^^^^^^^^^^^^^^^^
  File "C:\Users\Administrator\AppData\Local\Programs\Python\Python313\Lib\site-packages\flask\templating.py", line 151, in render_template
    return _render(app, template, context)
  File "C:\Users\Administrator\AppData\Local\Programs\Python\Python313\Lib\site-packages\flask\templating.py", line 132, in _render
    rv = template.render(context)
  File "C:\Users\Administrator\AppData\Local\Programs\Python\Python313\Lib\site-packages\jinja2\environment.py", line 1295, in render
    self.environment.handle_exception()
    ~~~~~~~~~~~~~~~~~~~~~~~~~~~~~~~~~^^
  File "C:\Users\Administrator\AppData\Local\Programs\Python\Python313\Lib\site-packages\jinja2\environment.py", line 942, in handle_exception
    raise rewrite_traceback_stack(source=source)
  File "D:\web_sell\app\templates\index.html", line 1, in top-level template code
    {% extends 'base.html' %}
  File "D:\web_sell\app\templates\base.html", line 96, in top-level template code
    {% block content %}
    ^^^^^^^^^^^^^^^^^
  File "D:\web_sell\app\templates\index.html", line 19, in block 'content'
    {% for product in products.items %}
    ^^^^^^^^^^^^^^^^^^^^^
  File "C:\Users\Administrator\AppData\Local\Programs\Python\Python313\Lib\site-packages\jinja2\environment.py", line 490, in getattr
    return getattr(obj, attribute)
jinja2.exceptions.UndefinedError: 'products' is undefined


--- 2026-06-17 14:25:09,241 ---
127.0.0.1 - - [17/Jun/2026 14:25:09] "[32mGET / HTTP/1.1[0m" 302 -

--- 2026-06-17 14:25:09,253 ---
L\u1ed7i \u1edf \u0111\u01b0\u1eddng d\u1eabn: /
Traceback (most recent call last):
  File "C:\Users\Administrator\AppData\Local\Programs\Python\Python313\Lib\site-packages\flask\app.py", line 917, in full_dispatch_request
    rv = self.dispatch_request()
  File "C:\Users\Administrator\AppData\Local\Programs\Python\Python313\Lib\site-packages\flask\app.py", line 902, in dispatch_request
    return self.ensure_sync(self.view_functions[rule.endpoint])(**view_args)  # type: ignore[no-any-return]
           ~~~~~~~~~~~~~~~~~~~~~~~~~~~~~~~~~~~~~~~~~~~~~~~~~~~~^^^^^^^^^^^^^
  File "D:\web_sell\app\routes.py", line 13, in home
    return render_template('index.html', products=products)
           ^^^^^^^^^^^^^^^^^^^^^^^^^^^^^
  File "C:\Users\Administrator\AppData\Local\Programs\Python\Python313\Lib\site-packages\flask\templating.py", line 151, in render_template
    return _render(app, template, context)
  File "C:\Users\Administrator\AppData\Local\Programs\Python\Python313\Lib\site-packages\flask\templating.py", line 132, in _render
    rv = template.render(context)
  File "C:\Users\Administrator\AppData\Local\Programs\Python\Python313\Lib\site-packages\jinja2\environment.py", line 1295, in render
    self.environment.handle_exception()
    ~~~~~~~~~~~~~~~~~~~~~~~~~~~~~~~~~^^
  File "C:\Users\Administrator\AppData\Local\Programs\Python\Python313\Lib\site-packages\jinja2\environment.py", line 942, in handle_exception
    raise rewrite_traceback_stack(source=source)
  File "D:\web_sell\app\templates\index.html", line 1, in top-level template code
    {% extends 'base.html' %}
  File "D:\web_sell\app\templates\base.html", line 96, in top-level template code
    {% block content %}
    ^^^^^^^^^^^^^^^^^
  File "D:\web_sell\app\templates\index.html", line 19, in block 'content'
    {% for product in products.items %}
    ^^^^^^^^^^^^^^^^^^^^^
  File "C:\Users\Administrator\AppData\Local\Programs\Python\Python313\Lib\site-packages\jinja2\environment.py", line 490, in getattr
    return getattr(obj, attribute)
jinja2.exceptions.UndefinedError: 'products' is undefined


--- 2026-06-17 14:25:09,254 ---
127.0.0.1 - - [17/Jun/2026 14:25:09] "[32mGET / HTTP/1.1[0m" 302 -

--- 2026-06-17 14:25:09,264 ---
L\u1ed7i \u1edf \u0111\u01b0\u1eddng d\u1eabn: /
Traceback (most recent call last):
  File "C:\Users\Administrator\AppData\Local\Programs\Python\Python313\Lib\site-packages\flask\app.py", line 917, in full_dispatch_request
    rv = self.dispatch_request()
  File "C:\Users\Administrator\AppData\Local\Programs\Python\Python313\Lib\site-packages\flask\app.py", line 902, in dispatch_request
    return self.ensure_sync(self.view_functions[rule.endpoint])(**view_args)  # type: ignore[no-any-return]
           ~~~~~~~~~~~~~~~~~~~~~~~~~~~~~~~~~~~~~~~~~~~~~~~~~~~~^^^^^^^^^^^^^
  File "D:\web_sell\app\routes.py", line 13, in home
    return render_template('index.html', products=products)
           ^^^^^^^^^^^^^^^^^^^^^^^^^^^^^
  File "C:\Users\Administrator\AppData\Local\Programs\Python\Python313\Lib\site-packages\flask\templating.py", line 151, in render_template
    return _render(app, template, context)
  File "C:\Users\Administrator\AppData\Local\Programs\Python\Python313\Lib\site-packages\flask\templating.py", line 132, in _render
    rv = template.render(context)
  File "C:\Users\Administrator\AppData\Local\Programs\Python\Python313\Lib\site-packages\jinja2\environment.py", line 1295, in render
    self.environment.handle_exception()
    ~~~~~~~~~~~~~~~~~~~~~~~~~~~~~~~~~^^
  File "C:\Users\Administrator\AppData\Local\Programs\Python\Python313\Lib\site-packages\jinja2\environment.py", line 942, in handle_exception
    raise rewrite_traceback_stack(source=source)
  File "D:\web_sell\app\templates\index.html", line 1, in top-level template code
    {% extends 'base.html' %}
  File "D:\web_sell\app\templates\base.html", line 96, in top-level template code
    {% block content %}
    ^^^^^^^^^^^^^^^^^
  File "D:\web_sell\app\templates\index.html", line 19, in block 'content'
    {% for product in products.items %}
    ^^^^^^^^^^^^^^^^^^^^^
  File "C:\Users\Administrator\AppData\Local\Programs\Python\Python313\Lib\site-packages\jinja2\environment.py", line 490, in getattr
    return getattr(obj, attribute)
jinja2.exceptions.UndefinedError: 'products' is undefined


--- 2026-06-17 14:25:09,264 ---
127.0.0.1 - - [17/Jun/2026 14:25:09] "[32mGET / HTTP/1.1[0m" 302 -

--- 2026-06-17 14:25:09,276 ---
L\u1ed7i \u1edf \u0111\u01b0\u1eddng d\u1eabn: /
Traceback (most recent call last):
  File "C:\Users\Administrator\AppData\Local\Programs\Python\Python313\Lib\site-packages\flask\app.py", line 917, in full_dispatch_request
    rv = self.dispatch_request()
  File "C:\Users\Administrator\AppData\Local\Programs\Python\Python313\Lib\site-packages\flask\app.py", line 902, in dispatch_request
    return self.ensure_sync(self.view_functions[rule.endpoint])(**view_args)  # type: ignore[no-any-return]
           ~~~~~~~~~~~~~~~~~~~~~~~~~~~~~~~~~~~~~~~~~~~~~~~~~~~~^^^^^^^^^^^^^
  File "D:\web_sell\app\routes.py", line 13, in home
    return render_template('index.html', products=products)
           ^^^^^^^^^^^^^^^^^^^^^^^^^^^^^
  File "C:\Users\Administrator\AppData\Local\Programs\Python\Python313\Lib\site-packages\flask\templating.py", line 151, in render_template
    return _render(app, template, context)
  File "C:\Users\Administrator\AppData\Local\Programs\Python\Python313\Lib\site-packages\flask\templating.py", line 132, in _render
    rv = template.render(context)
  File "C:\Users\Administrator\AppData\Local\Programs\Python\Python313\Lib\site-packages\jinja2\environment.py", line 1295, in render
    self.environment.handle_exception()
    ~~~~~~~~~~~~~~~~~~~~~~~~~~~~~~~~~^^
  File "C:\Users\Administrator\AppData\Local\Programs\Python\Python313\Lib\site-packages\jinja2\environment.py", line 942, in handle_exception
    raise rewrite_traceback_stack(source=source)
  File "D:\web_sell\app\templates\index.html", line 1, in top-level template code
    {% extends 'base.html' %}
  File "D:\web_sell\app\templates\base.html", line 96, in top-level template code
    {% block content %}
    ^^^^^^^^^^^^^^^^^
  File "D:\web_sell\app\templates\index.html", line 19, in block 'content'
    {% for product in products.items %}
    ^^^^^^^^^^^^^^^^^^^^^
  File "C:\Users\Administrator\AppData\Local\Programs\Python\Python313\Lib\site-packages\jinja2\environment.py", line 490, in getattr
    return getattr(obj, attribute)
jinja2.exceptions.UndefinedError: 'products' is undefined


--- 2026-06-17 14:25:09,276 ---
127.0.0.1 - - [17/Jun/2026 14:25:09] "[32mGET / HTTP/1.1[0m" 302 -

--- 2026-06-17 14:25:09,288 ---
L\u1ed7i \u1edf \u0111\u01b0\u1eddng d\u1eabn: /
Traceback (most recent call last):
  File "C:\Users\Administrator\AppData\Local\Programs\Python\Python313\Lib\site-packages\flask\app.py", line 917, in full_dispatch_request
    rv = self.dispatch_request()
  File "C:\Users\Administrator\AppData\Local\Programs\Python\Python313\Lib\site-packages\flask\app.py", line 902, in dispatch_request
    return self.ensure_sync(self.view_functions[rule.endpoint])(**view_args)  # type: ignore[no-any-return]
           ~~~~~~~~~~~~~~~~~~~~~~~~~~~~~~~~~~~~~~~~~~~~~~~~~~~~^^^^^^^^^^^^^
  File "D:\web_sell\app\routes.py", line 13, in home
    return render_template('index.html', products=products)
           ^^^^^^^^^^^^^^^^^^^^^^^^^^^^^
  File "C:\Users\Administrator\AppData\Local\Programs\Python\Python313\Lib\site-packages\flask\templating.py", line 151, in render_template
    return _render(app, template, context)
  File "C:\Users\Administrator\AppData\Local\Programs\Python\Python313\Lib\site-packages\flask\templating.py", line 132, in _render
    rv = template.render(context)
  File "C:\Users\Administrator\AppData\Local\Programs\Python\Python313\Lib\site-packages\jinja2\environment.py", line 1295, in render
    self.environment.handle_exception()
    ~~~~~~~~~~~~~~~~~~~~~~~~~~~~~~~~~^^
  File "C:\Users\Administrator\AppData\Local\Programs\Python\Python313\Lib\site-packages\jinja2\environment.py", line 942, in handle_exception
    raise rewrite_traceback_stack(source=source)
  File "D:\web_sell\app\templates\index.html", line 1, in top-level template code
    {% extends 'base.html' %}
  File "D:\web_sell\app\templates\base.html", line 96, in top-level template code
    {% block content %}
    ^^^^^^^^^^^^^^^^^
  File "D:\web_sell\app\templates\index.html", line 19, in block 'content'
    {% for product in products.items %}
    ^^^^^^^^^^^^^^^^^^^^^
  File "C:\Users\Administrator\AppData\Local\Programs\Python\Python313\Lib\site-packages\jinja2\environment.py", line 490, in getattr
    return getattr(obj, attribute)
jinja2.exceptions.UndefinedError: 'products' is undefined


--- 2026-06-17 14:25:09,288 ---
127.0.0.1 - - [17/Jun/2026 14:25:09] "[32mGET / HTTP/1.1[0m" 302 -

--- 2026-06-17 14:25:09,298 ---
L\u1ed7i \u1edf \u0111\u01b0\u1eddng d\u1eabn: /
Traceback (most recent call last):
  File "C:\Users\Administrator\AppData\Local\Programs\Python\Python313\Lib\site-packages\flask\app.py", line 917, in full_dispatch_request
    rv = self.dispatch_request()
  File "C:\Users\Administrator\AppData\Local\Programs\Python\Python313\Lib\site-packages\flask\app.py", line 902, in dispatch_request
    return self.ensure_sync(self.view_functions[rule.endpoint])(**view_args)  # type: ignore[no-any-return]
           ~~~~~~~~~~~~~~~~~~~~~~~~~~~~~~~~~~~~~~~~~~~~~~~~~~~~^^^^^^^^^^^^^
  File "D:\web_sell\app\routes.py", line 13, in home
    return render_template('index.html', products=products)
           ^^^^^^^^^^^^^^^^^^^^^^^^^^^^^
  File "C:\Users\Administrator\AppData\Local\Programs\Python\Python313\Lib\site-packages\flask\templating.py", line 151, in render_template
    return _render(app, template, context)
  File "C:\Users\Administrator\AppData\Local\Programs\Python\Python313\Lib\site-packages\flask\templating.py", line 132, in _render
    rv = template.render(context)
  File "C:\Users\Administrator\AppData\Local\Programs\Python\Python313\Lib\site-packages\jinja2\environment.py", line 1295, in render
    self.environment.handle_exception()
    ~~~~~~~~~~~~~~~~~~~~~~~~~~~~~~~~~^^
  File "C:\Users\Administrator\AppData\Local\Programs\Python\Python313\Lib\site-packages\jinja2\environment.py", line 942, in handle_exception
    raise rewrite_traceback_stack(source=source)
  File "D:\web_sell\app\templates\index.html", line 1, in top-level template code
    {% extends 'base.html' %}
  File "D:\web_sell\app\templates\base.html", line 96, in top-level template code
    {% block content %}
    ^^^^^^^^^^^^^^^^^
  File "D:\web_sell\app\templates\index.html", line 19, in block 'content'
    {% for product in products.items %}
    ^^^^^^^^^^^^^^^^^^^^^
  File "C:\Users\Administrator\AppData\Local\Programs\Python\Python313\Lib\site-packages\jinja2\environment.py", line 490, in getattr
    return getattr(obj, attribute)
jinja2.exceptions.UndefinedError: 'products' is undefined


--- 2026-06-17 14:25:09,299 ---
127.0.0.1 - - [17/Jun/2026 14:25:09] "[32mGET / HTTP/1.1[0m" 302 -

--- 2026-06-17 14:25:09,309 ---
L\u1ed7i \u1edf \u0111\u01b0\u1eddng d\u1eabn: /
Traceback (most recent call last):
  File "C:\Users\Administrator\AppData\Local\Programs\Python\Python313\Lib\site-packages\flask\app.py", line 917, in full_dispatch_request
    rv = self.dispatch_request()
  File "C:\Users\Administrator\AppData\Local\Programs\Python\Python313\Lib\site-packages\flask\app.py", line 902, in dispatch_request
    return self.ensure_sync(self.view_functions[rule.endpoint])(**view_args)  # type: ignore[no-any-return]
           ~~~~~~~~~~~~~~~~~~~~~~~~~~~~~~~~~~~~~~~~~~~~~~~~~~~~^^^^^^^^^^^^^
  File "D:\web_sell\app\routes.py", line 13, in home
    return render_template('index.html', products=products)
           ^^^^^^^^^^^^^^^^^^^^^^^^^^^^^
  File "C:\Users\Administrator\AppData\Local\Programs\Python\Python313\Lib\site-packages\flask\templating.py", line 151, in render_template
    return _render(app, template, context)
  File "C:\Users\Administrator\AppData\Local\Programs\Python\Python313\Lib\site-packages\flask\templating.py", line 132, in _render
    rv = template.render(context)
  File "C:\Users\Administrator\AppData\Local\Programs\Python\Python313\Lib\site-packages\jinja2\environment.py", line 1295, in render
    self.environment.handle_exception()
    ~~~~~~~~~~~~~~~~~~~~~~~~~~~~~~~~~^^
  File "C:\Users\Administrator\AppData\Local\Programs\Python\Python313\Lib\site-packages\jinja2\environment.py", line 942, in handle_exception
    raise rewrite_traceback_stack(source=source)
  File "D:\web_sell\app\templates\index.html", line 1, in top-level template code
    {% extends 'base.html' %}
  File "D:\web_sell\app\templates\base.html", line 96, in top-level template code
    {% block content %}
    ^^^^^^^^^^^^^^^^^
  File "D:\web_sell\app\templates\index.html", line 19, in block 'content'
    {% for product in products.items %}
    ^^^^^^^^^^^^^^^^^^^^^
  File "C:\Users\Administrator\AppData\Local\Programs\Python\Python313\Lib\site-packages\jinja2\environment.py", line 490, in getattr
    return getattr(obj, attribute)
jinja2.exceptions.UndefinedError: 'products' is undefined


--- 2026-06-17 14:25:09,310 ---
127.0.0.1 - - [17/Jun/2026 14:25:09] "[32mGET / HTTP/1.1[0m" 302 -

--- 2026-06-17 14:25:09,321 ---
L\u1ed7i \u1edf \u0111\u01b0\u1eddng d\u1eabn: /
Traceback (most recent call last):
  File "C:\Users\Administrator\AppData\Local\Programs\Python\Python313\Lib\site-packages\flask\app.py", line 917, in full_dispatch_request
    rv = self.dispatch_request()
  File "C:\Users\Administrator\AppData\Local\Programs\Python\Python313\Lib\site-packages\flask\app.py", line 902, in dispatch_request
    return self.ensure_sync(self.view_functions[rule.endpoint])(**view_args)  # type: ignore[no-any-return]
           ~~~~~~~~~~~~~~~~~~~~~~~~~~~~~~~~~~~~~~~~~~~~~~~~~~~~^^^^^^^^^^^^^
  File "D:\web_sell\app\routes.py", line 13, in home
    return render_template('index.html', products=products)
           ^^^^^^^^^^^^^^^^^^^^^^^^^^^^^
  File "C:\Users\Administrator\AppData\Local\Programs\Python\Python313\Lib\site-packages\flask\templating.py", line 151, in render_template
    return _render(app, template, context)
  File "C:\Users\Administrator\AppData\Local\Programs\Python\Python313\Lib\site-packages\flask\templating.py", line 132, in _render
    rv = template.render(context)
  File "C:\Users\Administrator\AppData\Local\Programs\Python\Python313\Lib\site-packages\jinja2\environment.py", line 1295, in render
    self.environment.handle_exception()
    ~~~~~~~~~~~~~~~~~~~~~~~~~~~~~~~~~^^
  File "C:\Users\Administrator\AppData\Local\Programs\Python\Python313\Lib\site-packages\jinja2\environment.py", line 942, in handle_exception
    raise rewrite_traceback_stack(source=source)
  File "D:\web_sell\app\templates\index.html", line 1, in top-level template code
    {% extends 'base.html' %}
  File "D:\web_sell\app\templates\base.html", line 96, in top-level template code
    {% block content %}
    ^^^^^^^^^^^^^^^^^
  File "D:\web_sell\app\templates\index.html", line 19, in block 'content'
    {% for product in products.items %}
    ^^^^^^^^^^^^^^^^^^^^^
  File "C:\Users\Administrator\AppData\Local\Programs\Python\Python313\Lib\site-packages\jinja2\environment.py", line 490, in getattr
    return getattr(obj, attribute)
jinja2.exceptions.UndefinedError: 'products' is undefined


--- 2026-06-17 14:25:09,322 ---
127.0.0.1 - - [17/Jun/2026 14:25:09] "[32mGET / HTTP/1.1[0m" 302 -

--- 2026-06-17 14:25:09,332 ---
L\u1ed7i \u1edf \u0111\u01b0\u1eddng d\u1eabn: /
Traceback (most recent call last):
  File "C:\Users\Administrator\AppData\Local\Programs\Python\Python313\Lib\site-packages\flask\app.py", line 917, in full_dispatch_request
    rv = self.dispatch_request()
  File "C:\Users\Administrator\AppData\Local\Programs\Python\Python313\Lib\site-packages\flask\app.py", line 902, in dispatch_request
    return self.ensure_sync(self.view_functions[rule.endpoint])(**view_args)  # type: ignore[no-any-return]
           ~~~~~~~~~~~~~~~~~~~~~~~~~~~~~~~~~~~~~~~~~~~~~~~~~~~~^^^^^^^^^^^^^
  File "D:\web_sell\app\routes.py", line 13, in home
    return render_template('index.html', products=products)
           ^^^^^^^^^^^^^^^^^^^^^^^^^^^^^
  File "C:\Users\Administrator\AppData\Local\Programs\Python\Python313\Lib\site-packages\flask\templating.py", line 151, in render_template
    return _render(app, template, context)
  File "C:\Users\Administrator\AppData\Local\Programs\Python\Python313\Lib\site-packages\flask\templating.py", line 132, in _render
    rv = template.render(context)
  File "C:\Users\Administrator\AppData\Local\Programs\Python\Python313\Lib\site-packages\jinja2\environment.py", line 1295, in render
    self.environment.handle_exception()
    ~~~~~~~~~~~~~~~~~~~~~~~~~~~~~~~~~^^
  File "C:\Users\Administrator\AppData\Local\Programs\Python\Python313\Lib\site-packages\jinja2\environment.py", line 942, in handle_exception
    raise rewrite_traceback_stack(source=source)
  File "D:\web_sell\app\templates\index.html", line 1, in top-level template code
    {% extends 'base.html' %}
  File "D:\web_sell\app\templates\base.html", line 96, in top-level template code
    {% block content %}
    ^^^^^^^^^^^^^^^^^
  File "D:\web_sell\app\templates\index.html", line 19, in block 'content'
    {% for product in products.items %}
    ^^^^^^^^^^^^^^^^^^^^^
  File "C:\Users\Administrator\AppData\Local\Programs\Python\Python313\Lib\site-packages\jinja2\environment.py", line 490, in getattr
    return getattr(obj, attribute)
jinja2.exceptions.UndefinedError: 'products' is undefined


--- 2026-06-17 14:25:09,333 ---
127.0.0.1 - - [17/Jun/2026 14:25:09] "[32mGET / HTTP/1.1[0m" 302 -

--- 2026-06-17 14:25:09,343 ---
L\u1ed7i \u1edf \u0111\u01b0\u1eddng d\u1eabn: /
Traceback (most recent call last):
  File "C:\Users\Administrator\AppData\Local\Programs\Python\Python313\Lib\site-packages\flask\app.py", line 917, in full_dispatch_request
    rv = self.dispatch_request()
  File "C:\Users\Administrator\AppData\Local\Programs\Python\Python313\Lib\site-packages\flask\app.py", line 902, in dispatch_request
    return self.ensure_sync(self.view_functions[rule.endpoint])(**view_args)  # type: ignore[no-any-return]
           ~~~~~~~~~~~~~~~~~~~~~~~~~~~~~~~~~~~~~~~~~~~~~~~~~~~~^^^^^^^^^^^^^
  File "D:\web_sell\app\routes.py", line 13, in home
    return render_template('index.html', products=products)
           ^^^^^^^^^^^^^^^^^^^^^^^^^^^^^
  File "C:\Users\Administrator\AppData\Local\Programs\Python\Python313\Lib\site-packages\flask\templating.py", line 151, in render_template
    return _render(app, template, context)
  File "C:\Users\Administrator\AppData\Local\Programs\Python\Python313\Lib\site-packages\flask\templating.py", line 132, in _render
    rv = template.render(context)
  File "C:\Users\Administrator\AppData\Local\Programs\Python\Python313\Lib\site-packages\jinja2\environment.py", line 1295, in render
    self.environment.handle_exception()
    ~~~~~~~~~~~~~~~~~~~~~~~~~~~~~~~~~^^
  File "C:\Users\Administrator\AppData\Local\Programs\Python\Python313\Lib\site-packages\jinja2\environment.py", line 942, in handle_exception
    raise rewrite_traceback_stack(source=source)
  File "D:\web_sell\app\templates\index.html", line 1, in top-level template code
    {% extends 'base.html' %}
  File "D:\web_sell\app\templates\base.html", line 96, in top-level template code
    {% block content %}
    ^^^^^^^^^^^^^^^^^
  File "D:\web_sell\app\templates\index.html", line 19, in block 'content'
    {% for product in products.items %}
    ^^^^^^^^^^^^^^^^^^^^^
  File "C:\Users\Administrator\AppData\Local\Programs\Python\Python313\Lib\site-packages\jinja2\environment.py", line 490, in getattr
    return getattr(obj, attribute)
jinja2.exceptions.UndefinedError: 'products' is undefined


--- 2026-06-17 14:25:09,344 ---
127.0.0.1 - - [17/Jun/2026 14:25:09] "[32mGET / HTTP/1.1[0m" 302 -

--- 2026-06-17 14:25:11,770 ---
L\u1ed7i \u1edf \u0111\u01b0\u1eddng d\u1eabn: /
Traceback (most recent call last):
  File "C:\Users\Administrator\AppData\Local\Programs\Python\Python313\Lib\site-packages\flask\app.py", line 917, in full_dispatch_request
    rv = self.dispatch_request()
  File "C:\Users\Administrator\AppData\Local\Programs\Python\Python313\Lib\site-packages\flask\app.py", line 902, in dispatch_request
    return self.ensure_sync(self.view_functions[rule.endpoint])(**view_args)  # type: ignore[no-any-return]
           ~~~~~~~~~~~~~~~~~~~~~~~~~~~~~~~~~~~~~~~~~~~~~~~~~~~~^^^^^^^^^^^^^
  File "D:\web_sell\app\routes.py", line 13, in home
    return render_template('index.html', products=products)
           ^^^^^^^^^^^^^^^^^^^^^^^^^^^^^
  File "C:\Users\Administrator\AppData\Local\Programs\Python\Python313\Lib\site-packages\flask\templating.py", line 151, in render_template
    return _render(app, template, context)
  File "C:\Users\Administrator\AppData\Local\Programs\Python\Python313\Lib\site-packages\flask\templating.py", line 132, in _render
    rv = template.render(context)
  File "C:\Users\Administrator\AppData\Local\Programs\Python\Python313\Lib\site-packages\jinja2\environment.py", line 1295, in render
    self.environment.handle_exception()
    ~~~~~~~~~~~~~~~~~~~~~~~~~~~~~~~~~^^
  File "C:\Users\Administrator\AppData\Local\Programs\Python\Python313\Lib\site-packages\jinja2\environment.py", line 942, in handle_exception
    raise rewrite_traceback_stack(source=source)
  File "D:\web_sell\app\templates\index.html", line 1, in top-level template code
    {% extends 'base.html' %}
  File "D:\web_sell\app\templates\base.html", line 96, in top-level template code
    {% block content %}
    ^^^^^^^^^^^^^^^^^
  File "D:\web_sell\app\templates\index.html", line 19, in block 'content'
    {% for product in products.items %}
    ^^^^^^^^^^^^^^^^^^^^^
  File "C:\Users\Administrator\AppData\Local\Programs\Python\Python313\Lib\site-packages\jinja2\environment.py", line 490, in getattr
    return getattr(obj, attribute)
jinja2.exceptions.UndefinedError: 'products' is undefined


--- 2026-06-17 14:25:11,771 ---
127.0.0.1 - - [17/Jun/2026 14:25:11] "[32mGET / HTTP/1.1[0m" 302 -

--- 2026-06-17 14:25:11,784 ---
L\u1ed7i \u1edf \u0111\u01b0\u1eddng d\u1eabn: /
Traceback (most recent call last):
  File "C:\Users\Administrator\AppData\Local\Programs\Python\Python313\Lib\site-packages\flask\app.py", line 917, in full_dispatch_request
    rv = self.dispatch_request()
  File "C:\Users\Administrator\AppData\Local\Programs\Python\Python313\Lib\site-packages\flask\app.py", line 902, in dispatch_request
    return self.ensure_sync(self.view_functions[rule.endpoint])(**view_args)  # type: ignore[no-any-return]
           ~~~~~~~~~~~~~~~~~~~~~~~~~~~~~~~~~~~~~~~~~~~~~~~~~~~~^^^^^^^^^^^^^
  File "D:\web_sell\app\routes.py", line 13, in home
    return render_template('index.html', products=products)
           ^^^^^^^^^^^^^^^^^^^^^^^^^^^^^
  File "C:\Users\Administrator\AppData\Local\Programs\Python\Python313\Lib\site-packages\flask\templating.py", line 151, in render_template
    return _render(app, template, context)
  File "C:\Users\Administrator\AppData\Local\Programs\Python\Python313\Lib\site-packages\flask\templating.py", line 132, in _render
    rv = template.render(context)
  File "C:\Users\Administrator\AppData\Local\Programs\Python\Python313\Lib\site-packages\jinja2\environment.py", line 1295, in render
    self.environment.handle_exception()
    ~~~~~~~~~~~~~~~~~~~~~~~~~~~~~~~~~^^
  File "C:\Users\Administrator\AppData\Local\Programs\Python\Python313\Lib\site-packages\jinja2\environment.py", line 942, in handle_exception
    raise rewrite_traceback_stack(source=source)
  File "D:\web_sell\app\templates\index.html", line 1, in top-level template code
    {% extends 'base.html' %}
  File "D:\web_sell\app\templates\base.html", line 96, in top-level template code
    {% block content %}
    ^^^^^^^^^^^^^^^^^
  File "D:\web_sell\app\templates\index.html", line 19, in block 'content'
    {% for product in products.items %}
    ^^^^^^^^^^^^^^^^^^^^^
  File "C:\Users\Administrator\AppData\Local\Programs\Python\Python313\Lib\site-packages\jinja2\environment.py", line 490, in getattr
    return getattr(obj, attribute)
jinja2.exceptions.UndefinedError: 'products' is undefined


--- 2026-06-17 14:25:11,785 ---
127.0.0.1 - - [17/Jun/2026 14:25:11] "[32mGET / HTTP/1.1[0m" 302 -

--- 2026-06-17 14:25:11,797 ---
L\u1ed7i \u1edf \u0111\u01b0\u1eddng d\u1eabn: /
Traceback (most recent call last):
  File "C:\Users\Administrator\AppData\Local\Programs\Python\Python313\Lib\site-packages\flask\app.py", line 917, in full_dispatch_request
    rv = self.dispatch_request()
  File "C:\Users\Administrator\AppData\Local\Programs\Python\Python313\Lib\site-packages\flask\app.py", line 902, in dispatch_request
    return self.ensure_sync(self.view_functions[rule.endpoint])(**view_args)  # type: ignore[no-any-return]
           ~~~~~~~~~~~~~~~~~~~~~~~~~~~~~~~~~~~~~~~~~~~~~~~~~~~~^^^^^^^^^^^^^
  File "D:\web_sell\app\routes.py", line 13, in home
    return render_template('index.html', products=products)
           ^^^^^^^^^^^^^^^^^^^^^^^^^^^^^
  File "C:\Users\Administrator\AppData\Local\Programs\Python\Python313\Lib\site-packages\flask\templating.py", line 151, in render_template
    return _render(app, template, context)
  File "C:\Users\Administrator\AppData\Local\Programs\Python\Python313\Lib\site-packages\flask\templating.py", line 132, in _render
    rv = template.render(context)
  File "C:\Users\Administrator\AppData\Local\Programs\Python\Python313\Lib\site-packages\jinja2\environment.py", line 1295, in render
    self.environment.handle_exception()
    ~~~~~~~~~~~~~~~~~~~~~~~~~~~~~~~~~^^
  File "C:\Users\Administrator\AppData\Local\Programs\Python\Python313\Lib\site-packages\jinja2\environment.py", line 942, in handle_exception
    raise rewrite_traceback_stack(source=source)
  File "D:\web_sell\app\templates\index.html", line 1, in top-level template code
    {% extends 'base.html' %}
  File "D:\web_sell\app\templates\base.html", line 96, in top-level template code
    {% block content %}
    ^^^^^^^^^^^^^^^^^
  File "D:\web_sell\app\templates\index.html", line 19, in block 'content'
    {% for product in products.items %}
    ^^^^^^^^^^^^^^^^^^^^^
  File "C:\Users\Administrator\AppData\Local\Programs\Python\Python313\Lib\site-packages\jinja2\environment.py", line 490, in getattr
    return getattr(obj, attribute)
jinja2.exceptions.UndefinedError: 'products' is undefined


--- 2026-06-17 14:25:11,798 ---
127.0.0.1 - - [17/Jun/2026 14:25:11] "[32mGET / HTTP/1.1[0m" 302 -

--- 2026-06-17 14:25:11,809 ---
L\u1ed7i \u1edf \u0111\u01b0\u1eddng d\u1eabn: /
Traceback (most recent call last):
  File "C:\Users\Administrator\AppData\Local\Programs\Python\Python313\Lib\site-packages\flask\app.py", line 917, in full_dispatch_request
    rv = self.dispatch_request()
  File "C:\Users\Administrator\AppData\Local\Programs\Python\Python313\Lib\site-packages\flask\app.py", line 902, in dispatch_request
    return self.ensure_sync(self.view_functions[rule.endpoint])(**view_args)  # type: ignore[no-any-return]
           ~~~~~~~~~~~~~~~~~~~~~~~~~~~~~~~~~~~~~~~~~~~~~~~~~~~~^^^^^^^^^^^^^
  File "D:\web_sell\app\routes.py", line 13, in home
    return render_template('index.html', products=products)
           ^^^^^^^^^^^^^^^^^^^^^^^^^^^^^
  File "C:\Users\Administrator\AppData\Local\Programs\Python\Python313\Lib\site-packages\flask\templating.py", line 151, in render_template
    return _render(app, template, context)
  File "C:\Users\Administrator\AppData\Local\Programs\Python\Python313\Lib\site-packages\flask\templating.py", line 132, in _render
    rv = template.render(context)
  File "C:\Users\Administrator\AppData\Local\Programs\Python\Python313\Lib\site-packages\jinja2\environment.py", line 1295, in render
    self.environment.handle_exception()
    ~~~~~~~~~~~~~~~~~~~~~~~~~~~~~~~~~^^
  File "C:\Users\Administrator\AppData\Local\Programs\Python\Python313\Lib\site-packages\jinja2\environment.py", line 942, in handle_exception
    raise rewrite_traceback_stack(source=source)
  File "D:\web_sell\app\templates\index.html", line 1, in top-level template code
    {% extends 'base.html' %}
  File "D:\web_sell\app\templates\base.html", line 96, in top-level template code
    {% block content %}
    ^^^^^^^^^^^^^^^^^
  File "D:\web_sell\app\templates\index.html", line 19, in block 'content'
    {% for product in products.items %}
    ^^^^^^^^^^^^^^^^^^^^^
  File "C:\Users\Administrator\AppData\Local\Programs\Python\Python313\Lib\site-packages\jinja2\environment.py", line 490, in getattr
    return getattr(obj, attribute)
jinja2.exceptions.UndefinedError: 'products' is undefined


--- 2026-06-17 14:25:11,810 ---
127.0.0.1 - - [17/Jun/2026 14:25:11] "[32mGET / HTTP/1.1[0m" 302 -

--- 2026-06-17 14:25:11,822 ---
L\u1ed7i \u1edf \u0111\u01b0\u1eddng d\u1eabn: /
Traceback (most recent call last):
  File "C:\Users\Administrator\AppData\Local\Programs\Python\Python313\Lib\site-packages\flask\app.py", line 917, in full_dispatch_request
    rv = self.dispatch_request()
  File "C:\Users\Administrator\AppData\Local\Programs\Python\Python313\Lib\site-packages\flask\app.py", line 902, in dispatch_request
    return self.ensure_sync(self.view_functions[rule.endpoint])(**view_args)  # type: ignore[no-any-return]
           ~~~~~~~~~~~~~~~~~~~~~~~~~~~~~~~~~~~~~~~~~~~~~~~~~~~~^^^^^^^^^^^^^
  File "D:\web_sell\app\routes.py", line 13, in home
    return render_template('index.html', products=products)
           ^^^^^^^^^^^^^^^^^^^^^^^^^^^^^
  File "C:\Users\Administrator\AppData\Local\Programs\Python\Python313\Lib\site-packages\flask\templating.py", line 151, in render_template
    return _render(app, template, context)
  File "C:\Users\Administrator\AppData\Local\Programs\Python\Python313\Lib\site-packages\flask\templating.py", line 132, in _render
    rv = template.render(context)
  File "C:\Users\Administrator\AppData\Local\Programs\Python\Python313\Lib\site-packages\jinja2\environment.py", line 1295, in render
    self.environment.handle_exception()
    ~~~~~~~~~~~~~~~~~~~~~~~~~~~~~~~~~^^
  File "C:\Users\Administrator\AppData\Local\Programs\Python\Python313\Lib\site-packages\jinja2\environment.py", line 942, in handle_exception
    raise rewrite_traceback_stack(source=source)
  File "D:\web_sell\app\templates\index.html", line 1, in top-level template code
    {% extends 'base.html' %}
  File "D:\web_sell\app\templates\base.html", line 96, in top-level template code
    {% block content %}
    ^^^^^^^^^^^^^^^^^
  File "D:\web_sell\app\templates\index.html", line 19, in block 'content'
    {% for product in products.items %}
    ^^^^^^^^^^^^^^^^^^^^^
  File "C:\Users\Administrator\AppData\Local\Programs\Python\Python313\Lib\site-packages\jinja2\environment.py", line 490, in getattr
    return getattr(obj, attribute)
jinja2.exceptions.UndefinedError: 'products' is undefined


--- 2026-06-17 14:25:11,822 ---
127.0.0.1 - - [17/Jun/2026 14:25:11] "[32mGET / HTTP/1.1[0m" 302 -

--- 2026-06-17 14:25:11,835 ---
L\u1ed7i \u1edf \u0111\u01b0\u1eddng d\u1eabn: /
Traceback (most recent call last):
  File "C:\Users\Administrator\AppData\Local\Programs\Python\Python313\Lib\site-packages\flask\app.py", line 917, in full_dispatch_request
    rv = self.dispatch_request()
  File "C:\Users\Administrator\AppData\Local\Programs\Python\Python313\Lib\site-packages\flask\app.py", line 902, in dispatch_request
    return self.ensure_sync(self.view_functions[rule.endpoint])(**view_args)  # type: ignore[no-any-return]
           ~~~~~~~~~~~~~~~~~~~~~~~~~~~~~~~~~~~~~~~~~~~~~~~~~~~~^^^^^^^^^^^^^
  File "D:\web_sell\app\routes.py", line 13, in home
    return render_template('index.html', products=products)
           ^^^^^^^^^^^^^^^^^^^^^^^^^^^^^
  File "C:\Users\Administrator\AppData\Local\Programs\Python\Python313\Lib\site-packages\flask\templating.py", line 151, in render_template
    return _render(app, template, context)
  File "C:\Users\Administrator\AppData\Local\Programs\Python\Python313\Lib\site-packages\flask\templating.py", line 132, in _render
    rv = template.render(context)
  File "C:\Users\Administrator\AppData\Local\Programs\Python\Python313\Lib\site-packages\jinja2\environment.py", line 1295, in render
    self.environment.handle_exception()
    ~~~~~~~~~~~~~~~~~~~~~~~~~~~~~~~~~^^
  File "C:\Users\Administrator\AppData\Local\Programs\Python\Python313\Lib\site-packages\jinja2\environment.py", line 942, in handle_exception
    raise rewrite_traceback_stack(source=source)
  File "D:\web_sell\app\templates\index.html", line 1, in top-level template code
    {% extends 'base.html' %}
  File "D:\web_sell\app\templates\base.html", line 96, in top-level template code
    {% block content %}
    ^^^^^^^^^^^^^^^^^
  File "D:\web_sell\app\templates\index.html", line 19, in block 'content'
    {% for product in products.items %}
    ^^^^^^^^^^^^^^^^^^^^^
  File "C:\Users\Administrator\AppData\Local\Programs\Python\Python313\Lib\site-packages\jinja2\environment.py", line 490, in getattr
    return getattr(obj, attribute)
jinja2.exceptions.UndefinedError: 'products' is undefined


--- 2026-06-17 14:25:11,835 ---
127.0.0.1 - - [17/Jun/2026 14:25:11] "[32mGET / HTTP/1.1[0m" 302 -

--- 2026-06-17 14:25:11,846 ---
L\u1ed7i \u1edf \u0111\u01b0\u1eddng d\u1eabn: /
Traceback (most recent call last):
  File "C:\Users\Administrator\AppData\Local\Programs\Python\Python313\Lib\site-packages\flask\app.py", line 917, in full_dispatch_request
    rv = self.dispatch_request()
  File "C:\Users\Administrator\AppData\Local\Programs\Python\Python313\Lib\site-packages\flask\app.py", line 902, in dispatch_request
    return self.ensure_sync(self.view_functions[rule.endpoint])(**view_args)  # type: ignore[no-any-return]
           ~~~~~~~~~~~~~~~~~~~~~~~~~~~~~~~~~~~~~~~~~~~~~~~~~~~~^^^^^^^^^^^^^
  File "D:\web_sell\app\routes.py", line 13, in home
    return render_template('index.html', products=products)
           ^^^^^^^^^^^^^^^^^^^^^^^^^^^^^
  File "C:\Users\Administrator\AppData\Local\Programs\Python\Python313\Lib\site-packages\flask\templating.py", line 151, in render_template
    return _render(app, template, context)
  File "C:\Users\Administrator\AppData\Local\Programs\Python\Python313\Lib\site-packages\flask\templating.py", line 132, in _render
    rv = template.render(context)
  File "C:\Users\Administrator\AppData\Local\Programs\Python\Python313\Lib\site-packages\jinja2\environment.py", line 1295, in render
    self.environment.handle_exception()
    ~~~~~~~~~~~~~~~~~~~~~~~~~~~~~~~~~^^
  File "C:\Users\Administrator\AppData\Local\Programs\Python\Python313\Lib\site-packages\jinja2\environment.py", line 942, in handle_exception
    raise rewrite_traceback_stack(source=source)
  File "D:\web_sell\app\templates\index.html", line 1, in top-level template code
    {% extends 'base.html' %}
  File "D:\web_sell\app\templates\base.html", line 96, in top-level template code
    {% block content %}
    ^^^^^^^^^^^^^^^^^
  File "D:\web_sell\app\templates\index.html", line 19, in block 'content'
    {% for product in products.items %}
    ^^^^^^^^^^^^^^^^^^^^^
  File "C:\Users\Administrator\AppData\Local\Programs\Python\Python313\Lib\site-packages\jinja2\environment.py", line 490, in getattr
    return getattr(obj, attribute)
jinja2.exceptions.UndefinedError: 'products' is undefined


--- 2026-06-17 14:25:11,846 ---
127.0.0.1 - - [17/Jun/2026 14:25:11] "[32mGET / HTTP/1.1[0m" 302 -

--- 2026-06-17 14:25:11,857 ---
L\u1ed7i \u1edf \u0111\u01b0\u1eddng d\u1eabn: /
Traceback (most recent call last):
  File "C:\Users\Administrator\AppData\Local\Programs\Python\Python313\Lib\site-packages\flask\app.py", line 917, in full_dispatch_request
    rv = self.dispatch_request()
  File "C:\Users\Administrator\AppData\Local\Programs\Python\Python313\Lib\site-packages\flask\app.py", line 902, in dispatch_request
    return self.ensure_sync(self.view_functions[rule.endpoint])(**view_args)  # type: ignore[no-any-return]
           ~~~~~~~~~~~~~~~~~~~~~~~~~~~~~~~~~~~~~~~~~~~~~~~~~~~~^^^^^^^^^^^^^
  File "D:\web_sell\app\routes.py", line 13, in home
    return render_template('index.html', products=products)
           ^^^^^^^^^^^^^^^^^^^^^^^^^^^^^
  File "C:\Users\Administrator\AppData\Local\Programs\Python\Python313\Lib\site-packages\flask\templating.py", line 151, in render_template
    return _render(app, template, context)
  File "C:\Users\Administrator\AppData\Local\Programs\Python\Python313\Lib\site-packages\flask\templating.py", line 132, in _render
    rv = template.render(context)
  File "C:\Users\Administrator\AppData\Local\Programs\Python\Python313\Lib\site-packages\jinja2\environment.py", line 1295, in render
    self.environment.handle_exception()
    ~~~~~~~~~~~~~~~~~~~~~~~~~~~~~~~~~^^
  File "C:\Users\Administrator\AppData\Local\Programs\Python\Python313\Lib\site-packages\jinja2\environment.py", line 942, in handle_exception
    raise rewrite_traceback_stack(source=source)
  File "D:\web_sell\app\templates\index.html", line 1, in top-level template code
    {% extends 'base.html' %}
  File "D:\web_sell\app\templates\base.html", line 96, in top-level template code
    {% block content %}
    ^^^^^^^^^^^^^^^^^
  File "D:\web_sell\app\templates\index.html", line 19, in block 'content'
    {% for product in products.items %}
    ^^^^^^^^^^^^^^^^^^^^^
  File "C:\Users\Administrator\AppData\Local\Programs\Python\Python313\Lib\site-packages\jinja2\environment.py", line 490, in getattr
    return getattr(obj, attribute)
jinja2.exceptions.UndefinedError: 'products' is undefined


--- 2026-06-17 14:25:11,858 ---
127.0.0.1 - - [17/Jun/2026 14:25:11] "[32mGET / HTTP/1.1[0m" 302 -

--- 2026-06-17 14:25:11,869 ---
L\u1ed7i \u1edf \u0111\u01b0\u1eddng d\u1eabn: /
Traceback (most recent call last):
  File "C:\Users\Administrator\AppData\Local\Programs\Python\Python313\Lib\site-packages\flask\app.py", line 917, in full_dispatch_request
    rv = self.dispatch_request()
  File "C:\Users\Administrator\AppData\Local\Programs\Python\Python313\Lib\site-packages\flask\app.py", line 902, in dispatch_request
    return self.ensure_sync(self.view_functions[rule.endpoint])(**view_args)  # type: ignore[no-any-return]
           ~~~~~~~~~~~~~~~~~~~~~~~~~~~~~~~~~~~~~~~~~~~~~~~~~~~~^^^^^^^^^^^^^
  File "D:\web_sell\app\routes.py", line 13, in home
    return render_template('index.html', products=products)
           ^^^^^^^^^^^^^^^^^^^^^^^^^^^^^
  File "C:\Users\Administrator\AppData\Local\Programs\Python\Python313\Lib\site-packages\flask\templating.py", line 151, in render_template
    return _render(app, template, context)
  File "C:\Users\Administrator\AppData\Local\Programs\Python\Python313\Lib\site-packages\flask\templating.py", line 132, in _render
    rv = template.render(context)
  File "C:\Users\Administrator\AppData\Local\Programs\Python\Python313\Lib\site-packages\jinja2\environment.py", line 1295, in render
    self.environment.handle_exception()
    ~~~~~~~~~~~~~~~~~~~~~~~~~~~~~~~~~^^
  File "C:\Users\Administrator\AppData\Local\Programs\Python\Python313\Lib\site-packages\jinja2\environment.py", line 942, in handle_exception
    raise rewrite_traceback_stack(source=source)
  File "D:\web_sell\app\templates\index.html", line 1, in top-level template code
    {% extends 'base.html' %}
  File "D:\web_sell\app\templates\base.html", line 96, in top-level template code
    {% block content %}
    ^^^^^^^^^^^^^^^^^
  File "D:\web_sell\app\templates\index.html", line 19, in block 'content'
    {% for product in products.items %}
    ^^^^^^^^^^^^^^^^^^^^^
  File "C:\Users\Administrator\AppData\Local\Programs\Python\Python313\Lib\site-packages\jinja2\environment.py", line 490, in getattr
    return getattr(obj, attribute)
jinja2.exceptions.UndefinedError: 'products' is undefined


--- 2026-06-17 14:25:11,870 ---
127.0.0.1 - - [17/Jun/2026 14:25:11] "[32mGET / HTTP/1.1[0m" 302 -

--- 2026-06-17 14:25:11,880 ---
L\u1ed7i \u1edf \u0111\u01b0\u1eddng d\u1eabn: /
Traceback (most recent call last):
  File "C:\Users\Administrator\AppData\Local\Programs\Python\Python313\Lib\site-packages\flask\app.py", line 917, in full_dispatch_request
    rv = self.dispatch_request()
  File "C:\Users\Administrator\AppData\Local\Programs\Python\Python313\Lib\site-packages\flask\app.py", line 902, in dispatch_request
    return self.ensure_sync(self.view_functions[rule.endpoint])(**view_args)  # type: ignore[no-any-return]
           ~~~~~~~~~~~~~~~~~~~~~~~~~~~~~~~~~~~~~~~~~~~~~~~~~~~~^^^^^^^^^^^^^
  File "D:\web_sell\app\routes.py", line 13, in home
    return render_template('index.html', products=products)
           ^^^^^^^^^^^^^^^^^^^^^^^^^^^^^
  File "C:\Users\Administrator\AppData\Local\Programs\Python\Python313\Lib\site-packages\flask\templating.py", line 151, in render_template
    return _render(app, template, context)
  File "C:\Users\Administrator\AppData\Local\Programs\Python\Python313\Lib\site-packages\flask\templating.py", line 132, in _render
    rv = template.render(context)
  File "C:\Users\Administrator\AppData\Local\Programs\Python\Python313\Lib\site-packages\jinja2\environment.py", line 1295, in render
    self.environment.handle_exception()
    ~~~~~~~~~~~~~~~~~~~~~~~~~~~~~~~~~^^
  File "C:\Users\Administrator\AppData\Local\Programs\Python\Python313\Lib\site-packages\jinja2\environment.py", line 942, in handle_exception
    raise rewrite_traceback_stack(source=source)
  File "D:\web_sell\app\templates\index.html", line 1, in top-level template code
    {% extends 'base.html' %}
  File "D:\web_sell\app\templates\base.html", line 96, in top-level template code
    {% block content %}
    ^^^^^^^^^^^^^^^^^
  File "D:\web_sell\app\templates\index.html", line 19, in block 'content'
    {% for product in products.items %}
    ^^^^^^^^^^^^^^^^^^^^^
  File "C:\Users\Administrator\AppData\Local\Programs\Python\Python313\Lib\site-packages\jinja2\environment.py", line 490, in getattr
    return getattr(obj, attribute)
jinja2.exceptions.UndefinedError: 'products' is undefined


--- 2026-06-17 14:25:11,881 ---
127.0.0.1 - - [17/Jun/2026 14:25:11] "[32mGET / HTTP/1.1[0m" 302 -

--- 2026-06-17 14:25:11,892 ---
L\u1ed7i \u1edf \u0111\u01b0\u1eddng d\u1eabn: /
Traceback (most recent call last):
  File "C:\Users\Administrator\AppData\Local\Programs\Python\Python313\Lib\site-packages\flask\app.py", line 917, in full_dispatch_request
    rv = self.dispatch_request()
  File "C:\Users\Administrator\AppData\Local\Programs\Python\Python313\Lib\site-packages\flask\app.py", line 902, in dispatch_request
    return self.ensure_sync(self.view_functions[rule.endpoint])(**view_args)  # type: ignore[no-any-return]
           ~~~~~~~~~~~~~~~~~~~~~~~~~~~~~~~~~~~~~~~~~~~~~~~~~~~~^^^^^^^^^^^^^
  File "D:\web_sell\app\routes.py", line 13, in home
    return render_template('index.html', products=products)
           ^^^^^^^^^^^^^^^^^^^^^^^^^^^^^
  File "C:\Users\Administrator\AppData\Local\Programs\Python\Python313\Lib\site-packages\flask\templating.py", line 151, in render_template
    return _render(app, template, context)
  File "C:\Users\Administrator\AppData\Local\Programs\Python\Python313\Lib\site-packages\flask\templating.py", line 132, in _render
    rv = template.render(context)
  File "C:\Users\Administrator\AppData\Local\Programs\Python\Python313\Lib\site-packages\jinja2\environment.py", line 1295, in render
    self.environment.handle_exception()
    ~~~~~~~~~~~~~~~~~~~~~~~~~~~~~~~~~^^
  File "C:\Users\Administrator\AppData\Local\Programs\Python\Python313\Lib\site-packages\jinja2\environment.py", line 942, in handle_exception
    raise rewrite_traceback_stack(source=source)
  File "D:\web_sell\app\templates\index.html", line 1, in top-level template code
    {% extends 'base.html' %}
  File "D:\web_sell\app\templates\base.html", line 96, in top-level template code
    {% block content %}
    ^^^^^^^^^^^^^^^^^
  File "D:\web_sell\app\templates\index.html", line 19, in block 'content'
    {% for product in products.items %}
    ^^^^^^^^^^^^^^^^^^^^^
  File "C:\Users\Administrator\AppData\Local\Programs\Python\Python313\Lib\site-packages\jinja2\environment.py", line 490, in getattr
    return getattr(obj, attribute)
jinja2.exceptions.UndefinedError: 'products' is undefined


--- 2026-06-17 14:25:11,893 ---
127.0.0.1 - - [17/Jun/2026 14:25:11] "[32mGET / HTTP/1.1[0m" 302 -

--- 2026-06-17 14:25:11,904 ---
L\u1ed7i \u1edf \u0111\u01b0\u1eddng d\u1eabn: /
Traceback (most recent call last):
  File "C:\Users\Administrator\AppData\Local\Programs\Python\Python313\Lib\site-packages\flask\app.py", line 917, in full_dispatch_request
    rv = self.dispatch_request()
  File "C:\Users\Administrator\AppData\Local\Programs\Python\Python313\Lib\site-packages\flask\app.py", line 902, in dispatch_request
    return self.ensure_sync(self.view_functions[rule.endpoint])(**view_args)  # type: ignore[no-any-return]
           ~~~~~~~~~~~~~~~~~~~~~~~~~~~~~~~~~~~~~~~~~~~~~~~~~~~~^^^^^^^^^^^^^
  File "D:\web_sell\app\routes.py", line 13, in home
    return render_template('index.html', products=products)
           ^^^^^^^^^^^^^^^^^^^^^^^^^^^^^
  File "C:\Users\Administrator\AppData\Local\Programs\Python\Python313\Lib\site-packages\flask\templating.py", line 151, in render_template
    return _render(app, template, context)
  File "C:\Users\Administrator\AppData\Local\Programs\Python\Python313\Lib\site-packages\flask\templating.py", line 132, in _render
    rv = template.render(context)
  File "C:\Users\Administrator\AppData\Local\Programs\Python\Python313\Lib\site-packages\jinja2\environment.py", line 1295, in render
    self.environment.handle_exception()
    ~~~~~~~~~~~~~~~~~~~~~~~~~~~~~~~~~^^
  File "C:\Users\Administrator\AppData\Local\Programs\Python\Python313\Lib\site-packages\jinja2\environment.py", line 942, in handle_exception
    raise rewrite_traceback_stack(source=source)
  File "D:\web_sell\app\templates\index.html", line 1, in top-level template code
    {% extends 'base.html' %}
  File "D:\web_sell\app\templates\base.html", line 96, in top-level template code
    {% block content %}
    ^^^^^^^^^^^^^^^^^
  File "D:\web_sell\app\templates\index.html", line 19, in block 'content'
    {% for product in products.items %}
    ^^^^^^^^^^^^^^^^^^^^^
  File "C:\Users\Administrator\AppData\Local\Programs\Python\Python313\Lib\site-packages\jinja2\environment.py", line 490, in getattr
    return getattr(obj, attribute)
jinja2.exceptions.UndefinedError: 'products' is undefined


--- 2026-06-17 14:25:11,904 ---
127.0.0.1 - - [17/Jun/2026 14:25:11] "[32mGET / HTTP/1.1[0m" 302 -

--- 2026-06-17 14:25:11,915 ---
L\u1ed7i \u1edf \u0111\u01b0\u1eddng d\u1eabn: /
Traceback (most recent call last):
  File "C:\Users\Administrator\AppData\Local\Programs\Python\Python313\Lib\site-packages\flask\app.py", line 917, in full_dispatch_request
    rv = self.dispatch_request()
  File "C:\Users\Administrator\AppData\Local\Programs\Python\Python313\Lib\site-packages\flask\app.py", line 902, in dispatch_request
    return self.ensure_sync(self.view_functions[rule.endpoint])(**view_args)  # type: ignore[no-any-return]
           ~~~~~~~~~~~~~~~~~~~~~~~~~~~~~~~~~~~~~~~~~~~~~~~~~~~~^^^^^^^^^^^^^
  File "D:\web_sell\app\routes.py", line 13, in home
    return render_template('index.html', products=products)
           ^^^^^^^^^^^^^^^^^^^^^^^^^^^^^
  File "C:\Users\Administrator\AppData\Local\Programs\Python\Python313\Lib\site-packages\flask\templating.py", line 151, in render_template
    return _render(app, template, context)
  File "C:\Users\Administrator\AppData\Local\Programs\Python\Python313\Lib\site-packages\flask\templating.py", line 132, in _render
    rv = template.render(context)
  File "C:\Users\Administrator\AppData\Local\Programs\Python\Python313\Lib\site-packages\jinja2\environment.py", line 1295, in render
    self.environment.handle_exception()
    ~~~~~~~~~~~~~~~~~~~~~~~~~~~~~~~~~^^
  File "C:\Users\Administrator\AppData\Local\Programs\Python\Python313\Lib\site-packages\jinja2\environment.py", line 942, in handle_exception
    raise rewrite_traceback_stack(source=source)
  File "D:\web_sell\app\templates\index.html", line 1, in top-level template code
    {% extends 'base.html' %}
  File "D:\web_sell\app\templates\base.html", line 96, in top-level template code
    {% block content %}
    ^^^^^^^^^^^^^^^^^
  File "D:\web_sell\app\templates\index.html", line 19, in block 'content'
    {% for product in products.items %}
    ^^^^^^^^^^^^^^^^^^^^^
  File "C:\Users\Administrator\AppData\Local\Programs\Python\Python313\Lib\site-packages\jinja2\environment.py", line 490, in getattr
    return getattr(obj, attribute)
jinja2.exceptions.UndefinedError: 'products' is undefined


--- 2026-06-17 14:25:11,915 ---
127.0.0.1 - - [17/Jun/2026 14:25:11] "[32mGET / HTTP/1.1[0m" 302 -

--- 2026-06-17 14:25:11,926 ---
L\u1ed7i \u1edf \u0111\u01b0\u1eddng d\u1eabn: /
Traceback (most recent call last):
  File "C:\Users\Administrator\AppData\Local\Programs\Python\Python313\Lib\site-packages\flask\app.py", line 917, in full_dispatch_request
    rv = self.dispatch_request()
  File "C:\Users\Administrator\AppData\Local\Programs\Python\Python313\Lib\site-packages\flask\app.py", line 902, in dispatch_request
    return self.ensure_sync(self.view_functions[rule.endpoint])(**view_args)  # type: ignore[no-any-return]
           ~~~~~~~~~~~~~~~~~~~~~~~~~~~~~~~~~~~~~~~~~~~~~~~~~~~~^^^^^^^^^^^^^
  File "D:\web_sell\app\routes.py", line 13, in home
    return render_template('index.html', products=products)
           ^^^^^^^^^^^^^^^^^^^^^^^^^^^^^
  File "C:\Users\Administrator\AppData\Local\Programs\Python\Python313\Lib\site-packages\flask\templating.py", line 151, in render_template
    return _render(app, template, context)
  File "C:\Users\Administrator\AppData\Local\Programs\Python\Python313\Lib\site-packages\flask\templating.py", line 132, in _render
    rv = template.render(context)
  File "C:\Users\Administrator\AppData\Local\Programs\Python\Python313\Lib\site-packages\jinja2\environment.py", line 1295, in render
    self.environment.handle_exception()
    ~~~~~~~~~~~~~~~~~~~~~~~~~~~~~~~~~^^
  File "C:\Users\Administrator\AppData\Local\Programs\Python\Python313\Lib\site-packages\jinja2\environment.py", line 942, in handle_exception
    raise rewrite_traceback_stack(source=source)
  File "D:\web_sell\app\templates\index.html", line 1, in top-level template code
    {% extends 'base.html' %}
  File "D:\web_sell\app\templates\base.html", line 96, in top-level template code
    {% block content %}
    ^^^^^^^^^^^^^^^^^
  File "D:\web_sell\app\templates\index.html", line 19, in block 'content'
    {% for product in products.items %}
    ^^^^^^^^^^^^^^^^^^^^^
  File "C:\Users\Administrator\AppData\Local\Programs\Python\Python313\Lib\site-packages\jinja2\environment.py", line 490, in getattr
    return getattr(obj, attribute)
jinja2.exceptions.UndefinedError: 'products' is undefined


--- 2026-06-17 14:25:11,926 ---
127.0.0.1 - - [17/Jun/2026 14:25:11] "[32mGET / HTTP/1.1[0m" 302 -

--- 2026-06-17 14:25:11,938 ---
L\u1ed7i \u1edf \u0111\u01b0\u1eddng d\u1eabn: /
Traceback (most recent call last):
  File "C:\Users\Administrator\AppData\Local\Programs\Python\Python313\Lib\site-packages\flask\app.py", line 917, in full_dispatch_request
    rv = self.dispatch_request()
  File "C:\Users\Administrator\AppData\Local\Programs\Python\Python313\Lib\site-packages\flask\app.py", line 902, in dispatch_request
    return self.ensure_sync(self.view_functions[rule.endpoint])(**view_args)  # type: ignore[no-any-return]
           ~~~~~~~~~~~~~~~~~~~~~~~~~~~~~~~~~~~~~~~~~~~~~~~~~~~~^^^^^^^^^^^^^
  File "D:\web_sell\app\routes.py", line 13, in home
    return render_template('index.html', products=products)
           ^^^^^^^^^^^^^^^^^^^^^^^^^^^^^
  File "C:\Users\Administrator\AppData\Local\Programs\Python\Python313\Lib\site-packages\flask\templating.py", line 151, in render_template
    return _render(app, template, context)
  File "C:\Users\Administrator\AppData\Local\Programs\Python\Python313\Lib\site-packages\flask\templating.py", line 132, in _render
    rv = template.render(context)
  File "C:\Users\Administrator\AppData\Local\Programs\Python\Python313\Lib\site-packages\jinja2\environment.py", line 1295, in render
    self.environment.handle_exception()
    ~~~~~~~~~~~~~~~~~~~~~~~~~~~~~~~~~^^
  File "C:\Users\Administrator\AppData\Local\Programs\Python\Python313\Lib\site-packages\jinja2\environment.py", line 942, in handle_exception
    raise rewrite_traceback_stack(source=source)
  File "D:\web_sell\app\templates\index.html", line 1, in top-level template code
    {% extends 'base.html' %}
  File "D:\web_sell\app\templates\base.html", line 96, in top-level template code
    {% block content %}
    ^^^^^^^^^^^^^^^^^
  File "D:\web_sell\app\templates\index.html", line 19, in block 'content'
    {% for product in products.items %}
    ^^^^^^^^^^^^^^^^^^^^^
  File "C:\Users\Administrator\AppData\Local\Programs\Python\Python313\Lib\site-packages\jinja2\environment.py", line 490, in getattr
    return getattr(obj, attribute)
jinja2.exceptions.UndefinedError: 'products' is undefined


--- 2026-06-17 14:25:11,938 ---
127.0.0.1 - - [17/Jun/2026 14:25:11] "[32mGET / HTTP/1.1[0m" 302 -

--- 2026-06-17 14:25:11,949 ---
L\u1ed7i \u1edf \u0111\u01b0\u1eddng d\u1eabn: /
Traceback (most recent call last):
  File "C:\Users\Administrator\AppData\Local\Programs\Python\Python313\Lib\site-packages\flask\app.py", line 917, in full_dispatch_request
    rv = self.dispatch_request()
  File "C:\Users\Administrator\AppData\Local\Programs\Python\Python313\Lib\site-packages\flask\app.py", line 902, in dispatch_request
    return self.ensure_sync(self.view_functions[rule.endpoint])(**view_args)  # type: ignore[no-any-return]
           ~~~~~~~~~~~~~~~~~~~~~~~~~~~~~~~~~~~~~~~~~~~~~~~~~~~~^^^^^^^^^^^^^
  File "D:\web_sell\app\routes.py", line 13, in home
    return render_template('index.html', products=products)
           ^^^^^^^^^^^^^^^^^^^^^^^^^^^^^
  File "C:\Users\Administrator\AppData\Local\Programs\Python\Python313\Lib\site-packages\flask\templating.py", line 151, in render_template
    return _render(app, template, context)
  File "C:\Users\Administrator\AppData\Local\Programs\Python\Python313\Lib\site-packages\flask\templating.py", line 132, in _render
    rv = template.render(context)
  File "C:\Users\Administrator\AppData\Local\Programs\Python\Python313\Lib\site-packages\jinja2\environment.py", line 1295, in render
    self.environment.handle_exception()
    ~~~~~~~~~~~~~~~~~~~~~~~~~~~~~~~~~^^
  File "C:\Users\Administrator\AppData\Local\Programs\Python\Python313\Lib\site-packages\jinja2\environment.py", line 942, in handle_exception
    raise rewrite_traceback_stack(source=source)
  File "D:\web_sell\app\templates\index.html", line 1, in top-level template code
    {% extends 'base.html' %}
  File "D:\web_sell\app\templates\base.html", line 96, in top-level template code
    {% block content %}
    ^^^^^^^^^^^^^^^^^
  File "D:\web_sell\app\templates\index.html", line 19, in block 'content'
    {% for product in products.items %}
    ^^^^^^^^^^^^^^^^^^^^^
  File "C:\Users\Administrator\AppData\Local\Programs\Python\Python313\Lib\site-packages\jinja2\environment.py", line 490, in getattr
    return getattr(obj, attribute)
jinja2.exceptions.UndefinedError: 'products' is undefined


--- 2026-06-17 14:25:11,949 ---
127.0.0.1 - - [17/Jun/2026 14:25:11] "[32mGET / HTTP/1.1[0m" 302 -

--- 2026-06-17 14:25:11,960 ---
L\u1ed7i \u1edf \u0111\u01b0\u1eddng d\u1eabn: /
Traceback (most recent call last):
  File "C:\Users\Administrator\AppData\Local\Programs\Python\Python313\Lib\site-packages\flask\app.py", line 917, in full_dispatch_request
    rv = self.dispatch_request()
  File "C:\Users\Administrator\AppData\Local\Programs\Python\Python313\Lib\site-packages\flask\app.py", line 902, in dispatch_request
    return self.ensure_sync(self.view_functions[rule.endpoint])(**view_args)  # type: ignore[no-any-return]
           ~~~~~~~~~~~~~~~~~~~~~~~~~~~~~~~~~~~~~~~~~~~~~~~~~~~~^^^^^^^^^^^^^
  File "D:\web_sell\app\routes.py", line 13, in home
    return render_template('index.html', products=products)
           ^^^^^^^^^^^^^^^^^^^^^^^^^^^^^
  File "C:\Users\Administrator\AppData\Local\Programs\Python\Python313\Lib\site-packages\flask\templating.py", line 151, in render_template
    return _render(app, template, context)
  File "C:\Users\Administrator\AppData\Local\Programs\Python\Python313\Lib\site-packages\flask\templating.py", line 132, in _render
    rv = template.render(context)
  File "C:\Users\Administrator\AppData\Local\Programs\Python\Python313\Lib\site-packages\jinja2\environment.py", line 1295, in render
    self.environment.handle_exception()
    ~~~~~~~~~~~~~~~~~~~~~~~~~~~~~~~~~^^
  File "C:\Users\Administrator\AppData\Local\Programs\Python\Python313\Lib\site-packages\jinja2\environment.py", line 942, in handle_exception
    raise rewrite_traceback_stack(source=source)
  File "D:\web_sell\app\templates\index.html", line 1, in top-level template code
    {% extends 'base.html' %}
  File "D:\web_sell\app\templates\base.html", line 96, in top-level template code
    {% block content %}
    ^^^^^^^^^^^^^^^^^
  File "D:\web_sell\app\templates\index.html", line 19, in block 'content'
    {% for product in products.items %}
    ^^^^^^^^^^^^^^^^^^^^^
  File "C:\Users\Administrator\AppData\Local\Programs\Python\Python313\Lib\site-packages\jinja2\environment.py", line 490, in getattr
    return getattr(obj, attribute)
jinja2.exceptions.UndefinedError: 'products' is undefined


--- 2026-06-17 14:25:11,960 ---
127.0.0.1 - - [17/Jun/2026 14:25:11] "[32mGET / HTTP/1.1[0m" 302 -

--- 2026-06-17 14:25:11,971 ---
L\u1ed7i \u1edf \u0111\u01b0\u1eddng d\u1eabn: /
Traceback (most recent call last):
  File "C:\Users\Administrator\AppData\Local\Programs\Python\Python313\Lib\site-packages\flask\app.py", line 917, in full_dispatch_request
    rv = self.dispatch_request()
  File "C:\Users\Administrator\AppData\Local\Programs\Python\Python313\Lib\site-packages\flask\app.py", line 902, in dispatch_request
    return self.ensure_sync(self.view_functions[rule.endpoint])(**view_args)  # type: ignore[no-any-return]
           ~~~~~~~~~~~~~~~~~~~~~~~~~~~~~~~~~~~~~~~~~~~~~~~~~~~~^^^^^^^^^^^^^
  File "D:\web_sell\app\routes.py", line 13, in home
    return render_template('index.html', products=products)
           ^^^^^^^^^^^^^^^^^^^^^^^^^^^^^
  File "C:\Users\Administrator\AppData\Local\Programs\Python\Python313\Lib\site-packages\flask\templating.py", line 151, in render_template
    return _render(app, template, context)
  File "C:\Users\Administrator\AppData\Local\Programs\Python\Python313\Lib\site-packages\flask\templating.py", line 132, in _render
    rv = template.render(context)
  File "C:\Users\Administrator\AppData\Local\Programs\Python\Python313\Lib\site-packages\jinja2\environment.py", line 1295, in render
    self.environment.handle_exception()
    ~~~~~~~~~~~~~~~~~~~~~~~~~~~~~~~~~^^
  File "C:\Users\Administrator\AppData\Local\Programs\Python\Python313\Lib\site-packages\jinja2\environment.py", line 942, in handle_exception
    raise rewrite_traceback_stack(source=source)
  File "D:\web_sell\app\templates\index.html", line 1, in top-level template code
    {% extends 'base.html' %}
  File "D:\web_sell\app\templates\base.html", line 96, in top-level template code
    {% block content %}
    ^^^^^^^^^^^^^^^^^
  File "D:\web_sell\app\templates\index.html", line 19, in block 'content'
    {% for product in products.items %}
    ^^^^^^^^^^^^^^^^^^^^^
  File "C:\Users\Administrator\AppData\Local\Programs\Python\Python313\Lib\site-packages\jinja2\environment.py", line 490, in getattr
    return getattr(obj, attribute)
jinja2.exceptions.UndefinedError: 'products' is undefined


--- 2026-06-17 14:25:11,971 ---
127.0.0.1 - - [17/Jun/2026 14:25:11] "[32mGET / HTTP/1.1[0m" 302 -

--- 2026-06-17 14:25:11,982 ---
L\u1ed7i \u1edf \u0111\u01b0\u1eddng d\u1eabn: /
Traceback (most recent call last):
  File "C:\Users\Administrator\AppData\Local\Programs\Python\Python313\Lib\site-packages\flask\app.py", line 917, in full_dispatch_request
    rv = self.dispatch_request()
  File "C:\Users\Administrator\AppData\Local\Programs\Python\Python313\Lib\site-packages\flask\app.py", line 902, in dispatch_request
    return self.ensure_sync(self.view_functions[rule.endpoint])(**view_args)  # type: ignore[no-any-return]
           ~~~~~~~~~~~~~~~~~~~~~~~~~~~~~~~~~~~~~~~~~~~~~~~~~~~~^^^^^^^^^^^^^
  File "D:\web_sell\app\routes.py", line 13, in home
    return render_template('index.html', products=products)
           ^^^^^^^^^^^^^^^^^^^^^^^^^^^^^
  File "C:\Users\Administrator\AppData\Local\Programs\Python\Python313\Lib\site-packages\flask\templating.py", line 151, in render_template
    return _render(app, template, context)
  File "C:\Users\Administrator\AppData\Local\Programs\Python\Python313\Lib\site-packages\flask\templating.py", line 132, in _render
    rv = template.render(context)
  File "C:\Users\Administrator\AppData\Local\Programs\Python\Python313\Lib\site-packages\jinja2\environment.py", line 1295, in render
    self.environment.handle_exception()
    ~~~~~~~~~~~~~~~~~~~~~~~~~~~~~~~~~^^
  File "C:\Users\Administrator\AppData\Local\Programs\Python\Python313\Lib\site-packages\jinja2\environment.py", line 942, in handle_exception
    raise rewrite_traceback_stack(source=source)
  File "D:\web_sell\app\templates\index.html", line 1, in top-level template code
    {% extends 'base.html' %}
  File "D:\web_sell\app\templates\base.html", line 96, in top-level template code
    {% block content %}
    ^^^^^^^^^^^^^^^^^
  File "D:\web_sell\app\templates\index.html", line 19, in block 'content'
    {% for product in products.items %}
    ^^^^^^^^^^^^^^^^^^^^^
  File "C:\Users\Administrator\AppData\Local\Programs\Python\Python313\Lib\site-packages\jinja2\environment.py", line 490, in getattr
    return getattr(obj, attribute)
jinja2.exceptions.UndefinedError: 'products' is undefined


--- 2026-06-17 14:25:11,983 ---
127.0.0.1 - - [17/Jun/2026 14:25:11] "[32mGET / HTTP/1.1[0m" 302 -

--- 2026-06-17 14:25:11,993 ---
L\u1ed7i \u1edf \u0111\u01b0\u1eddng d\u1eabn: /
Traceback (most recent call last):
  File "C:\Users\Administrator\AppData\Local\Programs\Python\Python313\Lib\site-packages\flask\app.py", line 917, in full_dispatch_request
    rv = self.dispatch_request()
  File "C:\Users\Administrator\AppData\Local\Programs\Python\Python313\Lib\site-packages\flask\app.py", line 902, in dispatch_request
    return self.ensure_sync(self.view_functions[rule.endpoint])(**view_args)  # type: ignore[no-any-return]
           ~~~~~~~~~~~~~~~~~~~~~~~~~~~~~~~~~~~~~~~~~~~~~~~~~~~~^^^^^^^^^^^^^
  File "D:\web_sell\app\routes.py", line 13, in home
    return render_template('index.html', products=products)
           ^^^^^^^^^^^^^^^^^^^^^^^^^^^^^
  File "C:\Users\Administrator\AppData\Local\Programs\Python\Python313\Lib\site-packages\flask\templating.py", line 151, in render_template
    return _render(app, template, context)
  File "C:\Users\Administrator\AppData\Local\Programs\Python\Python313\Lib\site-packages\flask\templating.py", line 132, in _render
    rv = template.render(context)
  File "C:\Users\Administrator\AppData\Local\Programs\Python\Python313\Lib\site-packages\jinja2\environment.py", line 1295, in render
    self.environment.handle_exception()
    ~~~~~~~~~~~~~~~~~~~~~~~~~~~~~~~~~^^
  File "C:\Users\Administrator\AppData\Local\Programs\Python\Python313\Lib\site-packages\jinja2\environment.py", line 942, in handle_exception
    raise rewrite_traceback_stack(source=source)
  File "D:\web_sell\app\templates\index.html", line 1, in top-level template code
    {% extends 'base.html' %}
  File "D:\web_sell\app\templates\base.html", line 96, in top-level template code
    {% block content %}
    ^^^^^^^^^^^^^^^^^
  File "D:\web_sell\app\templates\index.html", line 19, in block 'content'
    {% for product in products.items %}
    ^^^^^^^^^^^^^^^^^^^^^
  File "C:\Users\Administrator\AppData\Local\Programs\Python\Python313\Lib\site-packages\jinja2\environment.py", line 490, in getattr
    return getattr(obj, attribute)
jinja2.exceptions.UndefinedError: 'products' is undefined


--- 2026-06-17 14:25:11,994 ---
127.0.0.1 - - [17/Jun/2026 14:25:11] "[32mGET / HTTP/1.1[0m" 302 -

--- 2026-06-17 16:19:43,409 ---
L\u1ed7i \u1edf \u0111\u01b0\u1eddng d\u1eabn: /cart
Traceback (most recent call last):
  File "C:\Users\Administrator\AppData\Local\Programs\Python\Python313\Lib\site-packages\sqlalchemy\engine\result.py", line 211, in _key_not_found
    self._key_fallback(key, None)
    ~~~~~~~~~~~~~~~~~~^^^^^^^^^^^
  File "C:\Users\Administrator\AppData\Local\Programs\Python\Python313\Lib\site-packages\sqlalchemy\engine\result.py", line 150, in _key_fallback
    raise KeyError(key) from err
KeyError: 'quantity'

The above exception was the direct cause of the following exception:

Traceback (most recent call last):
  File "C:\Users\Administrator\AppData\Local\Programs\Python\Python313\Lib\site-packages\flask\app.py", line 917, in full_dispatch_request
    rv = self.dispatch_request()
  File "C:\Users\Administrator\AppData\Local\Programs\Python\Python313\Lib\site-packages\flask\app.py", line 902, in dispatch_request
    return self.ensure_sync(self.view_functions[rule.endpoint])(**view_args)  # type: ignore[no-any-return]
           ~~~~~~~~~~~~~~~~~~~~~~~~~~~~~~~~~~~~~~~~~~~~~~~~~~~~^^^^^^^^^^^^^
  File "D:\web_sell\app\routes.py", line 124, in cart
    total_quantity = sum(item.quantity for item in cart_items)
  File "D:\web_sell\app\routes.py", line 124, in <genexpr>
    total_quantity = sum(item.quantity for item in cart_items)
                         ^^^^^^^^^^^^^
  File "lib/sqlalchemy/cyextension/resultproxy.pyx", line 66, in sqlalchemy.cyextension.resultproxy.BaseRow.__getattr__
  File "lib/sqlalchemy/cyextension/resultproxy.pyx", line 63, in sqlalchemy.cyextension.resultproxy.BaseRow._get_by_key_impl
  File "C:\Users\Administrator\AppData\Local\Programs\Python\Python313\Lib\site-packages\sqlalchemy\engine\result.py", line 213, in _key_not_found
    raise AttributeError(ke.args[0]) from ke
AttributeError: quantity


--- 2026-06-17 16:19:43,429 ---
127.0.0.1 - - [17/Jun/2026 16:19:43] "[35m[1mGET /cart HTTP/1.1[0m" 500 -

--- 2026-06-17 16:19:43,469 ---
127.0.0.1 - - [17/Jun/2026 16:19:43] "GET /cart?__debugger__=yes&cmd=resource&f=style.css HTTP/1.1" 200 -

--- 2026-06-17 16:19:43,469 ---
127.0.0.1 - - [17/Jun/2026 16:19:43] "GET /cart?__debugger__=yes&cmd=resource&f=debugger.js HTTP/1.1" 200 -

--- 2026-06-17 16:19:43,495 ---
127.0.0.1 - - [17/Jun/2026 16:19:43] "GET /cart?__debugger__=yes&cmd=resource&f=console.png HTTP/1.1" 200 -

--- 2026-06-17 16:19:43,498 ---
127.0.0.1 - - [17/Jun/2026 16:19:43] "GET /cart?__debugger__=yes&cmd=resource&f=console.png&s=MhVAy9SG3gWLfuKffBsg HTTP/1.1" 200 -

--- 2026-06-17 16:19:51,502 ---
 * To enable the debugger you need to enter the security pin:

--- 2026-06-17 16:19:51,502 ---
 * Debugger pin code: 416-047-579

--- 2026-06-17 16:19:51,502 ---
127.0.0.1 - - [17/Jun/2026 16:19:51] "GET /cart?__debugger__=yes&cmd=printpin&s=MhVAy9SG3gWLfuKffBsg HTTP/1.1" 200 -

--- 2026-06-17 16:20:01,761 ---
127.0.0.1 - - [17/Jun/2026 16:20:01] "GET / HTTP/1.1" 200 -

--- 2026-06-17 16:20:01,811 ---
127.0.0.1 - - [17/Jun/2026 16:20:01] "[36mGET /static/css/style.css HTTP/1.1[0m" 304 -

--- 2026-06-17 16:20:01,813 ---
127.0.0.1 - - [17/Jun/2026 16:20:01] "[36mGET /static/js/main.js HTTP/1.1[0m" 304 -

--- 2026-06-17 16:20:01,853 ---
127.0.0.1 - - [17/Jun/2026 16:20:01] "[36mGET /static/uploads/product_12.jpg HTTP/1.1[0m" 304 -

--- 2026-06-17 16:20:01,855 ---
127.0.0.1 - - [17/Jun/2026 16:20:01] "[36mGET /static/uploads/product_11.jpg HTTP/1.1[0m" 304 -

--- 2026-06-17 16:20:01,869 ---
127.0.0.1 - - [17/Jun/2026 16:20:01] "[36mGET /static/uploads/product_9.jpg HTTP/1.1[0m" 304 -

--- 2026-06-17 16:20:01,872 ---
127.0.0.1 - - [17/Jun/2026 16:20:01] "[36mGET /static/uploads/product_10.jpg HTTP/1.1[0m" 304 -

--- 2026-06-17 16:20:01,874 ---
127.0.0.1 - - [17/Jun/2026 16:20:01] "[36mGET /static/uploads/product_15.jpg HTTP/1.1[0m" 304 -

--- 2026-06-17 16:20:01,882 ---
127.0.0.1 - - [17/Jun/2026 16:20:01] "[36mGET /static/uploads/product_13.jpg HTTP/1.1[0m" 304 -

--- 2026-06-17 16:20:01,891 ---
127.0.0.1 - - [17/Jun/2026 16:20:01] "GET /api/cart/count HTTP/1.1" 200 -

--- 2026-06-17 16:20:08,519 ---
L\u1ed7i \u1edf \u0111\u01b0\u1eddng d\u1eabn: /cart
Traceback (most recent call last):
  File "C:\Users\Administrator\AppData\Local\Programs\Python\Python313\Lib\site-packages\sqlalchemy\engine\result.py", line 211, in _key_not_found
    self._key_fallback(key, None)
    ~~~~~~~~~~~~~~~~~~^^^^^^^^^^^
  File "C:\Users\Administrator\AppData\Local\Programs\Python\Python313\Lib\site-packages\sqlalchemy\engine\result.py", line 150, in _key_fallback
    raise KeyError(key) from err
KeyError: 'quantity'

The above exception was the direct cause of the following exception:

Traceback (most recent call last):
  File "C:\Users\Administrator\AppData\Local\Programs\Python\Python313\Lib\site-packages\flask\app.py", line 917, in full_dispatch_request
    rv = self.dispatch_request()
  File "C:\Users\Administrator\AppData\Local\Programs\Python\Python313\Lib\site-packages\flask\app.py", line 902, in dispatch_request
    return self.ensure_sync(self.view_functions[rule.endpoint])(**view_args)  # type: ignore[no-any-return]
           ~~~~~~~~~~~~~~~~~~~~~~~~~~~~~~~~~~~~~~~~~~~~~~~~~~~~^^^^^^^^^^^^^
  File "D:\web_sell\app\routes.py", line 124, in cart
    total_quantity = sum(item.quantity for item in cart_items)
  File "D:\web_sell\app\routes.py", line 124, in <genexpr>
    total_quantity = sum(item.quantity for item in cart_items)
                         ^^^^^^^^^^^^^
  File "lib/sqlalchemy/cyextension/resultproxy.pyx", line 66, in sqlalchemy.cyextension.resultproxy.BaseRow.__getattr__
  File "lib/sqlalchemy/cyextension/resultproxy.pyx", line 63, in sqlalchemy.cyextension.resultproxy.BaseRow._get_by_key_impl
  File "C:\Users\Administrator\AppData\Local\Programs\Python\Python313\Lib\site-packages\sqlalchemy\engine\result.py", line 213, in _key_not_found
    raise AttributeError(ke.args[0]) from ke
AttributeError: quantity


--- 2026-06-17 16:20:08,536 ---
127.0.0.1 - - [17/Jun/2026 16:20:08] "[35m[1mGET /cart HTTP/1.1[0m" 500 -

--- 2026-06-17 16:20:08,574 ---
127.0.0.1 - - [17/Jun/2026 16:20:08] "[36mGET /cart?__debugger__=yes&cmd=resource&f=debugger.js HTTP/1.1[0m" 304 -

--- 2026-06-17 16:20:08,581 ---
127.0.0.1 - - [17/Jun/2026 16:20:08] "[36mGET /cart?__debugger__=yes&cmd=resource&f=style.css HTTP/1.1[0m" 304 -

--- 2026-06-17 16:20:08,629 ---
127.0.0.1 - - [17/Jun/2026 16:20:08] "[36mGET /cart?__debugger__=yes&cmd=resource&f=console.png&s=MhVAy9SG3gWLfuKffBsg HTTP/1.1[0m" 304 -

--- 2026-06-17 16:20:19,400 ---
 * Detected change in 'D:\\web_sell\\app\\routes.py', reloading
